Season,Division,Championship,Phase,Day,Match No,DMY,Time,Spettatori,Incasso,Casa/Ospite,Team,Club,Set Won,Set Lost,Set1_Point_Won_Part1,Set1_Point_Won_Part2,Set1_Point_Won_Part3,Set1_Point_Won,Set1_Point_Lost_Part1,Set1_Point_Lost_Part2,Set1_Point_Lost_Part3,Set1_Point_Lost,Set2_Point_Won_Part1,Set2_Point_Won_Part2,Set2_Point_Won_Part3,Set2_Point_Won,Set2_Point_Lost_Part1,Set2_Point_Lost_Part2,Set2_Point_Lost_Part3,Set2_Point_Lost,Set3_Point_Won_Part1,Set3_Point_Won_Part2,Set3_Point_Won_Part3,Set3_Point_Won,Set3_Point_Lost_Part1,Set3_Point_Lost_Part2,Set3_Point_Lost_Part3,Set3_Point_Lost,Set4_Point_Won_Part1,Set4_Point_Won_Part2,Set4_Point_Won_Part3,Set4_Point_Won,Set4_Point_Lost_Part1,Set4_Point_Lost_Part2,Set4_Point_Lost_Part3,Set4_Point_Lost,Set5_Point_Won_Part1,Set5_Point_Won_Part2,Set5_Point_Won_Part3,Set5_Point_Won,Set5_Point_Lost_Part1,Set5_Point_Lost_Part2,Set5_Point_Lost_Part3,Set5_Point_Lost,Point_Tot,Point_BP,Point_VP,Service_N,Service_Err,Service_Pt,Reception_N,Reception_Err,Reception_Pos%,Reception_Prf%,Spike_N,Spike_Err,Spike_Blocked,Spike_Pt,Spike_Pt%,Block_Invasion,Block_Pt,,,,,
2025/2026,SuperLega,Regular_Season,1st,1,1,20/10/2025 ,20:30 ,3.052 ,€ 31.519 ,C,Cucine Lube Civitanova ,Lube,3,1,8,5,16,12,21,14,25,15,8,5,16,11,21,13,25,16,6,8,12,16,18,21,23,25,8,4,16,12,21,17,25,23,-,-,-,-,-,-,-,-,73,32,16,97,28,12,61,3,0.52,0.33,90,4,7,55,0.61,-,6,,,,Abba Pineto ,Pineto
2025/2026,SuperLega,Regular_Season,1st,1,1,20/10/2025 ,20:30 ,3.052 ,€ 31.519 ,O,Yuasa Battery Grottazzolina ,Grottazzolina,1,3,5,8,12,16,14,21,15,25,5,8,11,16,13,21,16,25,8,6,16,12,21,18,25,23,4,8,12,16,17,21,23,25,-,-,-,-,-,-,-,-,45,16,-19,80,19,3,69,14,0.3,0.17,79,6,6,35,0.44,-,7,,,,Allianz Milano ,Milano
2025/2026,SuperLega,Regular_Season,1st,1,2,20/10/2025 ,20:30 ,3.292 ,€ 20.514 ,C,Rana Verona ,Verona,3,1,8,7,16,13,21,17,25,22,4,8,10,16,14,21,16,25,8,6,16,13,21,20,29,27,8,7,14,16,21,17,25,20,-,-,-,-,-,-,-,-,71,23,9,94,18,8,79,10,0.41,0.16,94,3,7,55,0.59,-,8,,,,Alva Inox 2 Emme Service Porto Viro ,Porto Viro
2025/2026,SuperLega,Regular_Season,1st,1,2,20/10/2025 ,20:30 ,3.292 ,€ 20.514 ,O,Gas Sales Bluenergy Piacenza ,Piacenza,1,3,7,8,13,16,17,21,22,25,8,4,16,10,21,14,25,16,6,8,13,16,20,21,27,29,7,8,16,14,17,21,20,25,-,-,-,-,-,-,-,-,70,27,10,95,16,8,76,10,0.32,0.16,91,3,8,55,0.6,-,7,,,,Aurispa DFV Lecce ,Alessano Lecce
2025/2026,SuperLega,Regular_Season,1st,1,3,20/10/2025 ,20:00 ,2.913 ,€ 18.130 ,C,Allianz Milano ,Milano,3,2,0,0,0,0,0,0,23,25,3,8,11,16,13,21,17,25,8,3,16,13,20,21,25,22,8,7,16,15,19,21,37,35,3,5,0,0,0,0,15,11,74,33,8,116,16,10,86,6,0.48,0.26,119,4,16,54,0.45,-,10,,,,Avimecc Modica ,Modica
2025/2026,SuperLega,Regular_Season,1st,1,3,20/10/2025 ,20:00 ,2.913 ,€ 18.130 ,O,Valsa Group Modena ,Modena,2,3,0,0,0,0,0,0,25,23,8,3,16,11,21,13,25,17,3,8,13,16,21,20,22,25,7,8,15,16,21,19,35,37,5,3,0,0,0,0,11,15,97,36,12,118,32,5,100,10,0.5,0.22,141,8,10,76,0.54,-,16,,,,Banca Macerata Fisiomed MC ,Macerata
2025/2026,SuperLega,Regular_Season,1st,1,4,21/10/2025 ,20:30 ,2.249 ,€ 23.382 ,C,Cisterna Volley ,Cisterna,0,3,4,8,10,16,14,21,21,25,6,8,13,16,15,21,18,25,6,8,12,16,16,21,19,25,-,-,-,-,-,-,-,-,-,-,-,-,-,-,-,-,36,4,-3,59,15,3,56,6,0.36,0.18,64,7,5,32,0.5,-,1,,,,BCC Tecbus Castellana Grotte ,Castellana Grotte New Mater
2025/2026,SuperLega,Regular_Season,1st,1,4,21/10/2025 ,20:30 ,2.249 ,€ 23.382 ,O,Itas Trentino ,Trento ,3,0,8,4,16,10,21,14,25,21,8,6,16,13,21,15,25,18,8,6,16,12,21,16,25,19,-,-,-,-,-,-,-,-,-,-,-,-,-,-,-,-,53,18,11,74,18,6,44,3,0.5,0.2,60,3,1,42,0.7,-,5,,,,Belluno Volley ,Belluno
2025/2026,SuperLega,Regular_Season,1st,1,5,20/10/2025 ,20:30 ,2.262 ,€ 9.264 ,C,Sonepar Padova ,Padova,3,2,7,8,16,15,19,21,26,24,6,8,14,16,17,21,21,25,8,4,15,16,21,19,25,22,6,8,11,16,14,21,20,25,5,2,0,0,0,0,15,13,69,20,-11,106,25,5,85,8,0.65,0.31,113,8,8,55,0.49,-,9,,,,Campi Reali Cantù ,Cantù
2025/2026,SuperLega,Regular_Season,1st,1,5,20/10/2025 ,20:30 ,2.262 ,€ 9.264 ,O,MA Acqua S.Bernardo Cuneo ,Cuneo,2,3,8,7,15,16,21,19,24,26,8,6,16,14,21,17,25,21,4,8,16,15,19,21,22,25,8,6,16,11,21,14,25,20,2,5,0,0,0,0,13,15,76,26,2,110,25,7,81,6,0.57,0.2,116,9,9,61,0.53,-,8,,,,Cisterna Volley ,Cisterna
2025/2026,SuperLega,Regular_Season,1st,1,6,21/10/2025 ,20:30 ,3.091 ,€ 33.719 ,C,Vero Volley Monza ,Monza,1,3,8,5,16,11,21,16,25,22,2,8,7,16,13,21,16,25,7,8,16,15,21,20,23,25,7,8,11,16,15,21,19,25,-,-,-,-,-,-,-,-,60,17,-3,84,18,2,78,5,0.53,0.22,97,3,10,53,0.55,-,5,,,,Conad Reggio Emilia ,Reggio Emilia
2025/2026,SuperLega,Regular_Season,1st,1,6,21/10/2025 ,20:30 ,3.091 ,€ 33.719 ,O,Sir Susa Scai Perugia ,Perugia,3,1,5,8,11,16,16,21,22,25,8,2,16,7,21,13,25,16,8,7,15,16,20,21,25,23,8,7,16,11,21,15,25,19,-,-,-,-,-,-,-,-,74,28,21,96,18,4,66,2,0.55,0.23,98,4,5,60,0.61,-,10,,,,Consar Ravenna ,Ravenna
2025/2026,SuperLega,Regular_Season,1st,2,7,26/10/2025 ,16:00 ,3.643 ,€ 29.222 ,C,Itas Trentino ,Trento ,3,0,8,4,16,12,21,19,25,21,8,5,16,12,21,17,25,21,8,6,16,12,21,16,28,26,-,-,-,-,-,-,-,-,-,-,-,-,-,-,-,-,60,20,12,76,19,5,56,3,0.55,0.09,91,7,6,49,0.54,-,6,,,,Cucine Lube Civitanova ,Lube
2025/2026,SuperLega,Regular_Season,1st,2,7,26/10/2025 ,16:00 ,3.643 ,€ 29.222 ,O,Sonepar Padova ,Padova,0,3,4,8,12,16,19,21,21,25,5,8,12,16,17,21,21,25,6,8,12,16,16,21,26,28,-,-,-,-,-,-,-,-,-,-,-,-,-,-,-,-,42,11,3,70,14,3,57,6,0.42,0.14,84,4,6,33,0.39,-,6,,,,CUS Cagliari ,Cagliari Cus
2025/2026,SuperLega,Regular_Season,1st,2,8,26/10/2025 ,20:30 ,5.229 ,€ 54.427 ,C,Sir Susa Scai Perugia ,Perugia,3,2,8,7,16,12,21,12,25,15,8,6,14,16,18,21,22,25,8,6,16,11,21,18,25,20,8,6,16,13,20,21,23,25,4,5,0,0,0,0,15,11,78,35,8,109,21,3,71,12,0.37,0.23,113,7,7,62,0.55,-,13,,,,Domotek Reggio Calabria ,Reggio Calabria
2025/2026,SuperLega,Regular_Season,1st,2,8,26/10/2025 ,20:30 ,5.229 ,€ 54.427 ,O,Cucine Lube Civitanova ,Lube,2,3,7,8,12,16,12,21,15,25,6,8,16,14,21,18,25,22,6,8,11,16,18,21,20,25,6,8,13,16,21,20,25,23,5,4,0,0,0,0,11,15,67,22,-7,97,26,10,88,7,0.44,0.28,115,6,13,50,0.43,-,7,,,,Emma Villas Codyeco Lupi Siena ,Siena
2025/2026,SuperLega,Regular_Season,1st,2,9,26/10/2025 ,18:00 ,2.704 ,€ 21.599 ,C,Gas Sales Bluenergy Piacenza ,Piacenza,3,1,7,8,16,14,21,20,28,26,5,8,11,16,13,21,14,25,8,4,16,10,21,13,25,17,8,6,16,13,21,16,25,18,-,-,-,-,-,-,-,-,71,24,12,91,14,5,70,7,0.57,0.16,98,10,3,57,0.58,-,9,,,,EnergyTime Campobasso ,Campobasso
2025/2026,SuperLega,Regular_Season,1st,2,9,26/10/2025 ,18:00 ,2.704 ,€ 21.599 ,O,Allianz Milano ,Milano,1,3,8,7,14,16,20,21,26,28,8,5,16,11,21,13,25,14,4,8,10,16,13,21,17,25,6,8,13,16,16,21,18,25,-,-,-,-,-,-,-,-,59,14,4,87,17,6,77,5,0.4,0.13,104,3,9,50,0.48,-,3,,,,ErmGroup Altotevere San Giustino ,San Giustino Pallavolo
2025/2026,SuperLega,Regular_Season,1st,2,10,26/10/2025 ,19:00 ,2.861 ,€ 29.521 ,C,Valsa Group Modena ,Modena,3,0,8,6,16,14,21,16,25,19,8,5,16,10,21,15,25,17,8,7,12,16,17,21,26,24,-,-,-,-,-,-,-,-,-,-,-,-,-,-,-,-,60,28,22,75,12,9,50,3,0.52,0.32,75,3,6,44,0.59,-,7,,,,Essence Hotels Fano ,Fano
2025/2026,SuperLega,Regular_Season,1st,2,10,26/10/2025 ,19:00 ,2.861 ,€ 29.521 ,O,Vero Volley Monza ,Monza,0,3,6,8,14,16,16,21,19,25,5,8,10,16,15,21,17,25,7,8,16,12,21,17,24,26,-,-,-,-,-,-,-,-,-,-,-,-,-,-,-,-,44,16,-8,61,11,3,63,10,0.44,0.25,76,4,7,35,0.46,-,6,,,,Gabbiano FarmaMed Mantova ,Mantova Top Team
2025/2026,SuperLega,Regular_Season,1st,2,11,25/10/2025 ,18:00 ,1.799 ,€ 12.918 ,C,Yuasa Battery Grottazzolina ,Grottazzolina,0,3,5,8,12,16,20,21,21,25,6,8,10,16,15,21,17,25,4,8,12,16,18,21,20,25,-,-,-,-,-,-,-,-,-,-,-,-,-,-,-,-,34,11,-18,60,14,4,54,13,0.39,0.19,51,2,9,27,0.53,-,3,,,,Gaia Energy Napoli ,Napoli
2025/2026,SuperLega,Regular_Season,1st,2,11,25/10/2025 ,18:00 ,1.799 ,€ 12.918 ,O,Rana Verona ,Verona,3,0,8,5,16,12,21,20,25,21,8,6,16,10,21,15,25,17,8,4,16,12,21,18,25,20,-,-,-,-,-,-,-,-,-,-,-,-,-,-,-,-,57,28,11,73,19,11,46,4,0.39,0.24,57,4,3,37,0.65,-,9,,,,Gas Sales Bluenergy Piacenza ,Piacenza
2025/2026,SuperLega,Regular_Season,1st,2,12,26/10/2025 ,18:00 ,3.411 ,€ 34.286 ,C,MA Acqua S.Bernardo Cuneo ,Cuneo,3,0,8,5,16,13,21,15,25,19,8,5,16,10,21,13,25,18,7,8,16,14,21,16,25,19,-,-,-,-,-,-,-,-,-,-,-,-,-,-,-,-,49,22,14,74,14,6,38,5,0.47,0.34,59,6,2,36,0.61,-,7,,,,Green Volley Galatone ,Galatone
2025/2026,SuperLega,Regular_Season,1st,2,12,26/10/2025 ,18:00 ,3.411 ,€ 34.286 ,O,Cisterna Volley ,Cisterna,0,3,5,8,13,16,15,21,19,25,5,8,10,16,13,21,18,25,8,7,14,16,16,21,19,25,-,-,-,-,-,-,-,-,-,-,-,-,-,-,-,-,36,8,-12,57,19,4,60,7,0.55,0.25,75,6,7,30,0.4,-,2,,,,Gruppo Consoli Sferc Brescia ,Brescia Atlantide
2025/2026,SuperLega,Regular_Season,1st,3,13,29/10/2025 ,20:30 ,3.484 ,€ 22.302 ,C,Sir Susa Scai Perugia ,Perugia,3,0,8,5,16,8,21,10,25,15,8,7,16,13,21,15,25,16,8,6,16,12,21,19,25,21,-,-,-,-,-,-,-,-,-,-,-,-,-,-,-,-,54,26,22,73,11,11,38,-,0.5,0.21,60,3,5,36,0.6,-,7,,,,Itas Trentino ,Trento 
2025/2026,SuperLega,Regular_Season,1st,3,13,29/10/2025 ,20:30 ,3.484 ,€ 22.302 ,O,Sonepar Padova ,Padova,0,3,5,8,8,16,10,21,15,25,7,8,13,16,15,21,16,25,6,8,12,16,19,21,21,25,-,-,-,-,-,-,-,-,-,-,-,-,-,-,-,-,37,6,-15,54,16,-,62,12,0.37,0.21,68,4,7,32,0.47,-,5,,,,JV Gioia Del Colle ,Gioia Del Colle 
2025/2026,SuperLega,Regular_Season,1st,3,14,29/10/2025 ,20:30 ,3.289 ,€ 36.431 ,C,Cucine Lube Civitanova ,Lube,3,1,8,4,16,11,21,18,25,23,7,8,16,14,21,18,25,23,7,8,15,16,20,21,22,25,8,7,15,16,20,21,25,22,-,-,-,-,-,-,-,-,71,22,7,96,26,8,78,9,0.45,0.26,108,7,4,57,0.53,-,6,,,,MA Acqua S.Bernardo Cuneo ,Cuneo
2025/2026,SuperLega,Regular_Season,1st,3,14,29/10/2025 ,20:30 ,3.289 ,€ 36.431 ,O,Itas Trentino ,Trento ,1,3,4,8,11,16,18,21,23,25,8,7,14,16,18,21,23,25,8,7,16,15,21,20,25,22,7,8,16,15,21,20,22,25,-,-,-,-,-,-,-,-,60,20,-6,94,16,7,70,8,0.3,0.14,95,8,6,49,0.52,-,4,,,,Monge Gerbaudo Savigliano ,Savigliano 
2025/2026,SuperLega,Regular_Season,1st,3,15,30/10/2025 ,20:30 ,3.374 ,€ 17.171 ,C,Rana Verona ,Verona,3,0,4,8,13,16,21,20,25,22,8,6,15,16,19,21,25,22,8,3,16,10,21,15,25,20,-,-,-,-,-,-,-,-,-,-,-,-,-,-,-,-,57,20,9,74,25,5,53,2,0.53,0.17,72,4,7,44,0.61,-,8,,,,Negrini CTE Acqui Terme ,Acqui Terme
2025/2026,SuperLega,Regular_Season,1st,3,15,30/10/2025 ,20:30 ,3.374 ,€ 17.171 ,O,Allianz Milano ,Milano,0,3,8,4,16,13,20,21,22,25,6,8,16,15,21,19,22,25,3,8,10,16,15,21,20,25,-,-,-,-,-,-,-,-,-,-,-,-,-,-,-,-,35,12,-11,65,12,2,49,6,0.39,0.18,59,4,8,26,0.44,-,7,,,,Personal Time San Donà di Piave ,San Donà di Piave
2025/2026,SuperLega,Regular_Season,1st,3,16,29/10/2025 ,20:30 ,1.900 ,€ 12.537 ,C,Gas Sales Bluenergy Piacenza ,Piacenza,1,3,8,5,15,16,21,20,23,25,4,8,10,16,15,21,17,25,6,8,14,16,19,21,25,23,4,8,13,16,20,21,23,25,-,-,-,-,-,-,-,-,59,23,-18,89,22,7,78,9,0.27,0.08,107,8,12,45,0.42,-,7,,,,Prisma La Cascina Taranto ,Taranto
2025/2026,SuperLega,Regular_Season,1st,3,16,29/10/2025 ,20:30 ,1.900 ,€ 12.537 ,O,Valsa Group Modena ,Modena,3,1,5,8,16,15,20,21,25,23,8,4,16,10,21,15,25,17,8,6,16,14,21,19,23,25,8,4,16,13,21,20,25,23,-,-,-,-,-,-,-,-,66,30,6,97,19,8,67,7,0.37,0.12,98,10,7,46,0.47,-,12,,,,Rana Verona ,Verona
2025/2026,SuperLega,Regular_Season,1st,3,17,29/10/2025 ,20:30 ,1.061 ,€ 4.502 ,C,Cisterna Volley ,Cisterna,3,2,8,7,16,13,21,19,25,22,5,8,11,16,17,21,22,25,8,6,15,16,21,18,25,21,4,8,13,16,17,21,22,25,2,5,0,0,0,0,15,13,78,26,9,109,28,11,85,2,0.58,0.28,116,9,8,55,0.47,-,12,,,,Rinascita Lagonegro ,Lagonegro
2025/2026,SuperLega,Regular_Season,1st,3,17,29/10/2025 ,20:30 ,1.061 ,€ 4.502 ,O,Yuasa Battery Grottazzolina ,Grottazzolina,2,3,7,8,13,16,19,21,22,25,8,5,16,11,21,17,25,22,6,8,16,15,18,21,21,25,8,4,16,13,21,17,25,22,5,2,0,0,0,0,13,15,65,17,-,107,22,2,81,11,0.41,0.28,107,6,12,55,0.51,-,8,,,,Romeo Sorrento ,Massa Lubrense
2025/2026,SuperLega,Regular_Season,1st,3,18,29/10/2025 ,20:30 ,1.861 ,€ 10.663 ,C,Vero Volley Monza ,Monza,3,1,8,6,16,15,18,21,22,25,6,8,16,13,21,18,25,20,5,8,16,12,21,15,25,22,7,8,15,16,20,21,27,25,-,-,-,-,-,-,-,-,59,23,-1,98,21,5,66,6,0.59,0.32,98,8,8,46,0.47,-,8,,,,Sarlux Sarroch ,Sarroch
2025/2026,SuperLega,Regular_Season,1st,3,18,29/10/2025 ,20:30 ,1.861 ,€ 10.663 ,O,MA Acqua S.Bernardo Cuneo ,Cuneo,1,3,6,8,15,16,21,18,25,22,8,6,13,16,18,21,20,25,8,5,12,16,15,21,22,25,8,7,16,15,21,20,25,27,-,-,-,-,-,-,-,-,61,19,-14,93,27,5,77,6,0.47,0.25,99,12,8,48,0.48,-,8,,,,Sav Trebaseleghe ,Trebaseleghe
2025/2026,SuperLega,Regular_Season,1st,4,19,2/11/2025 ,18:00 ,2.369 ,€ 21.178 ,C,Cucine Lube Civitanova ,Lube,3,1,5,8,16,13,21,14,25,17,6,8,16,15,21,19,25,22,5,8,11,16,17,21,23,25,8,4,16,12,21,17,25,21,-,-,-,-,-,-,-,-,67,28,5,97,27,6,61,8,0.44,0.2,92,7,6,51,0.55,-,10,,,,Sir Susa Scai Perugia ,Perugia
2025/2026,SuperLega,Regular_Season,1st,4,19,2/11/2025 ,18:00 ,2.369 ,€ 21.178 ,O,Cisterna Volley ,Cisterna,1,3,8,5,13,16,14,21,17,25,8,6,15,16,19,21,22,25,8,5,16,11,21,17,25,23,4,8,12,16,17,21,21,25,-,-,-,-,-,-,-,-,49,18,-11,86,25,6,70,7,0.4,0.23,87,5,10,37,0.43,-,6,,,,Sonepar Padova ,Padova
2025/2026,SuperLega,Regular_Season,1st,4,20,2/11/2025 ,19:00 ,5.057 ,€ 49.777 ,C,Rana Verona ,Verona,3,1,5,8,12,16,16,21,21,25,8,5,16,9,21,13,25,15,7,8,16,15,21,19,25,21,6,8,16,12,21,15,25,18,-,-,-,-,-,-,-,-,63,25,5,95,23,9,53,5,0.45,0.21,86,5,3,53,0.62,-,1,,,,Stadium Mirandola ,Mirandola
2025/2026,SuperLega,Regular_Season,1st,4,20,2/11/2025 ,19:00 ,5.057 ,€ 49.777 ,O,Itas Trentino ,Trento ,1,3,8,5,16,12,21,16,25,21,5,8,9,16,13,21,15,25,8,7,15,16,19,21,21,25,8,6,12,16,15,21,18,25,-,-,-,-,-,-,-,-,49,14,-18,80,27,5,72,9,0.38,0.18,88,6,1,41,0.47,-,3,,,,Sviluppo Sud Catania ,Acicastello
2025/2026,SuperLega,Regular_Season,1st,4,21,2/11/2025 ,19:30 ,2.943 ,€ 19.101 ,C,Allianz Milano ,Milano,3,1,5,8,15,16,18,21,22,25,8,7,16,13,21,17,25,19,8,7,16,15,21,18,25,21,8,5,14,16,20,21,28,26,-,-,-,-,-,-,-,-,74,29,10,99,14,4,73,9,0.44,0.18,111,9,9,55,0.5,-,15,,,,Terni Volley Academy ,Terni Volley Academy
2025/2026,SuperLega,Regular_Season,1st,4,21,2/11/2025 ,19:30 ,2.943 ,€ 19.101 ,O,Vero Volley Monza ,Monza,1,3,8,5,16,15,21,18,25,22,7,8,13,16,17,21,19,25,7,8,15,16,18,21,21,25,5,8,16,14,21,20,26,28,-,-,-,-,-,-,-,-,64,21,-6,92,19,5,85,5,0.44,0.13,119,7,15,50,0.42,-,9,,,,Tinet Prata di Pordenone ,Prata
2025/2026,SuperLega,Regular_Season,1st,4,22,2/11/2025 ,18:00 ,4.792 ,€ 78.092 ,C,Valsa Group Modena ,Modena,1,3,8,6,16,15,20,21,20,25,6,8,16,13,21,16,25,18,6,8,12,16,18,21,20,25,4,8,13,16,16,21,20,25,-,-,-,-,-,-,-,-,63,25,2,86,28,8,75,7,0.49,0.25,98,11,6,48,0.49,-,7,,,,Valsa Group Modena ,Modena
2025/2026,SuperLega,Regular_Season,1st,4,22,2/11/2025 ,18:00 ,4.792 ,€ 78.092 ,O,Sir Susa Scai Perugia ,Perugia,3,1,6,8,15,16,21,20,25,20,8,6,13,16,16,21,18,25,8,6,16,12,21,18,25,20,8,4,16,13,21,16,25,20,-,-,-,-,-,-,-,-,52,25,-3,92,17,6,58,9,0.43,0.24,85,4,7,40,0.47,-,6,,,,Vero Volley Monza ,Monza
2025/2026,SuperLega,Regular_Season,1st,4,23,2/11/2025 ,17:00 ,2.220 ,€ 10.760 ,C,Sonepar Padova ,Padova,3,1,8,6,16,11,21,17,25,22,8,5,16,15,21,20,26,24,6,8,11,16,14,21,20,25,6,8,16,13,21,20,25,21,-,-,-,-,-,-,-,-,64,27,-3,94,22,4,71,9,0.38,0.18,86,11,3,46,0.53,-,14,,,,Viridex Sabaudia ,Sabaudia
2025/2026,SuperLega,Regular_Season,1st,4,23,2/11/2025 ,17:00 ,2.220 ,€ 10.760 ,O,Yuasa Battery Grottazzolina ,Grottazzolina,1,3,6,8,11,16,17,21,22,25,5,8,15,16,20,21,24,26,8,6,16,11,21,14,25,20,8,6,13,16,20,21,21,25,-,-,-,-,-,-,-,-,57,23,-13,93,22,9,72,6,0.43,0.15,107,8,14,45,0.42,-,3,,,,Virtus Aversa ,Aversa
2025/2026,SuperLega,Regular_Season,1st,4,24,1/11/2025 ,18:00 ,3.184 ,€ 37.538 ,C,MA Acqua S.Bernardo Cuneo ,Cuneo,2,3,8,3,16,10,21,18,27,25,8,4,16,9,21,14,25,18,3,8,7,16,12,21,15,25,5,8,10,16,17,21,20,25,1,5,0,0,0,0,10,15,68,24,4,98,20,3,86,5,0.38,0.19,129,14,14,57,0.44,-,8,,,,Yuasa Battery Grottazzolina ,Grottazzolina
2025/2026,SuperLega,Regular_Season,1st,4,24,1/11/2025 ,18:00 ,3.184 ,€ 37.538 ,O,Gas Sales Bluenergy Piacenza ,Piacenza,3,2,3,8,10,16,18,21,25,27,4,8,9,16,14,21,18,25,8,3,16,7,21,12,25,15,8,5,16,10,21,17,25,20,5,1,0,0,0,0,15,10,70,25,14,107,21,4,78,5,0.54,0.28,106,6,8,52,0.49,-,14,,,,,
2025/2026,SuperLega,Regular_Season,1st,5,25,16/11/2025 ,17:00 ,3.719 ,€ 25.569 ,C,Itas Trentino ,Trento ,3,0,8,4,16,10,21,18,25,20,8,4,16,13,21,18,25,22,8,4,16,10,21,18,25,20,-,-,-,-,-,-,-,-,-,-,-,-,-,-,-,-,57,18,23,75,16,2,52,2,0.46,0.08,73,1,1,48,0.66,-,7,,,,,
2025/2026,SuperLega,Regular_Season,1st,5,25,16/11/2025 ,17:00 ,3.719 ,€ 25.569 ,O,Vero Volley Monza ,Monza,0,3,4,8,10,16,18,21,20,25,4,8,13,16,18,21,22,25,4,8,10,16,18,21,20,25,-,-,-,-,-,-,-,-,-,-,-,-,-,-,-,-,43,9,3,63,11,2,59,2,0.46,0.27,85,4,7,40,0.47,-,1,,,,,
2025/2026,SuperLega,Regular_Season,1st,5,26,16/11/2025 ,16:00 ,5.017 ,€ 51.204 ,C,Sir Susa Scai Perugia ,Perugia,2,3,7,8,16,15,19,21,23,25,8,6,16,11,21,15,25,17,6,8,13,16,19,21,23,25,8,4,16,9,21,14,25,16,5,4,0,0,0,0,12,15,63,27,-10,108,19,7,68,12,0.35,0.04,93,5,7,50,0.54,-,6,,,,,
2025/2026,SuperLega,Regular_Season,1st,5,26,16/11/2025 ,16:00 ,5.017 ,€ 51.204 ,O,Rana Verona ,Verona,3,2,8,7,15,16,21,19,25,23,6,8,11,16,15,21,17,25,8,6,16,13,21,19,25,23,4,8,9,16,14,21,16,25,4,5,0,0,0,0,15,12,73,25,-4,98,30,10,89,9,0.46,0.17,117,13,6,56,0.48,-,7,,,,,
2025/2026,SuperLega,Regular_Season,1st,5,27,16/11/2025 ,18:00 ,3.170 ,€ 38.165 ,C,Gas Sales Bluenergy Piacenza ,Piacenza,3,0,8,5,16,12,21,17,29,27,8,5,16,11,21,17,28,26,6,8,16,15,21,18,25,22,-,-,-,-,-,-,-,-,-,-,-,-,-,-,-,-,63,23,11,80,23,8,63,5,0.41,0.11,84,3,6,48,0.57,-,7,,,,,
2025/2026,SuperLega,Regular_Season,1st,5,27,16/11/2025 ,18:00 ,3.170 ,€ 38.165 ,O,Cucine Lube Civitanova ,Lube,0,3,5,8,12,16,17,21,27,29,5,8,11,16,17,21,26,28,8,6,15,16,18,21,22,25,-,-,-,-,-,-,-,-,-,-,-,-,-,-,-,-,46,19,-8,77,14,4,57,9,0.42,0.16,70,4,7,36,0.51,-,6,,,,,
2025/2026,SuperLega,Regular_Season,1st,5,28,16/11/2025 ,19:00 ,1.651 ,€ 9.262 ,C,Cisterna Volley ,Cisterna,3,2,8,6,15,16,21,20,26,24,8,5,14,16,17,21,19,25,6,8,9,16,13,21,16,25,6,8,12,16,19,21,37,35,5,4,0,0,0,0,15,11,74,19,-9,113,35,1,95,10,0.52,0.23,117,9,2,64,0.55,-,9,,,,,
2025/2026,SuperLega,Regular_Season,1st,5,28,16/11/2025 ,19:00 ,1.651 ,€ 9.262 ,O,Valsa Group Modena ,Modena,2,3,6,8,16,15,20,21,24,26,5,8,16,14,21,17,25,19,8,6,16,9,21,13,25,16,8,6,16,12,21,19,35,37,4,5,0,0,0,0,11,15,74,24,-7,120,25,10,78,2,0.62,0.4,116,13,9,62,0.53,-,2,,,,,
2025/2026,SuperLega,Regular_Season,1st,5,29,15/11/2025 ,18:00 ,2.158 ,€ 10.148 ,C,Sonepar Padova ,Padova,2,3,5,8,13,16,15,21,17,25,6,8,13,16,18,21,20,25,8,6,16,15,19,21,29,27,8,4,16,12,21,16,25,21,2,5,0,0,0,0,10,15,70,15,11,102,17,3,92,2,0.48,0.22,130,12,6,62,0.48,-,5,,,,,
2025/2026,SuperLega,Regular_Season,1st,5,29,15/11/2025 ,18:00 ,2.158 ,€ 10.148 ,O,Allianz Milano ,Milano,3,2,8,5,16,13,21,15,25,17,8,6,16,13,21,18,25,20,6,8,15,16,21,19,27,29,4,8,12,16,16,21,21,25,5,2,0,0,0,0,15,10,81,24,19,112,20,2,85,5,0.48,0.21,127,10,5,73,0.57,-,6,,,,,
2025/2026,SuperLega,Regular_Season,1st,5,30,16/11/2025 ,18:00 ,1.704 ,€ 13.245 ,C,Yuasa Battery Grottazzolina ,Grottazzolina,0,3,8,5,16,14,20,21,21,25,8,6,16,14,21,18,25,27,7,8,11,16,14,21,18,25,-,-,-,-,-,-,-,-,-,-,-,-,-,-,-,-,46,15,-7,66,14,6,59,7,0.44,0.27,73,10,5,36,0.49,-,4,,,,,
2025/2026,SuperLega,Regular_Season,1st,5,30,16/11/2025 ,18:00 ,1.704 ,€ 13.245 ,O,MA Acqua S.Bernardo Cuneo ,Cuneo,3,0,5,8,14,16,21,20,25,21,6,8,14,16,18,21,27,25,8,7,16,11,21,14,25,18,-,-,-,-,-,-,-,-,-,-,-,-,-,-,-,-,52,20,11,75,16,6,52,6,0.56,0.35,67,2,4,41,0.61,-,5,,,,,
2025/2026,SuperLega,Regular_Season,1st,6,31,9/11/2025 ,18:00 ,3.823 ,€ 39.697 ,C,Cucine Lube Civitanova ,Lube,3,0,7,8,16,11,21,13,25,20,8,5,16,13,19,21,26,24,8,7,16,14,21,20,26,24,-,-,-,-,-,-,-,-,-,-,-,-,-,-,-,-,50,19,5,75,16,6,49,4,0.39,0.18,71,4,5,39,0.55,-,5,,,,,
2025/2026,SuperLega,Regular_Season,1st,6,31,9/11/2025 ,18:00 ,3.823 ,€ 39.697 ,O,Rana Verona ,Verona,0,3,8,7,11,16,13,21,20,25,5,8,13,16,21,19,24,26,7,8,14,16,20,21,24,26,-,-,-,-,-,-,-,-,-,-,-,-,-,-,-,-,47,14,-6,70,21,3,59,6,0.25,0.07,76,4,5,39,0.51,-,5,,,,,
2025/2026,SuperLega,Regular_Season,1st,6,32,9/11/2025 ,20:30 ,2.718 ,€ 27.824 ,C,Gas Sales Bluenergy Piacenza ,Piacenza,2,3,8,4,16,12,21,15,25,20,8,3,16,8,21,9,25,11,4,8,11,16,17,21,21,25,8,5,11,16,14,21,21,25,2,5,0,0,0,0,8,15,67,24,-2,101,24,5,78,6,0.45,0.18,115,8,10,55,0.48,-,7,,,,,
2025/2026,SuperLega,Regular_Season,1st,6,32,9/11/2025 ,20:30 ,2.718 ,€ 27.824 ,O,Sir Susa Scai Perugia ,Perugia,3,2,4,8,12,16,15,21,20,25,3,8,8,16,9,21,11,25,8,4,16,11,21,17,25,21,5,8,16,11,21,14,25,21,5,2,0,0,0,0,15,8,63,24,-,95,17,4,77,6,0.35,0.12,111,12,7,49,0.44,-,10,,,,,
2025/2026,SuperLega,Regular_Season,1st,6,33,19/11/2025 ,20:30 ,1.661 ,€ 7.616 ,C,Allianz Milano ,Milano,3,0,8,6,16,11,21,15,25,17,6,8,16,11,21,15,25,18,8,6,16,11,21,19,25,21,-,-,-,-,-,-,-,-,-,-,-,-,-,-,-,-,54,22,19,73,11,3,44,2,0.64,0.45,78,4,5,44,0.56,-,7,,,,,
2025/2026,SuperLega,Regular_Season,1st,6,33,19/11/2025 ,20:30 ,1.661 ,€ 7.616 ,O,Yuasa Battery Grottazzolina ,Grottazzolina,0,3,6,8,11,16,15,21,17,25,8,6,11,16,15,21,18,25,6,8,11,16,19,21,21,25,-,-,-,-,-,-,-,-,-,-,-,-,-,-,-,-,40,9,-9,58,14,2,62,5,0.42,0.19,74,7,7,33,0.45,-,5,,,,,
2025/2026,SuperLega,Regular_Season,1st,6,34,9/11/2025 ,18:00 ,2.744 ,€ 27.693 ,C,Valsa Group Modena ,Modena,3,0,8,7,16,14,21,19,25,22,8,4,16,14,21,17,25,20,8,4,16,11,21,14,25,17,-,-,-,-,-,-,-,-,-,-,-,-,-,-,-,-,52,19,14,73,15,8,44,2,0.59,0.39,62,8,1,37,0.6,-,7,,,,,
2025/2026,SuperLega,Regular_Season,1st,6,34,9/11/2025 ,18:00 ,2.744 ,€ 27.693 ,O,Sonepar Padova ,Padova,0,3,7,8,14,16,19,21,22,25,4,8,14,16,17,21,20,25,4,8,11,16,14,21,17,25,-,-,-,-,-,-,-,-,-,-,-,-,-,-,-,-,36,5,-16,61,17,2,58,9,0.33,0.16,65,6,7,33,0.51,-,1,,,,,
2025/2026,SuperLega,Regular_Season,1st,6,35,8/11/2025 ,18:00 ,1.689 ,€ 11.084 ,C,Vero Volley Monza ,Monza,2,3,5,8,12,16,16,21,18,25,8,6,16,10,21,17,25,18,8,5,16,14,21,17,25,23,5,8,10,16,17,21,21,25,4,5,0,0,0,0,13,15,67,28,-3,103,18,7,82,8,0.51,0.27,117,5,15,52,0.44,-,8,,,,,
2025/2026,SuperLega,Regular_Season,1st,6,35,8/11/2025 ,18:00 ,1.689 ,€ 11.084 ,O,Cisterna Volley ,Cisterna,3,2,8,5,16,12,21,16,25,18,6,8,10,16,17,21,18,25,5,8,14,16,17,21,23,25,8,5,16,10,21,17,25,21,5,4,0,0,0,0,15,13,80,37,4,104,22,8,85,10,0.51,0.18,118,12,8,57,0.48,-,15,,,,,
2025/2026,SuperLega,Regular_Season,1st,6,36,8/11/2025 ,20:30 ,3.868 ,€ 50.408 ,C,MA Acqua S.Bernardo Cuneo ,Cuneo,1,3,8,6,16,15,21,19,25,21,6,8,12,16,15,21,18,25,5,8,8,16,13,21,19,25,8,6,16,15,20,21,23,25,-,-,-,-,-,-,-,-,65,14,11,86,22,1,81,3,0.49,0.31,115,7,7,63,0.55,-,1,,,,,
2025/2026,SuperLega,Regular_Season,1st,6,36,8/11/2025 ,20:30 ,3.868 ,€ 50.408 ,O,Itas Trentino ,Trento ,3,1,6,8,15,16,19,21,21,25,8,6,16,12,21,15,25,18,8,5,16,8,21,13,25,19,6,8,15,16,21,20,25,23,-,-,-,-,-,-,-,-,66,23,38,94,13,3,64,2,0.48,0.22,91,5,1,56,0.62,-,7,,,,,
2025/2026,SuperLega,Regular_Season,1st,7,37,23/11/2025 ,18:00 ,4.197 ,€ 57.750 ,C,Itas Trentino ,Trento ,3,1,8,3,16,13,21,17,25,21,8,6,16,10,21,13,25,16,8,7,16,14,21,19,27,29,7,8,16,13,21,16,25,23,-,-,-,-,-,-,-,-,80,31,22,103,17,7,78,5,0.46,0.22,120,12,6,63,0.53,-,10,,,,,
2025/2026,SuperLega,Regular_Season,1st,7,37,23/11/2025 ,18:00 ,4.197 ,€ 57.750 ,O,Sir Susa Scai Perugia ,Perugia,1,3,3,8,13,16,17,21,21,25,6,8,10,16,13,21,16,25,7,8,14,16,19,21,29,27,8,7,13,16,16,21,23,25,-,-,-,-,-,-,-,-,56,17,5,90,12,5,86,7,0.38,0.15,120,7,10,45,0.38,-,6,,,,,
2025/2026,SuperLega,Regular_Season,1st,7,38,23/11/2025 ,19:00 ,4.927 ,€ 30.748 ,C,Rana Verona ,Verona,3,0,6,8,16,15,21,20,25,22,8,7,16,12,21,16,25,19,8,4,16,10,21,15,25,18,-,-,-,-,-,-,-,-,-,-,-,-,-,-,-,-,57,23,14,73,21,8,47,1,0.55,0.26,72,4,2,43,0.6,-,6,,,,,
2025/2026,SuperLega,Regular_Season,1st,7,38,23/11/2025 ,19:00 ,4.927 ,€ 30.748 ,O,Vero Volley Monza ,Monza,0,3,8,6,15,16,20,21,22,25,7,8,12,16,16,21,19,25,4,8,10,16,15,21,18,25,-,-,-,-,-,-,-,-,-,-,-,-,-,-,-,-,33,7,-20,61,14,-,52,9,0.35,0.1,65,1,6,31,0.48,-,2,,,,,
2025/2026,SuperLega,Regular_Season,1st,7,39,22/11/2025 ,18:00 ,1.377 ,€ 6.992 ,C,Cisterna Volley ,Cisterna,0,3,8,5,16,13,19,21,21,25,5,8,13,16,15,21,18,25,6,8,11,16,18,21,24,26,-,-,-,-,-,-,-,-,-,-,-,-,-,-,-,-,45,12,-5,64,17,3,62,14,0.31,0.24,58,4,4,32,0.55,-,10,,,,,
2025/2026,SuperLega,Regular_Season,1st,7,39,22/11/2025 ,18:00 ,1.377 ,€ 6.992 ,O,Allianz Milano ,Milano,3,0,5,8,13,16,21,19,25,21,8,5,16,13,21,15,25,18,8,6,16,11,21,18,26,24,-,-,-,-,-,-,-,-,-,-,-,-,-,-,-,-,54,23,16,75,13,10,47,4,0.55,0.4,71,3,10,40,0.56,-,4,,,,,
2025/2026,SuperLega,Regular_Season,1st,7,40,23/11/2025 ,17:00 ,2.723 ,€ 31.958 ,C,Sonepar Padova ,Padova,3,2,8,6,16,13,21,17,25,22,4,8,13,16,18,21,20,25,5,8,12,16,18,21,23,25,8,5,16,11,21,14,25,23,5,1,0,0,0,0,19,17,74,25,14,111,20,3,86,10,0.51,0.21,120,4,10,57,0.48,-,14,,,,,
2025/2026,SuperLega,Regular_Season,1st,7,40,23/11/2025 ,17:00 ,2.723 ,€ 31.958 ,O,Cucine Lube Civitanova ,Lube,2,3,6,8,13,16,17,21,22,25,8,4,16,13,21,18,25,20,8,5,16,12,21,18,25,23,5,8,11,16,14,21,23,25,1,5,0,0,0,0,17,19,85,29,8,113,27,10,91,5,0.57,0.24,124,8,14,65,0.52,-,10,,,,,
2025/2026,SuperLega,Regular_Season,1st,7,41,23/11/2025 ,19:00 ,1.235 ,€ 8.433 ,C,Yuasa Battery Grottazzolina ,Grottazzolina,0,3,4,8,10,16,12,21,14,25,4,8,9,16,12,21,15,25,4,8,8,16,14,21,18,25,-,-,-,-,-,-,-,-,-,-,-,-,-,-,-,-,28,1,-15,49,9,-,60,11,0.3,0.22,59,2,9,27,0.46,-,1,,,,,
2025/2026,SuperLega,Regular_Season,1st,7,41,23/11/2025 ,19:00 ,1.235 ,€ 8.433 ,O,Gas Sales Bluenergy Piacenza ,Piacenza,3,0,8,4,16,10,21,12,25,14,8,4,16,9,21,12,25,15,8,4,16,8,21,14,25,18,-,-,-,-,-,-,-,-,-,-,-,-,-,-,-,-,64,29,34,73,13,10,40,-,0.5,0.28,62,6,1,45,0.73,-,9,,,,,
2025/2026,SuperLega,Regular_Season,1st,7,42,23/11/2025 ,16:00 ,3.304 ,€ 38.704 ,C,MA Acqua S.Bernardo Cuneo ,Cuneo,2,3,4,8,14,16,20,21,23,25,5,8,16,14,21,19,25,22,6,8,11,16,16,21,18,25,8,7,16,15,21,20,36,34,0,5,0,0,0,0,10,15,60,19,-23,113,31,4,81,11,0.36,0.15,104,9,10,50,0.48,-,6,,,,,
2025/2026,SuperLega,Regular_Season,1st,7,42,23/11/2025 ,16:00 ,3.304 ,€ 38.704 ,O,Valsa Group Modena ,Modena,3,2,8,4,16,14,21,20,25,23,8,5,14,16,19,21,22,25,8,6,16,11,21,16,25,18,7,8,15,16,20,21,34,36,5,0,0,0,0,0,15,10,78,26,-2,120,39,9,82,5,0.38,0.15,117,11,6,59,0.5,-,10,,,,,
2025/2026,SuperLega,Regular_Season,1st,8,43,30/11/2025 ,18:00 ,3.790 ,€ 26.766 ,C,Sir Susa Scai Perugia ,Perugia,3,0,8,7,16,13,21,17,25,18,7,8,16,12,21,17,25,23,8,7,15,16,21,19,25,20,-,-,-,-,-,-,-,-,-,-,-,-,-,-,-,-,55,22,20,74,12,4,47,2,0.53,0.3,75,4,1,47,0.63,-,4,,,,,
2025/2026,SuperLega,Regular_Season,1st,8,43,30/11/2025 ,18:00 ,3.790 ,€ 26.766 ,O,Cisterna Volley ,Cisterna,0,3,7,8,13,16,17,21,18,25,8,7,12,16,17,21,23,25,7,8,16,15,19,21,20,25,-,-,-,-,-,-,-,-,-,-,-,-,-,-,-,-,43,9,-,62,15,2,62,4,0.5,0.31,74,4,4,41,0.55,-,1,,,,,
2025/2026,SuperLega,Regular_Season,1st,8,44,30/11/2025 ,17:00 ,2.917 ,€ 25.825 ,C,Cucine Lube Civitanova ,Lube,3,0,8,7,16,12,21,16,25,20,8,3,16,9,21,10,25,13,7,8,16,14,21,16,25,18,-,-,-,-,-,-,-,-,-,-,-,-,-,-,-,-,56,28,18,73,16,13,43,4,0.63,0.33,63,6,3,37,0.59,-,6,,,,,
2025/2026,SuperLega,Regular_Season,1st,8,44,30/11/2025 ,17:00 ,2.917 ,€ 25.825 ,O,MA Acqua S.Bernardo Cuneo ,Cuneo,0,3,7,8,12,16,16,21,20,25,3,8,9,16,10,21,13,25,8,7,14,16,16,21,18,25,-,-,-,-,-,-,-,-,-,-,-,-,-,-,-,-,28,7,-20,53,10,4,57,14,0.26,0.12,59,8,6,21,0.36,-,3,,,,,
2025/2026,SuperLega,Regular_Season,1st,8,45,30/11/2025 ,18:00 ,5.631 ,€ 58.412 ,C,Allianz Milano ,Milano,0,3,5,8,14,16,18,21,24,26,5,8,8,16,13,21,16,25,4,8,12,16,18,21,21,25,-,-,-,-,-,-,-,-,-,-,-,-,-,-,-,-,45,8,-2,62,12,2,66,3,0.45,0.2,93,10,10,37,0.4,-,6,,,,,
2025/2026,SuperLega,Regular_Season,1st,8,45,30/11/2025 ,18:00 ,5.631 ,€ 58.412 ,O,Itas Trentino ,Trento ,3,0,8,5,16,14,21,18,26,24,8,5,16,8,21,13,25,16,8,4,16,12,21,18,25,21,-,-,-,-,-,-,-,-,-,-,-,-,-,-,-,-,54,17,14,75,9,1,50,2,0.52,0.18,75,6,6,43,0.57,-,10,,,,,
2025/2026,SuperLega,Regular_Season,1st,8,46,30/11/2025 ,18:00 ,2.922 ,€ 27.865 ,C,Valsa Group Modena ,Modena,3,1,7,8,16,13,21,15,25,18,7,8,13,16,19,21,21,25,8,6,16,14,21,16,25,18,4,8,16,15,21,17,25,18,-,-,-,-,-,-,-,-,69,34,13,95,16,6,62,7,0.56,0.31,98,11,4,52,0.53,-,11,,,,,
2025/2026,SuperLega,Regular_Season,1st,8,46,30/11/2025 ,18:00 ,2.922 ,€ 27.865 ,O,Yuasa Battery Grottazzolina ,Grottazzolina,1,3,8,7,13,16,15,21,18,25,8,7,16,13,21,19,25,21,6,8,14,16,16,21,18,25,8,4,15,16,17,21,18,25,-,-,-,-,-,-,-,-,51,17,-12,81,19,7,79,7,0.38,0.15,97,5,11,40,0.41,-,4,,,,,
2025/2026,SuperLega,Regular_Season,1st,8,47,30/11/2025 ,17:00 ,3.436 ,€ 31.267 ,C,Sonepar Padova ,Padova,1,3,8,7,16,14,20,21,24,26,8,5,16,13,21,17,26,24,6,8,13,16,17,21,22,25,8,5,16,15,21,20,25,27,-,-,-,-,-,-,-,-,64,25,6,98,16,7,74,11,0.28,0.15,100,9,7,46,0.46,-,11,,,,,
2025/2026,SuperLega,Regular_Season,1st,8,47,30/11/2025 ,17:00 ,3.436 ,€ 31.267 ,O,Rana Verona ,Verona,3,1,7,8,14,16,21,20,26,24,5,8,13,16,17,21,24,26,8,6,16,13,21,17,25,22,5,8,15,16,20,21,27,25,-,-,-,-,-,-,-,-,74,25,4,100,26,10,82,9,0.41,0.13,102,6,11,57,0.56,-,7,,,,,
2025/2026,SuperLega,Regular_Season,1st,8,48,29/11/2025 ,20:00 ,2.262 ,€ 14.324 ,C,Vero Volley Monza ,Monza,0,3,8,5,14,16,20,21,23,25,8,6,16,14,21,19,23,25,7,8,11,16,15,21,17,25,-,-,-,-,-,-,-,-,-,-,-,-,-,-,-,-,43,9,1,64,14,1,61,6,0.46,0.26,85,5,8,35,0.41,-,7,,,,,
2025/2026,SuperLega,Regular_Season,1st,8,48,29/11/2025 ,20:00 ,2.262 ,€ 14.324 ,O,Gas Sales Bluenergy Piacenza ,Piacenza,3,0,5,8,16,14,21,20,25,23,6,8,14,16,19,21,25,23,8,7,16,11,21,15,25,17,-,-,-,-,-,-,-,-,-,-,-,-,-,-,-,-,55,19,12,74,13,6,50,1,0.62,0.32,72,5,7,41,0.57,-,8,,,,,
2025/2026,SuperLega,Regular_Season,1st,9,49,3/12/2025 ,20:30 ,3.304 ,€ 22.422 ,C,Itas Trentino ,Trento ,3,0,8,6,14,16,21,18,25,21,8,7,16,15,21,19,25,20,8,3,16,11,21,17,25,21,-,-,-,-,-,-,-,-,-,-,-,-,-,-,-,-,47,18,10,74,13,6,44,6,0.39,0.11,61,3,3,34,0.56,-,7,,,,,
2025/2026,SuperLega,Regular_Season,1st,9,49,3/12/2025 ,20:30 ,3.304 ,€ 22.422 ,O,Valsa Group Modena ,Modena,0,3,6,8,16,14,18,21,21,25,7,8,15,16,19,21,20,25,3,8,11,16,17,21,21,25,-,-,-,-,-,-,-,-,-,-,-,-,-,-,-,-,44,11,-6,63,19,5,61,6,0.39,0.18,71,6,7,36,0.51,-,3,,,,,
2025/2026,SuperLega,Regular_Season,1st,9,50,3/12/2025 ,20:30 ,2.954 ,€ 16.286 ,C,Rana Verona ,Verona,3,0,6,8,16,14,21,16,25,19,8,7,16,13,21,16,25,20,8,5,16,12,21,16,25,18,-,-,-,-,-,-,-,-,-,-,-,-,-,-,-,-,56,20,16,73,19,6,43,2,0.63,0.33,66,4,3,43,0.65,-,7,,,,,
2025/2026,SuperLega,Regular_Season,1st,9,50,3/12/2025 ,20:30 ,2.954 ,€ 16.286 ,O,Cisterna Volley ,Cisterna,0,3,8,6,14,16,16,21,19,25,7,8,13,16,16,21,20,25,5,8,12,16,16,21,18,25,-,-,-,-,-,-,-,-,-,-,-,-,-,-,-,-,33,3,-13,59,16,1,54,7,0.33,0.17,65,2,7,29,0.45,-,3,,,,,
2025/2026,SuperLega,Regular_Season,1st,9,51,3/12/2025 ,20:30 ,1.801 ,€ 10.581 ,C,Gas Sales Bluenergy Piacenza ,Piacenza,3,0,8,4,16,9,21,19,25,21,6,8,15,16,21,18,25,20,8,5,16,13,21,16,25,18,-,-,-,-,-,-,-,-,-,-,-,-,-,-,-,-,60,25,17,74,14,6,51,5,0.51,0.14,71,4,3,43,0.61,-,11,,,,,
2025/2026,SuperLega,Regular_Season,1st,9,51,3/12/2025 ,20:30 ,1.801 ,€ 10.581 ,O,Sonepar Padova ,Padova,0,3,4,8,9,16,19,21,21,25,8,6,16,15,18,21,20,25,5,8,13,16,16,21,18,25,-,-,-,-,-,-,-,-,-,-,-,-,-,-,-,-,41,10,-8,60,9,4,60,6,0.42,0.22,74,3,11,34,0.46,-,3,,,,,
2025/2026,SuperLega,Regular_Season,1st,9,52,3/12/2025 ,20:30 ,1.265 ,€ 12.884 ,C,Yuasa Battery Grottazzolina ,Grottazzolina,0,3,6,8,14,16,17,21,23,25,7,8,15,16,20,21,21,25,7,8,12,16,15,21,21,25,-,-,-,-,-,-,-,-,-,-,-,-,-,-,-,-,47,15,3,67,17,4,61,7,0.41,0.18,76,7,5,39,0.51,-,4,,,,,
2025/2026,SuperLega,Regular_Season,1st,9,52,3/12/2025 ,20:30 ,1.265 ,€ 12.884 ,O,Sir Susa Scai Perugia ,Perugia,3,0,8,6,16,14,21,17,25,23,8,7,16,15,21,20,25,21,8,7,16,12,21,15,25,21,-,-,-,-,-,-,-,-,-,-,-,-,-,-,-,-,50,22,9,73,12,7,50,4,0.52,0.22,75,5,4,38,0.51,-,5,,,,,
2025/2026,SuperLega,Regular_Season,1st,9,53,3/12/2025 ,20:45 ,1.972 ,€ 15.652 ,C,Vero Volley Monza ,Monza,3,1,8,6,16,12,21,20,25,23,8,4,16,12,21,18,25,21,4,8,13,16,20,21,21,25,8,5,16,9,21,11,25,14,-,-,-,-,-,-,-,-,70,31,13,93,14,8,67,6,0.51,0.25,109,8,7,49,0.45,-,13,,,,,
2025/2026,SuperLega,Regular_Season,1st,9,53,3/12/2025 ,20:45 ,1.972 ,€ 15.652 ,O,Cucine Lube Civitanova ,Lube,1,3,6,8,12,16,20,21,23,25,4,8,12,16,18,21,21,25,8,4,16,13,21,20,25,21,5,8,9,16,11,21,14,25,-,-,-,-,-,-,-,-,60,19,3,84,17,6,79,9,0.39,0.14,116,5,13,47,0.41,-,7,,,,,
2025/2026,SuperLega,Regular_Season,1st,9,54,4/12/2025 ,20:45 ,2.593 ,€ 18.744 ,C,MA Acqua S.Bernardo Cuneo ,Cuneo,1,3,5,8,8,16,12,21,16,25,5,8,10,16,13,21,15,25,8,7,14,16,19,21,25,22,6,8,13,16,15,21,17,25,-,-,-,-,-,-,-,-,49,12,-13,74,15,1,81,5,0.4,0.19,106,15,13,43,0.41,-,5,,,,,
2025/2026,SuperLega,Regular_Season,1st,9,54,4/12/2025 ,20:45 ,2.593 ,€ 18.744 ,O,Allianz Milano ,Milano,3,1,8,5,16,8,21,12,25,16,8,5,16,10,21,13,25,15,7,8,16,14,21,19,22,25,8,6,16,13,21,15,25,17,-,-,-,-,-,-,-,-,65,31,24,96,15,2,59,1,0.51,0.2,96,8,5,50,0.52,-,13,,,,,
2025/2026,SuperLega,Regular_Season,1st,10,55,7/12/2025 ,18:00 ,5.139 ,€ 58.281 ,C,Allianz Milano ,Milano,0,3,2,8,7,16,9,21,10,25,8,6,13,16,14,21,19,25,6,8,9,16,16,21,19,25,-,-,-,-,-,-,-,-,-,-,-,-,-,-,-,-,30,9,-9,49,11,-,60,8,0.45,0.15,82,2,11,28,0.34,-,2,,,,,
2025/2026,SuperLega,Regular_Season,1st,10,55,7/12/2025 ,18:00 ,5.139 ,€ 58.281 ,O,Sir Susa Scai Perugia ,Perugia,3,0,8,2,16,7,21,9,25,10,6,8,16,13,21,14,25,19,8,6,16,9,21,16,25,19,-,-,-,-,-,-,-,-,-,-,-,-,-,-,-,-,61,34,30,74,14,7,38,1,0.42,0.26,68,3,2,43,0.63,-,11,,,,,
2025/2026,SuperLega,Regular_Season,1st,10,56,6/12/2025 ,18:00 ,3.490 ,€ 51.924 ,C,Valsa Group Modena ,Modena,3,1,8,4,16,14,21,18,25,23,8,4,16,15,19,21,26,24,7,8,13,16,16,21,20,25,8,2,16,4,21,8,25,11,-,-,-,-,-,-,-,-,65,30,4,94,22,9,64,9,0.36,0.17,83,7,4,41,0.49,-,15,,,,,
2025/2026,SuperLega,Regular_Season,1st,10,56,6/12/2025 ,18:00 ,3.490 ,€ 51.924 ,O,Cucine Lube Civitanova ,Lube,1,3,4,8,14,16,18,21,23,25,4,8,15,16,21,19,24,26,8,7,16,13,21,16,25,20,2,8,4,16,8,21,11,25,-,-,-,-,-,-,-,-,51,23,-19,84,20,7,72,9,0.39,0.26,99,9,15,40,0.4,-,4,,,,,
2025/2026,SuperLega,Regular_Season,1st,10,57,7/12/2025 ,18:00 ,1.395 ,€ 7.263 ,C,Cisterna Volley ,Cisterna,1,3,8,6,15,16,21,19,25,21,7,8,12,16,20,21,23,25,7,8,11,16,16,21,22,25,4,8,10,16,18,21,18,25,-,-,-,-,-,-,-,-,62,21,4,89,19,8,77,14,0.38,0.14,87,7,4,47,0.54,-,7,,,,,
2025/2026,SuperLega,Regular_Season,1st,10,57,7/12/2025 ,18:00 ,1.395 ,€ 7.263 ,O,Gas Sales Bluenergy Piacenza ,Piacenza,3,1,6,8,16,15,19,21,21,25,8,7,16,12,21,20,25,23,8,7,16,11,21,16,25,22,8,4,16,10,21,18,25,18,-,-,-,-,-,-,-,-,69,27,10,95,18,14,70,10,0.47,0.21,94,8,7,51,0.54,-,4,,,,,
2025/2026,SuperLega,Regular_Season,1st,10,58,8/12/2025 ,17:30 ,2.569 ,€ 11.636 ,C,Sonepar Padova ,Padova,1,3,7,8,13,16,20,21,22,25,8,6,16,14,21,18,25,18,8,6,16,15,21,18,28,30,2,8,8,16,14,21,20,25,-,-,-,-,-,-,-,-,70,20,5,96,15,9,81,4,0.57,0.25,115,9,14,57,0.5,-,4,,,,,
2025/2026,SuperLega,Regular_Season,1st,10,58,8/12/2025 ,17:30 ,2.569 ,€ 11.636 ,O,Vero Volley Monza ,Monza,3,1,8,7,16,13,21,20,25,22,6,8,14,16,18,21,18,25,6,8,15,16,18,21,30,28,8,2,16,8,21,14,25,20,-,-,-,-,-,-,-,-,74,26,12,97,16,3,81,9,0.49,0.12,102,8,4,57,0.56,-,14,,,,,
2025/2026,SuperLega,Regular_Season,1st,10,59,7/12/2025 ,17:00 ,1.460 ,€ 12.486 ,C,Yuasa Battery Grottazzolina ,Grottazzolina,0,3,6,8,11,16,13,21,18,25,8,5,14,16,16,21,18,25,3,8,15,16,17,21,18,25,-,-,-,-,-,-,-,-,-,-,-,-,-,-,-,-,38,8,-14,55,10,1,61,13,0.43,0.18,69,3,8,32,0.46,-,5,,,,,
2025/2026,SuperLega,Regular_Season,1st,10,59,7/12/2025 ,17:00 ,1.460 ,€ 12.486 ,O,Itas Trentino ,Trento ,3,0,8,6,16,11,21,13,25,18,5,8,16,14,21,16,25,18,8,3,16,15,21,17,25,18,-,-,-,-,-,-,-,-,-,-,-,-,-,-,-,-,60,27,19,73,12,13,45,2,0.42,0.24,63,3,5,39,0.62,-,8,,,,,
2025/2026,SuperLega,Regular_Season,1st,10,60,7/12/2025 ,18:00 ,3.184 ,€ 36.244 ,C,MA Acqua S.Bernardo Cuneo ,Cuneo,0,3,6,8,14,16,18,21,22,25,5,8,15,16,18,21,20,25,5,8,12,16,17,21,20,25,-,-,-,-,-,-,-,-,-,-,-,-,-,-,-,-,39,11,-11,64,20,5,55,4,0.35,0.18,65,4,10,32,0.49,-,2,,,,,
2025/2026,SuperLega,Regular_Season,1st,10,60,7/12/2025 ,18:00 ,3.184 ,€ 36.244 ,O,Rana Verona ,Verona,3,0,8,6,16,14,21,18,25,22,8,5,16,15,21,18,25,20,8,5,16,12,21,17,25,20,-,-,-,-,-,-,-,-,-,-,-,-,-,-,-,-,49,19,10,72,17,2,44,5,0.55,0.25,61,3,2,37,0.61,-,10,,,,,
2025/2026,SuperLega,Regular_Season,1st,11,62,13/11/2025 ,20:30 ,3.485 ,€ 21.998 ,C,Sir Susa Scai Perugia ,Perugia,3,0,4,8,16,13,21,18,25,19,8,4,16,11,21,13,25,16,8,6,16,15,21,18,25,21,-,-,-,-,-,-,-,-,-,-,-,-,-,-,-,-,58,29,23,73,13,6,45,2,0.38,0.16,74,5,6,44,0.59,-,8,,,,,
2025/2026,SuperLega,Regular_Season,1st,11,62,13/11/2025 ,20:30 ,3.485 ,€ 21.998 ,O,MA Acqua S.Bernardo Cuneo ,Cuneo,0,3,8,4,13,16,18,21,19,25,4,8,11,16,13,21,16,25,6,8,15,16,18,21,21,25,-,-,-,-,-,-,-,-,-,-,-,-,-,-,-,-,31,9,-14,58,13,1,60,6,0.35,0.2,71,2,8,24,0.34,-,6,,,,,
2025/2026,SuperLega,Regular_Season,1st,11,63,14/12/2025 ,18:00 ,2.345 ,€ 20.982 ,C,Cucine Lube Civitanova ,Lube,3,2,5,8,14,16,17,21,22,25,8,2,16,9,21,10,25,13,8,4,16,9,21,12,25,15,5,8,12,16,17,21,22,25,5,1,0,0,0,0,15,7,85,37,28,108,26,11,71,3,0.52,0.38,111,6,5,62,0.56,-,12,,,,,
2025/2026,SuperLega,Regular_Season,1st,11,63,14/12/2025 ,18:00 ,2.345 ,€ 20.982 ,O,Allianz Milano ,Milano,2,3,8,5,16,14,21,17,25,22,2,8,9,16,10,21,13,25,4,8,9,16,12,21,15,25,8,5,16,12,21,17,25,22,1,5,0,0,0,0,7,15,52,18,-18,86,15,2,82,12,0.35,0.18,113,8,12,45,0.4,-,5,,,,,
2025/2026,SuperLega,Regular_Season,1st,11,64,14/12/2025 ,18:00 ,5.158 ,€ 39.434 ,C,Rana Verona ,Verona,1,3,6,8,13,16,18,21,20,25,5,8,13,16,18,21,24,26,8,4,16,11,21,15,25,18,8,7,16,11,21,20,23,25,-,-,-,-,-,-,-,-,55,19,-12,93,28,7,66,6,0.33,0.14,75,1,7,38,0.51,-,10,,,,,
2025/2026,SuperLega,Regular_Season,1st,11,64,14/12/2025 ,18:00 ,5.158 ,€ 39.434 ,O,Valsa Group Modena ,Modena,3,1,8,6,16,13,21,18,25,20,8,5,16,13,21,18,26,24,4,8,11,16,15,21,18,25,7,8,11,16,20,21,25,23,-,-,-,-,-,-,-,-,60,22,-11,93,27,4,65,8,0.43,0.25,100,9,10,49,0.49,-,7,,,,,
2025/2026,SuperLega,Regular_Season,1st,11,65,14/12/2025 ,18:00 ,1.119 ,€ 5.393 ,C,Cisterna Volley ,Cisterna,1,3,8,6,16,14,20,21,27,25,5,8,13,16,15,21,17,25,6,8,10,16,14,21,19,25,6,8,10,16,15,21,23,25,-,-,-,-,-,-,-,-,62,16,-3,87,21,8,81,11,0.47,0.16,100,6,6,49,0.49,-,5,,,,,
2025/2026,SuperLega,Regular_Season,1st,11,65,14/12/2025 ,18:00 ,1.119 ,€ 5.393 ,O,Sonepar Padova ,Padova,3,1,6,8,14,16,21,20,25,27,8,5,16,13,21,15,25,17,8,6,16,10,21,14,25,19,8,6,16,10,21,15,25,23,-,-,-,-,-,-,-,-,72,28,28,99,18,7,66,8,0.39,0.2,91,5,5,59,0.65,-,6,,,,,
2025/2026,SuperLega,Regular_Season,1st,11,66,13/12/2025 ,18:00 ,2.259 ,€ 9.750 ,C,Vero Volley Monza ,Monza,3,2,6,8,11,16,17,21,20,25,7,8,15,16,20,21,30,32,8,7,16,13,21,16,25,21,8,7,16,14,21,17,25,19,3,5,0,0,0,0,18,16,80,28,12,118,15,4,84,11,0.49,0.25,121,4,7,62,0.51,-,14,,,,,
2025/2026,SuperLega,Regular_Season,1st,11,66,13/12/2025 ,18:00 ,2.259 ,€ 9.750 ,O,Yuasa Battery Grottazzolina ,Grottazzolina,2,3,8,6,16,11,21,17,25,20,8,7,16,15,21,20,32,30,7,8,13,16,16,21,21,25,7,8,14,16,17,21,19,25,5,3,0,0,0,0,16,18,89,25,9,113,29,9,103,6,0.54,0.24,160,8,14,73,0.46,-,7,,,,,
2025/2026,SuperLega,Regular_Season,2nd,1,67,26/11/2025 ,20:30 ,3.404 ,€ 21.028 ,C,Sir Susa Scai Perugia ,Perugia,3,1,8,4,16,9,21,12,25,14,8,6,16,11,21,18,25,27,8,6,16,14,21,18,25,22,8,6,16,9,21,14,25,20,-,-,-,-,-,-,-,-,71,35,18,99,11,5,66,5,0.42,0.26,120,9,11,52,0.43,-,14,,,,,
2025/2026,SuperLega,Regular_Season,2nd,1,67,26/11/2025 ,20:30 ,3.404 ,€ 21.028 ,O,Vero Volley Monza ,Monza,1,3,4,8,9,16,12,21,14,25,6,8,11,16,18,21,27,25,6,8,14,16,18,21,22,25,6,8,9,16,14,21,20,25,-,-,-,-,-,-,-,-,62,21,-1,84,18,3,88,5,0.48,0.3,127,8,14,48,0.38,-,11,,,,,
2025/2026,SuperLega,Regular_Season,2nd,1,68,20/12/2025 ,18:00 ,2.338 ,€ 21.152 ,C,Gas Sales Bluenergy Piacenza ,Piacenza,2,3,6,8,16,13,21,20,26,28,5,8,16,14,21,18,25,20,5,8,9,16,16,21,17,25,8,6,16,15,21,20,30,28,4,5,0,0,0,0,12,15,77,23,4,111,28,10,92,3,0.45,0.14,129,9,10,58,0.45,-,9,,,,,
2025/2026,SuperLega,Regular_Season,2nd,1,68,20/12/2025 ,18:00 ,2.338 ,€ 21.152 ,O,Rana Verona ,Verona,3,2,8,6,13,16,20,21,28,26,8,5,14,16,18,21,20,25,8,5,16,9,21,16,25,17,6,8,15,16,20,21,28,30,5,4,0,0,0,0,15,12,77,25,6,115,23,3,83,11,0.49,0.13,107,4,9,64,0.6,-,10,,,,,
2025/2026,SuperLega,Regular_Season,2nd,1,69,21/12/2025 ,19:00 ,2.764 ,€ 26.201 ,C,Valsa Group Modena ,Modena,3,1,8,2,16,7,21,13,25,19,4,8,14,16,19,21,22,25,8,1,16,9,21,19,25,19,8,7,16,13,21,15,25,18,-,-,-,-,-,-,-,-,73,35,20,96,22,18,62,5,0.58,0.34,91,8,5,49,0.54,-,6,,,,,
2025/2026,SuperLega,Regular_Season,2nd,1,69,21/12/2025 ,19:00 ,2.764 ,€ 26.201 ,O,Cisterna Volley ,Cisterna,1,3,2,8,7,16,13,21,19,25,8,4,16,14,21,19,25,22,1,8,9,16,19,21,19,25,7,8,13,16,15,21,18,25,-,-,-,-,-,-,-,-,48,14,-17,82,20,3,74,21,0.3,0.16,82,4,6,40,0.49,-,5,,,,,
2025/2026,SuperLega,Regular_Season,2nd,1,70,21/12/2025 ,18:00 ,2.881 ,€ 36.440 ,C,Sonepar Padova ,Padova,0,3,6,8,11,16,15,21,17,25,8,6,14,16,19,21,23,25,8,7,14,16,18,21,20,25,-,-,-,-,-,-,-,-,-,-,-,-,-,-,-,-,43,9,-2,61,10,3,62,6,0.39,0.11,79,7,5,37,0.47,-,3,,,,,
2025/2026,SuperLega,Regular_Season,2nd,1,70,21/12/2025 ,18:00 ,2.881 ,€ 36.440 ,O,Itas Trentino ,Trento ,3,0,8,6,16,11,21,15,25,17,6,8,16,14,21,19,25,23,7,8,16,14,21,18,25,20,-,-,-,-,-,-,-,-,-,-,-,-,-,-,-,-,56,17,18,74,12,4,51,4,0.53,0.24,84,5,3,47,0.56,-,5,,,,,
2025/2026,SuperLega,Regular_Season,2nd,1,71,21/12/2025 ,18:00 ,1.232 ,€ 7.278 ,C,Yuasa Battery Grottazzolina ,Grottazzolina,0,3,0,8,10,16,14,21,18,25,6,8,14,16,18,21,23,25,7,8,9,16,12,21,14,25,-,-,-,-,-,-,-,-,-,-,-,-,-,-,-,-,35,10,-15,57,11,4,61,14,0.38,0.16,63,7,5,28,0.44,-,3,,,,,
2025/2026,SuperLega,Regular_Season,2nd,1,71,21/12/2025 ,18:00 ,1.232 ,€ 7.278 ,O,Allianz Milano ,Milano,3,0,8,0,16,10,21,14,25,18,8,6,16,14,21,18,25,23,8,7,16,9,21,12,25,14,-,-,-,-,-,-,-,-,-,-,-,-,-,-,-,-,56,30,23,73,12,13,46,4,0.37,0.15,65,6,3,38,0.58,-,5,,,,,
2025/2026,SuperLega,Regular_Season,2nd,1,72,21/12/2025 ,17:00 ,3.555 ,€ 43.444 ,C,MA Acqua S.Bernardo Cuneo ,Cuneo,0,3,4,8,13,16,20,21,23,25,8,7,14,16,16,21,18,25,3,8,11,16,18,21,19,25,-,-,-,-,-,-,-,-,-,-,-,-,-,-,-,-,37,10,-8,62,14,2,57,9,0.3,0.14,65,4,8,33,0.51,-,2,,,,,
2025/2026,SuperLega,Regular_Season,2nd,1,72,21/12/2025 ,17:00 ,3.555 ,€ 43.444 ,O,Cucine Lube Civitanova ,Lube,3,0,8,4,16,13,21,20,25,23,7,8,16,14,21,16,25,18,8,3,16,11,21,18,25,19,-,-,-,-,-,-,-,-,-,-,-,-,-,-,-,-,56,23,11,73,16,8,48,2,0.52,0.25,70,7,2,40,0.57,-,8,,,,,
2025/2026,SuperLega,Regular_Season,2nd,2,73,26/12/2025 ,16:00 ,3.605 ,€ 29.774 ,C,Cucine Lube Civitanova ,Lube,3,1,7,8,16,13,21,17,25,21,6,8,12,16,19,21,28,26,8,4,13,16,16,21,18,25,8,7,16,13,21,18,25,21,-,-,-,-,-,-,-,-,70,30,4,95,22,14,71,6,0.55,0.35,91,7,5,51,0.56,-,5,,,,,
2025/2026,SuperLega,Regular_Season,2nd,2,73,26/12/2025 ,16:00 ,3.605 ,€ 29.774 ,O,Gas Sales Bluenergy Piacenza ,Piacenza,1,3,8,7,13,16,17,21,21,25,8,6,16,12,21,19,26,28,4,8,16,13,21,16,25,18,7,8,13,16,18,21,21,25,-,-,-,-,-,-,-,-,64,25,-1,94,23,5,73,17,0.44,0.26,84,3,5,54,0.64,-,5,,,,,
2025/2026,SuperLega,Regular_Season,2nd,2,74,26/12/2025 ,17:00 ,4.473 ,€ 32.998 ,C,Rana Verona ,Verona,3,0,7,8,12,16,21,19,25,21,8,6,16,11,21,12,25,19,8,2,16,6,21,14,25,16,-,-,-,-,-,-,-,-,-,-,-,-,-,-,-,-,59,26,15,73,18,7,46,2,0.43,0.2,75,3,4,42,0.56,-,10,,,,,
2025/2026,SuperLega,Regular_Season,2nd,2,74,26/12/2025 ,17:00 ,4.473 ,€ 32.998 ,O,Yuasa Battery Grottazzolina ,Grottazzolina,0,3,8,7,16,12,19,21,21,25,6,8,11,16,12,21,19,25,2,8,6,16,14,21,16,25,-,-,-,-,-,-,-,-,-,-,-,-,-,-,-,-,34,11,-10,58,12,1,55,8,0.33,0.11,70,4,10,29,0.41,-,4,,,,,
2025/2026,SuperLega,Regular_Season,2nd,2,75,26/12/2025 ,18:00 ,1.827 ,€ 12.891 ,C,Allianz Milano ,Milano,3,1,7,8,16,10,21,13,25,15,8,6,16,9,21,11,25,15,8,5,16,11,21,20,26,28,8,6,12,16,21,20,28,26,-,-,-,-,-,-,-,-,72,32,22,103,17,7,65,9,0.43,0.2,105,5,10,53,0.5,-,12,,,,,
2025/2026,SuperLega,Regular_Season,2nd,2,75,26/12/2025 ,18:00 ,1.827 ,€ 12.891 ,O,Sonepar Padova ,Padova,1,3,8,7,10,16,13,21,15,25,6,8,9,16,11,21,15,25,5,8,11,16,20,21,28,26,6,8,16,12,20,21,26,28,-,-,-,-,-,-,-,-,60,20,-9,85,20,8,86,9,0.43,0.17,112,12,12,42,0.38,-,10,,,,,
2025/2026,SuperLega,Regular_Season,2nd,2,76,26/12/2025 ,20:30 ,3.813 ,€ 47.203 ,C,Valsa Group Modena ,Modena,3,0,4,8,16,13,21,18,25,20,8,6,16,11,21,16,25,17,8,6,16,9,21,12,25,15,-,-,-,-,-,-,-,-,-,-,-,-,-,-,-,-,55,26,21,73,13,14,45,3,0.6,0.38,68,7,2,35,0.51,-,6,,,,,
2025/2026,SuperLega,Regular_Season,2nd,2,76,26/12/2025 ,20:30 ,3.813 ,€ 47.203 ,O,MA Acqua S.Bernardo Cuneo ,Cuneo,0,3,8,4,13,16,18,21,20,25,6,8,11,16,16,21,17,25,6,8,9,16,12,21,15,25,-,-,-,-,-,-,-,-,-,-,-,-,-,-,-,-,31,11,-24,54,9,3,60,15,0.3,0.13,65,10,6,26,0.4,-,2,,,,,
2025/2026,SuperLega,Regular_Season,2nd,2,77,26/12/2025 ,18:00 ,3.110 ,€ 35.689 ,C,Cisterna Volley ,Cisterna,0,3,7,8,9,16,10,21,14,25,5,8,14,16,17,21,20,25,5,8,14,16,18,21,20,25,-,-,-,-,-,-,-,-,-,-,-,-,-,-,-,-,42,10,-,55,18,2,65,1,0.49,0.18,82,4,8,35,0.43,-,5,,,,,
2025/2026,SuperLega,Regular_Season,2nd,2,77,26/12/2025 ,18:00 ,3.110 ,€ 35.689 ,O,Sir Susa Scai Perugia ,Perugia,3,0,8,7,16,9,21,10,25,14,8,5,16,14,21,17,25,20,8,5,16,14,21,18,25,20,-,-,-,-,-,-,-,-,-,-,-,-,-,-,-,-,52,26,18,74,9,1,37,2,0.46,0.22,77,2,5,43,0.56,-,8,,,,,
2025/2026,SuperLega,Regular_Season,2nd,2,78,26/12/2025 ,18:00 ,3.899 ,€ 52.692 ,C,Vero Volley Monza ,Monza,0,3,7,8,15,16,19,21,21,25,4,8,10,16,12,21,15,25,8,7,16,13,20,21,22,25,-,-,-,-,-,-,-,-,-,-,-,-,-,-,-,-,41,10,-7,59,13,3,59,6,0.46,0.25,73,10,4,33,0.45,-,5,,,,,
2025/2026,SuperLega,Regular_Season,2nd,2,78,26/12/2025 ,18:00 ,3.899 ,€ 52.692 ,O,Itas Trentino ,Trento ,3,0,8,7,16,15,21,19,25,21,8,4,16,10,21,12,25,15,7,8,13,16,21,20,25,22,-,-,-,-,-,-,-,-,-,-,-,-,-,-,-,-,51,20,9,74,15,6,46,3,0.43,0.11,73,1,5,41,0.56,-,4,,,,,
2025/2026,SuperLega,Regular_Season,2nd,3,79,3/1/2026 ,18:00 ,4.230 ,€ 57.173 ,C,Itas Trentino ,Trento ,3,1,8,7,16,15,21,20,25,22,8,4,16,11,21,16,25,20,7,8,15,16,18,21,21,25,7,8,16,11,21,15,25,22,-,-,-,-,-,-,-,-,67,25,6,95,19,5,64,10,0.28,0.11,91,2,3,54,0.59,-,8,,,,,
2025/2026,SuperLega,Regular_Season,2nd,3,79,3/1/2026 ,18:00 ,4.230 ,€ 57.173 ,O,Cucine Lube Civitanova ,Lube,1,3,7,8,15,16,20,21,22,25,4,8,11,16,16,21,20,25,8,7,16,15,21,18,25,21,8,7,11,16,15,21,22,25,-,-,-,-,-,-,-,-,65,20,-2,90,26,9,76,5,0.42,0.2,106,3,8,53,0.5,-,3,,,,,
2025/2026,SuperLega,Regular_Season,2nd,3,80,4/1/2026 ,16:00 ,4.687 ,€ 44.636 ,C,Sir Susa Scai Perugia ,Perugia,3,1,4,8,15,16,21,18,25,21,8,7,13,16,16,21,23,25,8,5,16,9,21,10,25,14,8,6,16,11,21,15,25,19,-,-,-,-,-,-,-,-,73,34,21,97,19,11,61,8,0.49,0.25,92,5,7,52,0.57,-,10,,,,,
2025/2026,SuperLega,Regular_Season,2nd,3,80,4/1/2026 ,16:00 ,4.687 ,€ 44.636 ,O,Allianz Milano ,Milano,1,3,8,4,16,15,18,21,21,25,7,8,16,13,21,16,25,23,5,8,9,16,10,21,14,25,6,8,11,16,15,21,19,25,-,-,-,-,-,-,-,-,54,16,-12,80,19,8,78,13,0.38,0.18,93,4,10,39,0.42,-,7,,,,,
2025/2026,SuperLega,Regular_Season,2nd,3,81,3/1/2026 ,17:00 ,2.236 ,€ 16.368 ,C,Gas Sales Bluenergy Piacenza ,Piacenza,3,0,8,7,16,12,21,16,25,17,4,8,16,13,21,20,25,22,8,6,16,13,21,15,25,17,-,-,-,-,-,-,-,-,-,-,-,-,-,-,-,-,53,24,14,73,13,9,43,1,0.51,0.14,75,5,2,40,0.53,-,4,,,,,
2025/2026,SuperLega,Regular_Season,2nd,3,81,3/1/2026 ,17:00 ,2.236 ,€ 16.368 ,O,MA Acqua S.Bernardo Cuneo ,Cuneo,0,3,7,8,12,16,16,21,17,25,8,4,13,16,20,21,22,25,6,8,13,16,15,21,17,25,-,-,-,-,-,-,-,-,-,-,-,-,-,-,-,-,37,7,-8,58,15,1,60,10,0.27,0.05,68,4,4,34,0.5,-,2,,,,,
2025/2026,SuperLega,Regular_Season,2nd,3,82,4/1/2026 ,17:00 ,2.978 ,€ 23.519 ,C,Sonepar Padova ,Padova,1,3,8,7,16,15,21,18,25,20,2,8,11,16,17,21,20,25,4,8,9,16,17,21,23,25,4,8,8,16,14,21,17,25,-,-,-,-,-,-,-,-,52,21,-14,86,12,5,70,13,0.29,0.13,87,7,8,39,0.45,-,8,,,,,
2025/2026,SuperLega,Regular_Season,2nd,3,82,4/1/2026 ,17:00 ,2.978 ,€ 23.519 ,O,Valsa Group Modena ,Modena,3,1,7,8,15,16,18,21,20,25,8,2,16,11,21,17,25,20,8,4,16,9,21,17,25,23,8,4,16,8,21,14,25,17,-,-,-,-,-,-,-,-,75,32,10,94,24,12,74,5,0.51,0.23,107,6,8,55,0.51,-,8,,,,,
2025/2026,SuperLega,Regular_Season,2nd,3,83,4/1/2026 ,18:00 ,1.796 ,€ 10.422 ,C,Yuasa Battery Grottazzolina ,Grottazzolina,3,2,8,7,16,15,19,21,20,25,7,8,15,16,20,21,26,24,8,7,15,16,21,20,25,22,5,8,14,16,18,21,23,25,5,3,0,0,0,0,15,9,74,27,5,108,20,9,79,6,0.42,0.28,112,9,9,56,0.5,-,9,,,,,
2025/2026,SuperLega,Regular_Season,2nd,3,83,4/1/2026 ,18:00 ,1.796 ,€ 10.422 ,O,Cisterna Volley ,Cisterna,2,3,7,8,15,16,21,19,25,20,8,7,16,15,21,20,24,26,7,8,16,15,20,21,22,25,8,5,16,14,21,18,25,23,3,5,0,0,0,0,9,15,72,19,-8,106,27,6,88,9,0.35,0.16,113,9,9,57,0.5,-,9,,,,,
2025/2026,SuperLega,Regular_Season,2nd,3,84,4/1/2026 ,18:00 ,3.193 ,€ 26.223 ,C,Vero Volley Monza ,Monza,0,3,7,8,14,16,18,21,20,25,4,8,8,16,11,21,12,25,6,8,15,16,19,21,25,27,-,-,-,-,-,-,-,-,-,-,-,-,-,-,-,-,34,9,-14,59,12,4,57,8,0.3,0.19,63,5,8,29,0.46,-,1,,,,,
2025/2026,SuperLega,Regular_Season,2nd,3,84,4/1/2026 ,18:00 ,3.193 ,€ 26.223 ,O,Rana Verona ,Verona,3,0,8,7,16,14,21,18,25,20,8,4,16,8,21,11,25,12,8,6,16,15,21,19,27,25,-,-,-,-,-,-,-,-,-,-,-,-,-,-,-,-,57,26,15,75,18,7,47,4,0.49,0.26,67,5,1,42,0.63,-,8,,,,,
2025/2026,SuperLega,Regular_Season,2nd,4,85,11/1/2026 ,17:00 ,4.313 ,€ 54.430 ,C,Itas Trentino ,Trento ,2,3,8,5,16,10,21,15,25,20,8,6,16,9,21,13,25,20,8,7,14,16,18,21,22,25,5,8,10,16,15,21,18,25,5,4,0,0,0,0,13,15,64,29,-7,103,22,7,75,11,0.31,0.13,99,5,10,49,0.49,-,8,,,,,
2025/2026,SuperLega,Regular_Season,2nd,4,85,11/1/2026 ,17:00 ,4.313 ,€ 54.430 ,O,Rana Verona ,Verona,3,2,5,8,10,16,15,21,20,25,6,8,9,16,13,21,20,25,7,8,16,14,21,18,25,22,8,5,16,10,21,15,25,18,4,5,0,0,0,0,15,13,77,32,3,105,30,10,81,8,0.27,0.05,104,6,8,57,0.55,-,10,,,,,
2025/2026,SuperLega,Regular_Season,2nd,4,86,11/1/2026 ,18:00 ,4.212 ,€ 35.714 ,C,Sir Susa Scai Perugia ,Perugia,3,1,7,8,13,16,21,20,27,25,7,8,13,16,17,21,19,25,7,8,16,13,21,18,25,21,8,6,16,12,21,18,25,20,-,-,-,-,-,-,-,-,63,23,4,95,19,6,66,7,0.36,0.17,90,3,7,52,0.58,-,5,,,,,
2025/2026,SuperLega,Regular_Season,2nd,4,86,11/1/2026 ,18:00 ,4.212 ,€ 35.714 ,O,Valsa Group Modena ,Modena,1,3,8,7,16,13,20,21,25,27,8,7,16,13,21,17,25,19,8,7,13,16,18,21,21,25,6,8,12,16,18,21,20,25,-,-,-,-,-,-,-,-,67,20,-7,92,26,7,76,7,0.47,0.29,99,6,5,53,0.54,-,7,,,,,
2025/2026,SuperLega,Regular_Season,2nd,4,87,11/1/2026 ,18:00 ,2.299 ,€ 19.506 ,C,Cucine Lube Civitanova ,Lube,3,0,8,5,16,11,21,14,25,17,8,7,15,16,20,21,27,25,8,6,16,13,20,21,30,28,-,-,-,-,-,-,-,-,-,-,-,-,-,-,-,-,56,22,5,80,17,6,50,3,0.6,0.34,74,6,5,40,0.54,-,10,,,,,
2025/2026,SuperLega,Regular_Season,2nd,4,87,11/1/2026 ,18:00 ,2.299 ,€ 19.506 ,O,Sonepar Padova ,Padova,0,3,5,8,11,16,14,21,17,25,7,8,16,15,21,20,25,27,6,8,13,16,21,20,28,30,-,-,-,-,-,-,-,-,-,-,-,-,-,-,-,-,45,9,-14,72,22,3,63,6,0.37,0.24,80,4,10,37,0.46,-,5,,,,,
2025/2026,SuperLega,Regular_Season,2nd,4,88,11/1/2026 ,18:00 ,2.212 ,€ 14.864 ,C,Gas Sales Bluenergy Piacenza ,Piacenza,3,0,8,5,16,13,21,18,25,21,8,5,16,10,20,21,25,22,8,3,16,7,21,10,25,13,-,-,-,-,-,-,-,-,-,-,-,-,-,-,-,-,60,27,14,74,17,8,47,-,0.49,0.26,90,4,6,46,0.51,-,6,,,,,
2025/2026,SuperLega,Regular_Season,2nd,4,88,11/1/2026 ,18:00 ,2.212 ,€ 14.864 ,O,Vero Volley Monza ,Monza,0,3,5,8,13,16,18,21,21,25,5,8,10,16,21,20,22,25,3,8,7,16,10,21,13,25,-,-,-,-,-,-,-,-,-,-,-,-,-,-,-,-,34,9,-11,57,10,-,57,9,0.23,0.05,69,3,6,28,0.41,-,6,,,,,
2025/2026,SuperLega,Regular_Season,2nd,4,89,11/1/2026 ,18:00 ,1.382 ,€ 7.858 ,C,Allianz Milano ,Milano,3,1,8,6,16,11,21,17,25,19,6,8,14,16,21,17,25,21,3,8,14,16,20,21,30,32,5,8,16,14,21,17,25,21,-,-,-,-,-,-,-,-,78,32,25,104,22,13,76,4,0.53,0.25,103,3,9,56,0.54,-,9,,,,,
2025/2026,SuperLega,Regular_Season,2nd,4,89,11/1/2026 ,18:00 ,1.382 ,€ 7.858 ,O,Cisterna Volley ,Cisterna,1,3,6,8,11,16,17,21,19,25,8,6,16,14,17,21,21,25,8,3,16,14,21,20,32,30,8,5,14,16,17,21,21,25,-,-,-,-,-,-,-,-,68,25,2,94,18,3,82,13,0.43,0.23,96,6,9,56,0.58,-,9,,,,,
2025/2026,SuperLega,Regular_Season,2nd,4,90,10/1/2026 ,18:30 ,2.961 ,€ 26.966 ,C,MA Acqua S.Bernardo Cuneo ,Cuneo,3,0,8,5,16,14,21,20,25,23,8,6,15,16,21,19,25,23,7,8,16,14,21,15,25,18,-,-,-,-,-,-,-,-,-,-,-,-,-,-,-,-,53,23,10,73,16,2,52,5,0.4,0.21,82,4,8,42,0.51,-,9,,,,,
2025/2026,SuperLega,Regular_Season,2nd,4,90,10/1/2026 ,18:30 ,2.961 ,€ 26.966 ,O,Yuasa Battery Grottazzolina ,Grottazzolina,0,3,5,8,14,16,20,21,23,25,6,8,16,15,19,21,23,25,8,7,14,16,15,21,18,25,-,-,-,-,-,-,-,-,-,-,-,-,-,-,-,-,43,17,-7,65,13,4,57,4,0.56,0.26,84,7,9,31,0.37,-,8,,,,,
2025/2026,SuperLega,Regular_Season,2nd,5,91,14/1/2026 ,20:30 ,3.245 ,€ 16.312 ,C,Rana Verona ,Verona,3,0,8,7,15,16,21,17,25,18,8,6,16,14,21,18,25,21,8,7,14,16,21,20,25,23,-,-,-,-,-,-,-,-,-,-,-,-,-,-,-,-,54,18,9,73,16,2,53,4,0.34,0.15,71,3,6,42,0.59,-,10,,,,,
2025/2026,SuperLega,Regular_Season,2nd,5,91,14/1/2026 ,20:30 ,3.245 ,€ 16.312 ,O,Sonepar Padova ,Padova,0,3,7,8,16,15,17,21,18,25,6,8,14,16,18,21,21,25,7,8,16,14,20,21,23,25,-,-,-,-,-,-,-,-,-,-,-,-,-,-,-,-,41,11,-5,64,11,4,57,5,0.35,0.19,73,7,10,31,0.42,-,6,,,,,
2025/2026,SuperLega,Regular_Season,2nd,5,92,14/1/2026 ,19:30 ,1.425 ,€ 10.386 ,C,Allianz Milano ,Milano,0,3,7,8,16,14,20,21,23,25,6,8,14,16,16,21,20,25,6,8,10,16,14,21,17,25,-,-,-,-,-,-,-,-,-,-,-,-,-,-,-,-,33,9,-16,61,12,2,54,10,0.41,0.22,64,4,8,28,0.44,-,3,,,,,
2025/2026,SuperLega,Regular_Season,2nd,5,92,14/1/2026 ,19:30 ,1.425 ,€ 10.386 ,O,Gas Sales Bluenergy Piacenza ,Piacenza,3,0,8,7,14,16,21,20,25,23,8,6,16,14,21,16,25,20,8,6,16,10,21,14,25,17,-,-,-,-,-,-,-,-,-,-,-,-,-,-,-,-,58,25,17,74,20,10,49,3,0.47,0.24,63,7,3,40,0.63,-,8,,,,,
2025/2026,SuperLega,Regular_Season,2nd,5,93,14/1/2026 ,20:30 ,3.453 ,€ 52.461 ,C,Valsa Group Modena ,Modena,3,1,8,3,16,9,21,14,25,17,5,8,11,16,13,21,19,25,8,7,16,15,21,19,25,21,8,7,16,12,21,16,25,21,-,-,-,-,-,-,-,-,68,29,5,93,22,14,69,8,0.42,0.26,106,3,10,52,0.49,-,2,,,,,
2025/2026,SuperLega,Regular_Season,2nd,5,93,14/1/2026 ,20:30 ,3.453 ,€ 52.461 ,O,Itas Trentino ,Trento ,1,3,3,8,9,16,14,21,17,25,8,5,16,11,21,13,25,19,7,8,15,16,19,21,21,25,7,8,12,16,16,21,21,25,-,-,-,-,-,-,-,-,57,25,-5,85,16,6,71,14,0.27,0.14,84,8,2,41,0.49,-,10,,,,,
2025/2026,SuperLega,Regular_Season,2nd,5,94,15/1/2026 ,20:30 ,1.028 ,€ 4.575 ,C,Cisterna Volley ,Cisterna,3,1,8,6,16,14,21,18,25,22,8,7,14,16,21,19,25,23,7,8,14,16,15,21,18,25,6,8,14,16,21,20,25,22,-,-,-,-,-,-,-,-,66,18,6,92,16,4,77,5,0.58,0.38,105,2,12,56,0.53,-,6,,,,,
2025/2026,SuperLega,Regular_Season,2nd,5,94,15/1/2026 ,20:30 ,1.028 ,€ 4.575 ,O,Vero Volley Monza ,Monza,1,3,6,8,14,16,18,21,22,25,7,8,16,14,19,21,23,25,8,7,16,14,21,15,25,18,8,6,16,14,20,21,22,25,-,-,-,-,-,-,-,-,72,25,16,93,16,5,76,5,0.62,0.29,106,11,6,55,0.52,-,12,,,,,
2025/2026,SuperLega,Regular_Season,2nd,5,95,14/1/2026 ,20:30 ,2.704 ,€ 15.575 ,C,Yuasa Battery Grottazzolina ,Grottazzolina,0,3,5,8,13,16,16,21,20,25,4,8,12,16,16,21,18,25,5,8,11,16,14,21,17,25,-,-,-,-,-,-,-,-,-,-,-,-,-,-,-,-,34,7,-19,56,9,4,59,11,0.27,0.17,66,4,7,27,0.41,-,3,,,,,
2025/2026,SuperLega,Regular_Season,2nd,5,95,14/1/2026 ,20:30 ,2.704 ,€ 15.575 ,O,Cucine Lube Civitanova ,Lube,3,0,8,5,16,13,21,16,25,20,8,4,16,12,21,16,25,18,8,5,16,11,21,14,25,17,-,-,-,-,-,-,-,-,-,-,-,-,-,-,-,-,61,27,23,74,15,9,47,5,0.51,0.34,68,6,3,45,0.66,-,7,,,,,
2025/2026,SuperLega,Regular_Season,2nd,5,96,14/1/2026 ,20:30 ,3.407 ,€ 40.424 ,C,MA Acqua S.Bernardo Cuneo ,Cuneo,0,3,6,8,16,13,21,19,27,29,5,8,12,16,20,21,23,25,2,8,12,16,20,21,22,25,-,-,-,-,-,-,-,-,-,-,-,-,-,-,-,-,50,15,9,74,19,2,62,3,0.56,0.35,87,9,5,44,0.51,-,4,,,,,
2025/2026,SuperLega,Regular_Season,2nd,5,96,14/1/2026 ,20:30 ,3.407 ,€ 40.424 ,O,Sir Susa Scai Perugia ,Perugia,3,0,8,6,13,16,19,21,29,27,8,5,16,12,21,20,25,23,8,2,16,12,21,20,25,22,-,-,-,-,-,-,-,-,-,-,-,-,-,-,-,-,50,18,14,77,15,3,54,2,0.41,0.26,76,7,4,42,0.55,-,5,,,,,
2025/2026,SuperLega,Regular_Season,2nd,6,97,18/1/2026 ,17:00 ,3.845 ,€ 32.579 ,C,Itas Trentino ,Trento ,3,0,8,3,16,14,21,15,25,18,8,3,16,12,21,17,25,22,8,4,16,8,21,14,25,17,-,-,-,-,-,-,-,-,-,-,-,-,-,-,-,-,58,26,18,74,19,3,49,5,0.33,0.12,76,4,3,47,0.62,-,8,,,,,
2025/2026,SuperLega,Regular_Season,2nd,6,97,18/1/2026 ,17:00 ,3.845 ,€ 32.579 ,O,Allianz Milano ,Milano,0,3,3,8,14,16,15,21,18,25,3,8,12,16,17,21,22,25,4,8,8,16,14,21,17,25,-,-,-,-,-,-,-,-,-,-,-,-,-,-,-,-,34,10,-9,58,9,5,55,5,0.36,0.22,65,5,8,26,0.4,-,3,,,,,
2025/2026,SuperLega,Regular_Season,2nd,6,98,18/1/2026 ,18:00 ,4.344 ,€ 65.500 ,C,Cucine Lube Civitanova ,Lube,1,3,7,8,12,16,16,21,17,25,5,8,12,16,15,21,19,25,8,7,14,16,21,19,25,22,7,8,9,16,11,21,14,25,-,-,-,-,-,-,-,-,49,11,-14,76,25,5,77,7,0.53,0.27,85,5,8,39,0.46,-,5,,,,,
2025/2026,SuperLega,Regular_Season,2nd,6,98,18/1/2026 ,18:00 ,4.344 ,€ 65.500 ,O,Sir Susa Scai Perugia ,Perugia,3,1,8,7,16,12,21,16,25,17,8,5,16,12,21,15,25,19,7,8,16,14,19,21,22,25,8,7,16,9,21,11,25,14,-,-,-,-,-,-,-,-,65,32,11,96,19,7,51,6,0.51,0.24,78,5,5,50,0.64,-,8,,,,,
2025/2026,SuperLega,Regular_Season,2nd,6,99,17/1/2026 ,18:00 ,5.300 ,€ 35.446 ,C,Rana Verona ,Verona,3,0,8,3,16,7,21,11,25,17,8,6,16,10,21,16,25,20,7,8,15,16,19,21,25,23,-,-,-,-,-,-,-,-,-,-,-,-,-,-,-,-,53,27,12,73,19,11,46,5,0.33,0.09,68,4,4,39,0.57,-,3,,,,,
2025/2026,SuperLega,Regular_Season,2nd,6,99,17/1/2026 ,18:00 ,5.300 ,€ 35.446 ,O,MA Acqua S.Bernardo Cuneo ,Cuneo,0,3,3,8,7,16,11,21,17,25,6,8,10,16,16,21,20,25,8,7,16,15,21,19,23,25,-,-,-,-,-,-,-,-,-,-,-,-,-,-,-,-,34,15,-17,62,16,5,54,14,0.33,0.13,63,6,3,25,0.4,-,4,,,,,
2025/2026,SuperLega,Regular_Season,2nd,6,100,18/1/2026 ,18:00 ,2.112 ,€ 12.847 ,C,Gas Sales Bluenergy Piacenza ,Piacenza,3,0,8,5,16,8,21,11,25,13,8,7,13,16,18,21,25,23,7,8,16,13,21,18,25,22,-,-,-,-,-,-,-,-,-,-,-,-,-,-,-,-,56,26,16,74,16,8,44,2,0.43,0.18,71,-,4,45,0.63,-,3,,,,,
2025/2026,SuperLega,Regular_Season,2nd,6,100,18/1/2026 ,18:00 ,2.112 ,€ 12.847 ,O,Yuasa Battery Grottazzolina ,Grottazzolina,0,3,5,8,8,16,11,21,13,25,7,8,16,13,21,18,23,25,8,7,13,16,18,21,22,25,-,-,-,-,-,-,-,-,-,-,-,-,-,-,-,-,41,13,-1,59,15,2,58,10,0.38,0.19,74,3,3,35,0.47,-,4,,,,,
2025/2026,SuperLega,Regular_Season,2nd,6,101,18/1/2026 ,18:00 ,2.529 ,€ 12.634 ,C,Sonepar Padova ,Padova,3,2,8,7,14,16,18,21,21,25,8,3,16,7,21,10,25,12,8,7,16,14,20,21,26,24,6,8,13,16,21,20,23,25,5,3,0,0,0,0,15,9,79,30,18,110,23,10,73,2,0.56,0.36,107,7,7,55,0.51,-,14,,,,,
2025/2026,SuperLega,Regular_Season,2nd,6,101,18/1/2026 ,18:00 ,2.529 ,€ 12.634 ,O,Cisterna Volley ,Cisterna,2,3,7,8,16,14,21,18,25,21,3,8,7,16,10,21,12,25,7,8,14,16,21,20,24,26,8,6,16,13,20,21,25,23,3,5,0,0,0,0,9,15,63,16,-10,95,22,2,87,11,0.54,0.22,123,7,14,54,0.44,-,7,,,,,
2025/2026,SuperLega,Regular_Season,2nd,6,102,18/1/2026 ,19:00 ,2.804 ,€ 16.501 ,C,Vero Volley Monza ,Monza,3,0,5,8,14,16,19,21,33,31,3,8,10,16,21,20,25,23,8,6,16,15,21,19,25,21,-,-,-,-,-,-,-,-,-,-,-,-,-,-,-,-,56,27,5,82,17,2,53,7,0.36,0.17,70,4,4,39,0.56,-,15,,,,,
2025/2026,SuperLega,Regular_Season,2nd,6,102,18/1/2026 ,19:00 ,2.804 ,€ 16.501 ,O,Valsa Group Modena ,Modena,0,3,8,5,16,14,21,19,31,33,8,3,16,10,20,21,23,25,6,8,15,16,19,21,21,25,-,-,-,-,-,-,-,-,-,-,-,-,-,-,-,-,53,19,-8,76,23,7,65,2,0.55,0.22,87,4,15,42,0.48,-,4,,,,,
2025/2026,SuperLega,Regular_Season,2nd,7,103,25/1/2026 ,18:00 ,5.281 ,€ 56.553 ,C,Sir Susa Scai Perugia ,Perugia,3,1,3,8,5,16,9,21,11,25,7,8,16,15,21,17,25,23,8,1,16,7,21,13,25,15,8,7,16,11,21,13,25,18,-,-,-,-,-,-,-,-,64,29,8,85,14,6,66,5,0.35,0.2,90,1,14,50,0.56,-,8,,,,,
2025/2026,SuperLega,Regular_Season,2nd,7,103,25/1/2026 ,18:00 ,5.281 ,€ 56.553 ,O,Itas Trentino ,Trento ,1,3,8,3,16,5,21,9,25,11,8,7,15,16,17,21,23,25,1,8,7,16,13,21,15,25,7,8,11,16,13,21,18,25,-,-,-,-,-,-,-,-,65,27,13,82,16,5,71,9,0.32,0.23,88,5,8,46,0.52,-,14,,,,,
2025/2026,SuperLega,Regular_Season,2nd,7,104,25/1/2026 ,16:00 ,3.164 ,€ 38.912 ,C,Allianz Milano ,Milano,3,1,8,7,16,12,21,17,25,17,8,6,16,13,21,16,38,36,3,8,4,16,7,21,12,25,6,8,16,13,21,16,25,21,-,-,-,-,-,-,-,-,65,28,1,99,18,10,74,9,0.41,0.16,102,7,11,44,0.43,-,11,,,,,
2025/2026,SuperLega,Regular_Season,2nd,7,104,25/1/2026 ,16:00 ,3.164 ,€ 38.912 ,O,Cucine Lube Civitanova ,Lube,1,3,7,8,12,16,17,21,17,25,6,8,13,16,16,21,36,38,8,3,16,4,21,7,25,12,8,6,13,16,16,21,21,25,-,-,-,-,-,-,-,-,71,26,4,100,26,9,81,10,0.56,0.31,108,9,11,51,0.47,-,11,,,,,
2025/2026,SuperLega,Regular_Season,2nd,7,105,24/1/2026 ,21:00 ,3.688 ,€ 45.315 ,C,Valsa Group Modena ,Modena,3,2,5,8,11,16,15,21,18,25,7,8,16,13,21,18,25,21,8,7,15,16,18,21,23,25,7,8,16,14,21,18,25,23,5,1,0,0,0,0,15,9,65,27,-9,105,32,14,68,9,0.5,0.32,86,5,7,46,0.53,-,5,,,,,
2025/2026,SuperLega,Regular_Season,2nd,7,105,24/1/2026 ,21:00 ,3.688 ,€ 45.315 ,O,Gas Sales Bluenergy Piacenza ,Piacenza,2,3,8,5,16,11,21,15,25,18,8,7,13,16,18,21,21,25,7,8,16,15,21,18,25,23,8,7,14,16,18,21,23,25,1,5,0,0,0,0,9,15,64,24,-13,104,36,7,73,14,0.27,0.18,92,4,5,50,0.54,-,7,,,,,
2025/2026,SuperLega,Regular_Season,2nd,7,106,25/1/2026 ,18:00 ,1.857 ,€ 11.439 ,C,Cisterna Volley ,Cisterna,0,3,5,8,14,16,18,21,22,25,8,7,15,16,17,21,18,25,7,8,16,13,21,19,23,25,-,-,-,-,-,-,-,-,-,-,-,-,-,-,-,-,41,15,-7,65,11,6,56,5,0.54,0.3,72,5,7,32,0.44,-,3,,,,,
2025/2026,SuperLega,Regular_Season,2nd,7,106,25/1/2026 ,18:00 ,1.857 ,€ 11.439 ,O,Rana Verona ,Verona,3,0,8,5,16,14,21,18,25,22,7,8,16,15,21,17,25,18,8,7,13,16,19,21,25,23,-,-,-,-,-,-,-,-,-,-,-,-,-,-,-,-,59,22,17,73,17,3,54,7,0.54,0.31,74,3,3,49,0.66,-,7,,,,,
2025/2026,SuperLega,Regular_Season,2nd,7,107,25/1/2026 ,18:00 ,1.399 ,€ 8.379 ,C,Yuasa Battery Grottazzolina ,Grottazzolina,2,3,5,8,12,16,18,21,22,25,8,5,16,10,21,16,25,20,8,6,16,11,21,14,25,20,8,5,16,12,21,20,23,25,2,5,0,0,0,0,11,15,78,28,4,107,25,9,84,6,0.44,0.26,110,7,13,60,0.55,-,9,,,,,
2025/2026,SuperLega,Regular_Season,2nd,7,107,25/1/2026 ,18:00 ,1.399 ,€ 8.379 ,O,Sonepar Padova ,Padova,3,2,8,5,16,12,21,18,25,22,5,8,10,16,16,21,20,25,6,8,11,16,14,21,20,25,5,8,12,16,20,21,25,23,5,2,0,0,0,0,15,11,72,27,3,104,20,4,82,10,0.39,0.17,103,7,9,55,0.53,-,13,,,,,
2025/2026,SuperLega,Regular_Season,2nd,7,108,25/1/2026 ,18:00 ,3.077 ,€ 29.308 ,C,MA Acqua S.Bernardo Cuneo ,Cuneo,3,2,8,7,16,12,21,18,25,27,6,8,16,14,20,21,25,22,8,4,16,13,21,17,25,20,6,8,14,16,17,21,23,25,5,3,0,0,0,0,15,8,83,29,20,113,22,6,83,7,0.54,0.31,122,8,12,66,0.54,-,11,,,,,
2025/2026,SuperLega,Regular_Season,2nd,7,108,25/1/2026 ,18:00 ,3.077 ,€ 29.308 ,O,Vero Volley Monza ,Monza,2,3,7,8,12,16,18,21,27,25,8,6,14,16,21,20,22,25,4,8,13,16,17,21,20,25,8,6,16,14,21,17,25,23,3,5,0,0,0,0,8,15,71,22,14,102,19,7,91,7,0.47,0.31,121,10,11,52,0.43,-,12,,,,,
2025/2026,SuperLega,Regular_Season,2nd,8,109,1/2/2026 ,17:00 ,3.250 ,€ 24.864 ,C,Itas Trentino ,Trento ,3,0,8,7,16,11,21,12,25,16,8,6,15,16,19,21,26,24,8,6,16,12,21,18,25,20,-,-,-,-,-,-,-,-,-,-,-,-,-,-,-,-,59,24,14,74,11,5,50,4,0.34,0.12,69,5,4,40,0.58,-,14,,,,,
2025/2026,SuperLega,Regular_Season,2nd,8,109,1/2/2026 ,17:00 ,3.250 ,€ 24.864 ,O,MA Acqua S.Bernardo Cuneo ,Cuneo,0,3,7,8,11,16,12,21,16,25,6,8,16,15,21,19,24,26,6,8,12,16,18,21,20,25,-,-,-,-,-,-,-,-,-,-,-,-,-,-,-,-,44,10,-6,62,12,4,63,5,0.43,0.21,74,4,14,36,0.49,-,4,,,,,
2025/2026,SuperLega,Regular_Season,2nd,8,110,1/2/2026 ,18:00 ,5.296 ,€ 49.983 ,C,Rana Verona ,Verona,0,3,7,8,14,16,20,21,25,27,5,8,13,16,19,21,21,25,4,8,8,16,12,21,17,25,-,-,-,-,-,-,-,-,-,-,-,-,-,-,-,-,40,8,-9,65,17,3,57,9,0.32,0.11,68,4,9,33,0.49,-,4,,,,,
2025/2026,SuperLega,Regular_Season,2nd,8,110,1/2/2026 ,18:00 ,5.296 ,€ 49.983 ,O,Cucine Lube Civitanova ,Lube,3,0,8,7,16,14,21,20,27,25,8,5,16,13,21,19,25,21,8,4,16,8,21,12,25,17,-,-,-,-,-,-,-,-,-,-,-,-,-,-,-,-,54,19,16,75,18,6,48,3,0.46,0.17,68,4,4,39,0.57,-,9,,,,,
2025/2026,SuperLega,Regular_Season,2nd,8,111,1/2/2026 ,18:00 ,2.185 ,€ 12.843 ,C,Gas Sales Bluenergy Piacenza ,Piacenza,3,0,8,5,16,11,21,16,25,18,6,8,16,13,21,18,25,19,6,8,16,15,21,20,27,25,-,-,-,-,-,-,-,-,-,-,-,-,-,-,-,-,62,23,18,75,15,10,52,1,0.58,0.33,79,4,3,47,0.59,-,5,,,,,
2025/2026,SuperLega,Regular_Season,2nd,8,111,1/2/2026 ,18:00 ,2.185 ,€ 12.843 ,O,Cisterna Volley ,Cisterna,0,3,5,8,11,16,16,21,18,25,8,6,13,16,18,21,19,25,8,6,15,16,20,21,25,27,-,-,-,-,-,-,-,-,-,-,-,-,-,-,-,-,41,9,-9,64,12,1,60,10,0.27,0.13,75,3,5,37,0.49,-,3,,,,,
2025/2026,SuperLega,Regular_Season,2nd,8,112,1/2/2026 ,18:00 ,3.476 ,€ 40.101 ,C,Valsa Group Modena ,Modena,3,0,8,5,16,9,21,13,25,18,8,4,16,15,20,21,26,24,8,7,16,15,21,19,25,22,-,-,-,-,-,-,-,-,-,-,-,-,-,-,-,-,58,22,18,74,20,9,51,3,0.47,0.29,61,2,5,42,0.69,-,7,,,,,
2025/2026,SuperLega,Regular_Season,2nd,8,112,1/2/2026 ,18:00 ,3.476 ,€ 40.101 ,O,Allianz Milano ,Milano,0,3,5,8,9,16,13,21,18,25,4,8,15,16,21,20,24,26,7,8,15,16,19,21,22,25,-,-,-,-,-,-,-,-,-,-,-,-,-,-,-,-,41,13,-8,66,15,3,54,10,0.43,0.24,62,2,7,33,0.53,-,5,,,,,
2025/2026,SuperLega,Regular_Season,2nd,8,113,1/2/2026 ,17:00 ,3.531 ,€ 52.892 ,C,Sonepar Padova ,Padova,1,3,7,8,15,16,20,21,26,28,6,8,11,16,16,21,19,25,8,6,16,13,21,20,26,24,6,8,16,15,19,21,22,25,-,-,-,-,-,-,-,-,67,24,-7,94,22,4,79,5,0.42,0.15,111,7,21,51,0.46,-,12,,,,,
2025/2026,SuperLega,Regular_Season,2nd,8,113,1/2/2026 ,17:00 ,3.531 ,€ 52.892 ,O,Sir Susa Scai Perugia ,Perugia,3,1,8,7,16,15,21,20,28,26,8,6,16,11,21,16,25,19,6,8,13,16,20,21,24,26,8,6,15,16,21,19,25,22,-,-,-,-,-,-,-,-,70,28,9,101,22,4,72,6,0.31,0.08,96,2,12,45,0.47,-,21,,,,,
2025/2026,SuperLega,Regular_Season,2nd,8,114,31/1/2026 ,18:00 ,1.115 ,€ 7.100 ,C,Yuasa Battery Grottazzolina ,Grottazzolina,0,3,6,8,13,16,17,21,20,25,7,8,14,16,16,21,18,25,5,8,11,16,13,21,19,25,-,-,-,-,-,-,-,-,-,-,-,-,-,-,-,-,38,11,-18,59,12,3,60,7,0.5,0.33,77,6,8,33,0.43,-,2,,,,,
2025/2026,SuperLega,Regular_Season,2nd,8,114,31/1/2026 ,18:00 ,1.115 ,€ 7.100 ,O,Vero Volley Monza ,Monza,3,0,8,6,16,13,21,17,25,20,8,7,16,14,21,16,25,18,8,5,16,11,21,13,25,19,-,-,-,-,-,-,-,-,-,-,-,-,-,-,-,-,57,26,22,73,13,5,47,3,0.45,0.26,65,5,2,44,0.68,-,8,,,,,
2025/2026,SuperLega,Regular_Season,2nd,9,115,15/2/2026 ,17:00 ,3.233 ,€ 23.265 ,C,Itas Trentino ,Trento ,3,2,4,8,14,16,17,21,22,25,8,7,16,10,21,12,25,15,6,8,13,16,18,21,23,25,8,3,16,10,21,17,25,22,4,5,0,0,0,0,15,13,80,32,5,110,20,9,79,4,0.42,0.15,114,13,7,54,0.47,-,17,,,,,
2025/2026,SuperLega,Regular_Season,2nd,9,115,15/2/2026 ,17:00 ,3.233 ,€ 23.265 ,O,Yuasa Battery Grottazzolina ,Grottazzolina,2,3,8,4,16,14,21,17,25,22,7,8,10,16,12,21,15,25,8,6,16,13,21,18,25,23,3,8,10,16,17,21,22,25,5,4,0,0,0,0,13,15,66,18,-13,100,21,3,90,11,0.41,0.17,132,8,17,56,0.42,-,7,,,,,
2025/2026,SuperLega,Regular_Season,2nd,9,116,15/2/2026 ,18:00 ,4.384 ,€ 38.042 ,C,Sir Susa Scai Perugia ,Perugia,3,2,6,8,11,16,18,21,21,25,8,5,16,12,21,15,25,17,8,7,16,11,21,15,25,18,4,8,14,16,19,21,23,25,5,3,0,0,0,0,15,12,70,25,14,108,16,2,69,5,0.55,0.28,111,10,12,56,0.5,-,12,,,,,
2025/2026,SuperLega,Regular_Season,2nd,9,116,15/2/2026 ,18:00 ,4.384 ,€ 38.042 ,O,Gas Sales Bluenergy Piacenza ,Piacenza,2,3,8,6,16,11,21,18,25,21,5,8,12,16,15,21,17,25,7,8,11,16,15,21,18,25,8,4,16,14,21,19,25,23,3,5,0,0,0,0,12,15,69,17,-12,98,29,5,92,2,0.48,0.24,127,10,12,52,0.41,-,12,,,,,
2025/2026,SuperLega,Regular_Season,2nd,9,117,14/2/2026 ,18:00 ,3.065 ,€ 36.458 ,C,Cucine Lube Civitanova ,Lube,2,3,6,8,12,16,17,21,17,25,4,8,10,16,15,21,22,25,8,6,16,14,21,14,25,17,8,5,16,8,21,12,25,18,4,5,0,0,0,0,13,15,63,24,-7,102,26,7,72,9,0.36,0.17,105,8,8,48,0.46,-,8,,,,,
2025/2026,SuperLega,Regular_Season,2nd,9,117,14/2/2026 ,18:00 ,3.065 ,€ 36.458 ,O,Valsa Group Modena ,Modena,3,2,8,6,16,12,21,17,25,17,8,4,16,10,21,15,25,22,6,8,14,16,14,21,17,25,5,8,8,16,12,21,18,25,5,4,0,0,0,0,15,13,65,25,-6,100,28,8,76,7,0.47,0.28,98,9,8,49,0.5,-,8,,,,,
2025/2026,SuperLega,Regular_Season,2nd,9,118,15/2/2026 ,18:00 ,3.132 ,€ 32.219 ,C,Allianz Milano ,Milano,0,3,8,7,14,16,21,20,25,27,7,8,15,16,21,20,23,25,6,8,13,16,14,21,16,25,-,-,-,-,-,-,-,-,-,-,-,-,-,-,-,-,37,9,-13,65,16,3,53,6,0.26,0.13,70,6,5,32,0.46,-,2,,,,,
2025/2026,SuperLega,Regular_Season,2nd,9,118,15/2/2026 ,18:00 ,3.132 ,€ 32.219 ,O,Rana Verona ,Verona,3,0,7,8,16,14,20,21,27,25,8,7,16,15,20,21,25,23,8,6,16,13,21,14,25,16,-,-,-,-,-,-,-,-,-,-,-,-,-,-,-,-,55,18,11,76,23,5,49,5,0.37,0.16,68,4,2,45,0.66,-,5,,,,,
2025/2026,SuperLega,Regular_Season,2nd,9,119,15/2/2026 ,17:00 ,1.696 ,€ 9.420 ,C,Cisterna Volley ,Cisterna,3,0,8,2,16,11,21,15,25,19,8,6,16,11,21,14,25,19,8,7,16,15,21,20,27,25,-,-,-,-,-,-,-,-,-,-,-,-,-,-,-,-,49,19,-,75,21,1,49,5,0.45,0.22,86,4,4,44,0.51,-,4,,,,,
2025/2026,SuperLega,Regular_Season,2nd,9,119,15/2/2026 ,17:00 ,1.696 ,€ 9.420 ,O,MA Acqua S.Bernardo Cuneo ,Cuneo,0,3,2,8,11,16,15,21,19,25,6,8,11,16,14,21,19,25,7,8,15,16,20,21,25,27,-,-,-,-,-,-,-,-,-,-,-,-,-,-,-,-,36,13,-13,65,16,5,54,2,0.5,0.26,79,10,4,27,0.34,-,4,,,,,
2025/2026,SuperLega,Regular_Season,2nd,9,120,14/2/2026 ,18:00 ,2.899 ,€ 15.801 ,C,Vero Volley Monza ,Monza,3,0,8,5,16,11,21,13,25,16,8,6,16,13,21,17,25,22,8,5,16,11,21,14,25,16,-,-,-,-,-,-,-,-,-,-,-,-,-,-,-,-,56,26,22,73,12,7,40,1,0.45,0.2,58,1,2,36,0.62,-,13,,,,,
2025/2026,SuperLega,Regular_Season,2nd,9,120,14/2/2026 ,18:00 ,2.899 ,€ 15.801 ,O,Sonepar Padova ,Padova,0,3,5,8,11,16,13,21,16,25,6,8,13,16,17,21,22,25,5,8,11,16,14,21,16,25,-,-,-,-,-,-,-,-,-,-,-,-,-,-,-,-,40,8,-15,56,16,1,61,9,0.49,0.25,83,2,13,37,0.45,-,2,,,,,
2025/2026,SuperLega,Regular_Season,2nd,10,121,21/2/2026 ,20:30 ,5.340 ,€ 56.710 ,C,Rana Verona ,Verona,0,3,5,8,10,16,13,21,15,25,8,7,15,16,17,21,21,25,5,8,12,16,16,21,23,25,-,-,-,-,-,-,-,-,-,-,-,-,-,-,-,-,47,9,-2,61,18,4,66,5,0.33,0.15,74,6,3,39,0.53,-,4,,,,,
2025/2026,SuperLega,Regular_Season,2nd,10,121,21/2/2026 ,20:30 ,5.340 ,€ 56.710 ,O,Sir Susa Scai Perugia ,Perugia,3,0,8,5,16,10,21,13,25,15,7,8,16,15,21,17,25,21,8,5,16,12,21,16,25,23,-,-,-,-,-,-,-,-,-,-,-,-,-,-,-,-,50,18,23,73,7,5,43,4,0.49,0.26,65,3,4,42,0.65,-,3,,,,,
2025/2026,SuperLega,Regular_Season,2nd,10,122,22/2/2026 ,18:00 ,3.453 ,€ 45.667 ,C,Gas Sales Bluenergy Piacenza ,Piacenza,3,1,4,8,11,16,20,21,23,25,8,7,16,15,21,20,25,23,8,3,16,11,21,16,25,21,8,7,16,13,21,18,25,22,-,-,-,-,-,-,-,-,76,33,13,97,21,10,73,5,0.41,0.16,105,8,11,54,0.51,-,12,,,,,
2025/2026,SuperLega,Regular_Season,2nd,10,122,22/2/2026 ,18:00 ,3.453 ,€ 45.667 ,O,Itas Trentino ,Trento ,1,3,8,4,16,11,21,20,25,23,7,8,15,16,20,21,23,25,3,8,11,16,16,21,21,25,7,8,13,16,18,21,22,25,-,-,-,-,-,-,-,-,61,21,-9,92,19,4,76,13,0.36,0.12,105,2,12,46,0.44,-,11,,,,,
2025/2026,SuperLega,Regular_Season,2nd,10,123,22/2/2026 ,17:00 ,2.297 ,€ 17.015 ,C,Cisterna Volley ,Cisterna,2,3,4,8,12,16,16,21,18,25,3,8,10,16,14,21,17,25,8,7,13,16,21,19,25,23,8,6,16,13,21,19,29,27,3,5,0,0,0,0,7,15,66,17,-,96,20,4,89,8,0.4,0.18,115,7,6,54,0.47,-,8,,,,,
2025/2026,SuperLega,Regular_Season,2nd,10,123,22/2/2026 ,17:00 ,2.297 ,€ 17.015 ,O,Cucine Lube Civitanova ,Lube,3,2,8,4,16,12,21,16,25,18,8,3,16,10,21,14,25,17,7,8,16,13,19,21,23,25,6,8,13,16,19,21,27,29,5,3,0,0,0,0,15,7,86,31,27,115,26,5,76,4,0.64,0.38,132,3,8,75,0.57,-,6,,,,,
2025/2026,SuperLega,Regular_Season,2nd,10,124,22/2/2026 ,18:00 ,1.446 ,€ 7.735 ,C,Yuasa Battery Grottazzolina ,Grottazzolina,0,3,7,8,13,16,18,21,26,28,5,8,11,16,14,21,18,25,7,8,13,16,18,21,20,25,-,-,-,-,-,-,-,-,-,-,-,-,-,-,-,-,41,12,-6,66,14,1,56,8,0.39,0.27,65,2,9,36,0.55,-,4,,,,,
2025/2026,SuperLega,Regular_Season,2nd,10,124,22/2/2026 ,18:00 ,1.446 ,€ 7.735 ,O,Valsa Group Modena ,Modena,3,0,8,7,16,13,21,18,28,26,8,5,16,11,21,14,25,18,8,7,16,13,21,18,25,20,-,-,-,-,-,-,-,-,-,-,-,-,-,-,-,-,60,22,16,76,20,8,52,2,0.5,0.38,62,3,4,43,0.69,-,9,,,,,
2025/2026,SuperLega,Regular_Season,2nd,10,125,22/2/2026 ,19:00 ,3.764 ,€ 22.708 ,C,Vero Volley Monza ,Monza,3,1,7,8,14,16,17,21,23,25,8,4,16,11,21,16,25,18,8,7,16,10,21,15,25,17,8,5,16,13,21,14,25,21,-,-,-,-,-,-,-,-,71,31,24,97,17,8,62,3,0.52,0.24,96,4,6,47,0.49,-,16,,,,,
2025/2026,SuperLega,Regular_Season,2nd,10,125,22/2/2026 ,19:00 ,3.764 ,€ 22.708 ,O,Allianz Milano ,Milano,1,3,8,7,16,14,21,17,25,23,4,8,11,16,16,21,18,25,7,8,10,16,15,21,17,25,5,8,13,16,14,21,21,25,-,-,-,-,-,-,-,-,58,15,-12,82,20,2,80,8,0.44,0.15,110,6,16,50,0.45,-,6,,,,,
2025/2026,SuperLega,Regular_Season,2nd,10,126,22/2/2026 ,18:00 ,3.200 ,€ 29.294 ,C,MA Acqua S.Bernardo Cuneo ,Cuneo,2,3,8,6,16,12,21,17,25,21,6,8,13,16,17,21,17,25,7,8,15,16,21,19,25,22,6,8,12,16,16,21,21,25,3,5,0,0,0,0,14,16,72,18,-,103,26,1,90,5,0.49,0.18,119,5,10,61,0.51,-,10,,,,,
2025/2026,SuperLega,Regular_Season,2nd,10,126,22/2/2026 ,18:00 ,3.200 ,€ 29.294 ,O,Sonepar Padova ,Padova,3,2,6,8,12,16,17,21,21,25,8,6,16,13,21,17,25,17,8,7,16,15,19,21,22,25,8,6,16,12,21,16,25,21,5,3,0,0,0,0,16,14,77,29,8,108,18,4,77,1,0.45,0.19,123,12,10,63,0.51,-,10,,,,,
2025/2026,SuperLega,Regular_Season,2nd,11,127,25/2/2026 ,20:30 ,3.293 ,€ 20.931 ,C,Itas Trentino ,Trento ,3,0,8,5,16,8,21,12,25,15,8,4,16,10,21,14,25,19,8,3,16,6,21,11,25,15,-,-,-,-,-,-,-,-,-,-,-,-,-,-,-,-,56,27,21,73,15,6,39,2,0.51,0.13,76,2,6,40,0.53,-,10,,,,,
2025/2026,SuperLega,Regular_Season,2nd,11,127,25/2/2026 ,20:30 ,3.293 ,€ 20.931 ,O,Cisterna Volley ,Cisterna,0,3,5,8,8,16,12,21,15,25,4,8,10,16,14,21,19,25,3,8,6,16,11,21,15,25,-,-,-,-,-,-,-,-,-,-,-,-,-,-,-,-,32,7,-12,51,12,2,58,7,0.41,0.14,74,4,10,24,0.32,-,6,,,,,
2025/2026,SuperLega,Regular_Season,2nd,11,128,25/2/2026 ,20:30 ,3.458 ,€ 22.992 ,C,Sir Susa Scai Perugia ,Perugia,3,0,8,4,16,10,21,18,25,22,5,8,16,14,21,16,25,20,8,4,16,10,21,12,25,14,-,-,-,-,-,-,-,-,-,-,-,-,-,-,-,-,53,17,15,73,15,5,46,2,0.48,0.3,67,7,1,39,0.58,-,9,,,,,
2025/2026,SuperLega,Regular_Season,2nd,11,128,25/2/2026 ,20:30 ,3.458 ,€ 22.992 ,O,Yuasa Battery Grottazzolina ,Grottazzolina,0,3,4,8,10,16,18,21,22,25,8,5,14,16,16,21,20,25,4,8,10,16,12,21,14,25,-,-,-,-,-,-,-,-,-,-,-,-,-,-,-,-,34,6,-12,58,12,2,58,5,0.5,0.22,74,8,9,31,0.42,-,1,,,,,
2025/2026,SuperLega,Regular_Season,2nd,11,129,25/2/2026 ,20:30 ,2.114 ,€ 14.968 ,C,Cucine Lube Civitanova ,Lube,3,0,8,4,16,9,21,15,25,21,8,4,16,6,21,13,25,16,8,6,16,12,21,16,25,21,-,-,-,-,-,-,-,-,-,-,-,-,-,-,-,-,53,29,11,73,13,11,47,5,0.51,0.36,66,6,7,37,0.56,-,5,,,,,
2025/2026,SuperLega,Regular_Season,2nd,11,129,25/2/2026 ,20:30 ,2.114 ,€ 14.968 ,O,Vero Volley Monza ,Monza,0,3,4,8,9,16,15,21,21,25,4,8,6,16,13,21,16,25,6,8,12,16,16,21,21,25,-,-,-,-,-,-,-,-,-,-,-,-,-,-,-,-,37,13,-18,60,13,4,60,13,0.35,0.18,67,8,5,26,0.39,-,7,,,,,
2025/2026,SuperLega,Regular_Season,2nd,11,130,25/2/2026 ,20:30 ,1.389 ,€ 9.131 ,C,Allianz Milano ,Milano,3,0,8,3,16,7,21,8,25,12,8,7,16,14,21,18,25,21,8,6,16,9,21,12,25,18,-,-,-,-,-,-,-,-,-,-,-,-,-,-,-,-,62,27,28,73,17,5,45,1,0.6,0.27,86,5,3,52,0.6,-,5,,,,,
2025/2026,SuperLega,Regular_Season,2nd,11,130,25/2/2026 ,20:30 ,1.389 ,€ 9.131 ,O,MA Acqua S.Bernardo Cuneo ,Cuneo,0,3,3,8,7,16,8,21,12,25,7,8,14,16,18,21,21,25,6,8,9,16,12,21,18,25,-,-,-,-,-,-,-,-,-,-,-,-,-,-,-,-,27,5,-9,53,8,1,56,5,0.3,0.07,74,5,5,23,0.31,-,3,,,,,
2025/2026,SuperLega,Regular_Season,2nd,11,131,25/2/2026 ,20:30 ,3.890 ,€ 57.646 ,C,Valsa Group Modena ,Modena,3,1,8,7,16,15,21,19,25,23,5,8,14,16,17,21,22,25,8,6,16,15,21,18,26,24,8,7,16,12,21,16,25,21,-,-,-,-,-,-,-,-,65,27,-,97,28,10,67,8,0.46,0.31,89,8,4,46,0.52,-,9,,,,,
2025/2026,SuperLega,Regular_Season,2nd,11,131,25/2/2026 ,20:30 ,3.890 ,€ 57.646 ,O,Rana Verona ,Verona,1,3,7,8,15,16,19,21,23,25,8,5,16,14,21,17,25,22,6,8,15,16,18,21,24,26,7,8,12,16,16,21,21,25,-,-,-,-,-,-,-,-,56,18,-18,94,27,6,69,11,0.3,0.14,90,3,9,46,0.51,-,4,,,,,
2025/2026,SuperLega,Regular_Season,2nd,11,132,25/2/2026 ,20:30 ,2.116 ,€ 9.047 ,C,Sonepar Padova ,Padova,3,2,8,4,14,16,14,21,16,25,4,8,13,16,19,21,22,25,8,7,16,11,21,16,25,22,7,8,16,11,21,15,25,19,2,5,0,0,0,0,15,13,72,26,1,102,20,6,82,6,0.44,0.18,121,12,10,59,0.49,-,7,,,,,
2025/2026,SuperLega,Regular_Season,2nd,11,132,25/2/2026 ,20:30 ,2.116 ,€ 9.047 ,O,Gas Sales Bluenergy Piacenza ,Piacenza,2,3,4,8,16,14,21,14,25,16,8,4,16,13,21,19,25,22,7,8,11,16,16,21,22,25,8,7,11,16,15,21,19,25,5,2,0,0,0,0,13,15,71,24,8,105,23,6,82,7,0.46,0.17,110,8,7,55,0.5,-,10,,,,,
2025/2026,SuperLega,Coppa_Italia,Quarter,-,2001,29/12/2025 ,20:30 ,3.421 ,€ 27.508 ,C,Itas Trentino ,Trento ,3,0,8,3,16,6,21,9,25,13,8,6,16,14,21,16,25,19,7,8,16,15,21,16,25,19,-,-,-,-,-,-,-,-,-,-,-,-,-,-,-,-,55,24,20,74,11,8,43,5,0.44,0.16,71,3,3,40,0.56,-,7,,,,,
2025/2026,SuperLega,Coppa_Italia,Quarter,-,2001,29/12/2025 ,20:30 ,3.421 ,€ 27.508 ,O,Vero Volley Monza ,Monza,0,3,3,8,6,16,9,21,13,25,6,8,14,16,16,21,19,25,8,7,15,16,16,21,19,25,-,-,-,-,-,-,-,-,-,-,-,-,-,-,-,-,37,8,-7,52,9,3,63,10,0.37,0.16,82,8,7,31,0.38,-,3,,,,,
2025/2026,SuperLega,Coppa_Italia,Quarter,-,2002,30/12/2025 ,19:30 ,2.567 ,€ 23.298 ,C,Gas Sales Bluenergy Piacenza ,Piacenza,3,1,7,8,16,12,21,15,25,18,7,8,16,15,21,19,25,22,5,8,14,16,19,21,21,25,8,4,16,10,21,13,25,14,-,-,-,-,-,-,-,-,68,28,13,95,15,7,61,5,0.3,0.15,93,5,6,49,0.53,-,12,,,,,
2025/2026,SuperLega,Coppa_Italia,Quarter,-,2002,30/12/2025 ,19:30 ,2.567 ,€ 23.298 ,O,Valsa Group Modena ,Modena,1,3,8,7,12,16,15,21,18,25,8,7,15,16,19,21,22,25,8,5,16,14,21,19,25,21,4,8,10,16,13,21,14,25,-,-,-,-,-,-,-,-,58,16,-5,80,19,4,80,7,0.34,0.13,103,7,12,48,0.47,-,6,,,,,
2025/2026,SuperLega,Coppa_Italia,Quarter,-,2003,30/12/2025 ,19:00 ,4.053 ,€ 26.640 ,C,Rana Verona ,Verona,3,0,8,4,16,8,21,15,25,19,8,6,16,15,21,16,25,18,8,4,16,13,21,19,29,27,-,-,-,-,-,-,-,-,-,-,-,-,-,-,-,-,60,30,13,78,23,11,51,6,0.43,0.16,69,3,7,42,0.61,-,7,,,,,
2025/2026,SuperLega,Coppa_Italia,Quarter,-,2003,30/12/2025 ,19:00 ,4.053 ,€ 26.640 ,O,Allianz Milano ,Milano,0,3,4,8,8,16,15,21,19,25,6,8,15,16,16,21,18,25,4,8,13,16,19,21,27,29,-,-,-,-,-,-,-,-,-,-,-,-,-,-,-,-,37,18,-14,65,14,6,55,11,0.16,0.05,54,4,7,24,0.44,-,7,,,,,
2025/2026,SuperLega,Coppa_Italia,Quarter,-,2004,30/12/2025 ,20:30 ,4.740 ,€ 44.464 ,C,Sir Susa Scai Perugia ,Perugia,3,1,6,8,16,10,21,13,25,17,8,7,16,13,20,21,22,25,8,5,16,15,20,21,25,22,8,5,16,12,21,15,25,16,-,-,-,-,-,-,-,-,65,26,20,96,11,6,62,6,0.29,0.1,86,3,4,52,0.6,-,7,,,,,
2025/2026,SuperLega,Coppa_Italia,Quarter,-,2004,30/12/2025 ,20:30 ,4.740 ,€ 44.464 ,O,Cucine Lube Civitanova ,Lube,1,3,8,6,10,16,13,21,17,25,7,8,13,16,21,20,25,22,5,8,15,16,21,20,22,25,5,8,12,16,15,21,16,25,-,-,-,-,-,-,-,-,63,18,-3,81,19,6,85,7,0.48,0.25,104,10,7,53,0.51,-,4,,,,,
2025/2026,SuperLega,Coppa_Italia,Semifinal,-,2005,7/2/2026 ,15:30 ,-,-,C,Itas Trentino ,Trento ,3,2,8,7,16,14,21,18,25,21,5,8,12,16,14,21,16,25,8,6,16,12,21,15,23,25,6,8,16,15,21,20,25,22,5,3,0,0,0,0,15,11,74,25,-1,103,24,6,84,13,0.39,0.25,109,4,13,64,0.59,-,4,,,,,
2025/2026,SuperLega,Coppa_Italia,Semifinal,-,2005,7/2/2026 ,15:30 ,-,-,O,Gas Sales Bluenergy Piacenza ,Piacenza,2,3,7,8,14,16,18,21,21,25,8,5,16,12,21,14,25,16,6,8,12,16,15,21,25,23,8,6,15,16,20,21,22,25,3,5,0,0,0,0,11,15,76,31,13,105,21,13,79,6,0.39,0.22,101,9,4,50,0.5,-,13,,,,,
2025/2026,SuperLega,Coppa_Italia,Final,-,2007,8/2/2026 ,18:00 ,-,-,C,Itas Trentino ,Trento ,0,3,4,8,10,16,19,21,21,25,8,5,16,14,21,20,22,25,3,8,9,16,12,21,20,25,-,-,-,-,-,-,-,-,-,-,-,-,-,-,-,-,42,15,-7,64,13,4,60,3,0.4,0.23,85,13,6,34,0.4,-,4,,,,,
2025/2026,SuperLega,Coppa_Italia,Final,-,2007,8/2/2026 ,18:00 ,-,-,O,Rana Verona ,Verona,3,0,8,4,16,10,21,19,25,21,5,8,14,16,20,21,25,22,8,3,16,9,21,12,25,20,-,-,-,-,-,-,-,-,-,-,-,-,-,-,-,-,49,17,11,74,14,3,51,4,0.39,0.25,70,6,4,40,0.57,-,6,,,,,
2025/2026,SuperLega,Supercoppa,Semifinal,-,2301,28/2/2026 ,15:30 ,-,-,C,Itas Trentino ,Trento ,0,3,4,8,10,16,15,21,19,25,5,8,14,16,17,21,20,25,5,8,13,16,16,21,20,25,-,-,-,-,-,-,-,-,-,-,-,-,-,-,-,-,37,10,-14,61,9,5,59,7,0.39,0.17,74,5,7,28,0.38,-,4,,,,,
2025/2026,SuperLega,Supercoppa,Semifinal,-,2301,28/2/2026 ,15:30 ,-,-,O,Sir Susa Scai Perugia ,Perugia,3,0,8,4,16,10,21,15,25,19,8,5,16,14,21,17,25,20,8,5,16,13,21,16,25,20,-,-,-,-,-,-,-,-,-,-,-,-,-,-,-,-,62,22,25,73,13,7,52,5,0.48,0.23,83,8,4,48,0.58,-,7,,,,,
2025/2026,SuperLega,Supercoppa,Semifinal,-,2302,28/2/2026 ,18:00 ,-,-,C,Cucine Lube Civitanova ,Lube,1,3,8,7,16,12,21,20,25,27,8,7,15,16,19,21,28,30,8,2,16,9,21,12,25,17,8,6,12,16,16,21,21,25,-,-,-,-,-,-,-,-,63,22,-3,100,21,12,74,9,0.32,0.15,100,10,8,44,0.44,-,7,,,,,
2025/2026,SuperLega,Supercoppa,Semifinal,-,2302,28/2/2026 ,18:00 ,-,-,O,Rana Verona ,Verona,3,1,7,8,12,16,20,21,27,25,7,8,16,15,21,19,30,28,2,8,9,16,12,21,17,25,6,8,16,12,21,16,25,21,-,-,-,-,-,-,-,-,66,23,-4,98,24,8,77,12,0.31,0.19,87,10,7,50,0.57,-,8,,,,,
2025/2026,SuperLega,Supercoppa,Final,-,2303,1/3/2026 ,15:00 ,-,-,C,Rana Verona ,Verona,1,3,5,8,13,16,20,21,27,25,8,7,16,15,19,21,22,25,6,8,14,16,19,21,21,25,8,5,16,15,21,20,22,25,-,-,-,-,-,-,-,-,69,19,1,93,25,8,82,7,0.34,0.13,92,8,4,52,0.57,-,9,,,,,
2025/2026,SuperLega,Supercoppa,Final,-,2303,1/3/2026 ,15:00 ,-,-,O,Sir Susa Scai Perugia ,Perugia,3,1,8,5,16,13,21,20,25,27,7,8,15,16,21,19,25,22,8,6,16,14,21,19,25,21,5,8,15,16,20,21,25,22,-,-,-,-,-,-,-,-,66,22,1,99,17,6,68,9,0.44,0.21,94,5,9,56,0.6,-,4,,,,,
2025/2026,A2,Regular_Season,1st,1,501,19/10/2025 ,17:30 ,809 ,€ 4.931 ,C,Tinet Prata di Pordenone ,Prata,3,0,6,8,16,15,21,19,25,23,7,8,14,16,21,20,25,21,8,5,16,15,21,19,25,22,-,-,-,-,-,-,-,-,-,-,-,-,-,-,-,-,52,13,10,73,16,2,54,3,0.57,0.3,92,5,4,45,0.49,-,5,,,,,
2025/2026,A2,Regular_Season,1st,1,501,19/10/2025 ,17:30 ,809 ,€ 4.931 ,O,Rinascita Lagonegro ,Lagonegro,0,3,8,6,15,16,19,21,23,25,8,7,16,14,20,21,21,25,5,8,15,16,19,21,22,25,-,-,-,-,-,-,-,-,-,-,-,-,-,-,-,-,44,11,4,68,14,1,57,2,0.46,0.28,82,5,5,39,0.48,-,4,,,,,
2025/2026,A2,Regular_Season,1st,1,502,19/10/2025 ,18:00 ,1.308 ,€ 7.371 ,C,Consar Ravenna ,Ravenna,3,2,4,8,11,16,18,21,23,25,6,8,16,15,20,21,24,26,8,6,16,8,21,8,25,11,7,8,16,10,21,14,25,17,5,3,0,0,0,0,15,6,78,36,16,111,17,9,72,3,0.6,0.26,129,12,10,58,0.45,-,11,,,,,
2025/2026,A2,Regular_Season,1st,1,502,19/10/2025 ,18:00 ,1.308 ,€ 7.371 ,O,Alva Inox 2 Emme Service Porto Viro ,Porto Viro,2,3,8,4,16,11,21,18,25,23,8,6,15,16,21,20,26,24,6,8,8,16,8,21,11,25,8,7,10,16,14,21,17,25,3,5,0,0,0,0,6,15,55,17,-20,86,14,3,94,9,0.45,0.14,136,18,11,42,0.31,-,10,,,,,
2025/2026,A2,Regular_Season,1st,1,503,20/10/2025 ,20:30 ,640 ,€ 1.541 ,C,Sviluppo Sud Catania ,Acicastello,2,3,8,6,16,14,21,16,28,26,7,8,16,15,19,21,21,25,7,8,16,13,21,20,21,25,8,6,14,16,21,17,25,21,2,5,0,0,0,0,10,15,75,27,3,105,16,5,92,8,0.52,0.3,125,8,13,57,0.46,-,13,,,,,
2025/2026,A2,Regular_Season,1st,1,503,20/10/2025 ,20:30 ,640 ,€ 1.541 ,O,Banca Macerata Fisiomed MC ,Macerata,3,2,6,8,14,16,16,21,26,28,8,7,15,16,21,19,25,21,8,7,13,16,20,21,25,21,6,8,16,14,17,21,21,25,5,2,0,0,0,0,15,10,84,32,14,112,20,6,89,5,0.55,0.31,132,9,13,65,0.49,-,13,,,,,
2025/2026,A2,Regular_Season,1st,1,504,19/10/2025 ,18:00 ,734 ,€ 3.188 ,C,Abba Pineto ,Pineto,3,0,6,8,13,16,17,21,25,23,8,7,13,16,21,18,25,21,8,6,16,12,21,13,25,17,-,-,-,-,-,-,-,-,-,-,-,-,-,-,-,-,50,25,3,73,12,7,45,5,0.47,0.33,89,8,4,39,0.44,-,4,,,,,
2025/2026,A2,Regular_Season,1st,1,504,19/10/2025 ,18:00 ,734 ,€ 3.188 ,O,Emma Villas Codyeco Lupi Siena ,Siena,0,3,8,6,16,13,21,17,23,25,7,8,16,13,18,21,21,25,6,8,12,16,13,21,17,25,-,-,-,-,-,-,-,-,-,-,-,-,-,-,-,-,40,13,-13,63,18,3,61,7,0.43,0.23,73,5,4,33,0.45,-,4,,,,,
2025/2026,A2,Regular_Season,1st,1,505,19/10/2025 ,18:00 ,826 ,€ 7.541 ,C,Essence Hotels Fano ,Fano,3,0,8,2,16,11,21,15,25,17,6,8,15,16,20,21,25,23,8,6,16,11,21,19,25,23,-,-,-,-,-,-,-,-,-,-,-,-,-,-,-,-,56,26,15,74,13,7,54,2,0.44,0.26,87,4,4,41,0.47,-,8,,,,,
2025/2026,A2,Regular_Season,1st,1,505,19/10/2025 ,18:00 ,826 ,€ 7.541 ,O,Prisma La Cascina Taranto ,Taranto,0,3,2,8,11,16,15,21,17,25,8,6,16,15,21,20,23,25,6,8,11,16,19,21,23,25,-,-,-,-,-,-,-,-,-,-,-,-,-,-,-,-,44,17,-7,64,10,1,61,8,0.33,0.13,92,7,8,39,0.42,-,4,,,,,
2025/2026,A2,Regular_Season,1st,1,506,19/10/2025 ,17:30 ,478 ,€ 1.340 ,C,Campi Reali Cantù ,Cantù,1,3,8,5,12,16,20,21,23,25,8,6,16,9,21,17,25,20,6,8,13,16,15,21,18,25,7,8,13,16,18,21,20,25,-,-,-,-,-,-,-,-,60,16,4,87,15,3,74,3,0.65,0.31,109,9,5,51,0.47,-,6,,,,,
2025/2026,A2,Regular_Season,1st,1,506,19/10/2025 ,17:30 ,478 ,€ 1.340 ,O,Virtus Aversa ,Aversa,3,1,5,8,16,12,21,20,25,23,6,8,9,16,17,21,20,25,8,6,16,13,21,15,25,18,8,7,16,13,21,18,25,20,-,-,-,-,-,-,-,-,67,19,7,93,19,3,72,3,0.53,0.31,111,5,6,59,0.53,-,5,,,,,
2025/2026,A2,Regular_Season,1st,1,507,20/10/2025 ,19:30 ,524 ,€ 2.744 ,C,Romeo Sorrento ,Massa Lubrense,2,3,7,8,10,16,17,21,21,25,8,6,16,13,21,18,25,20,5,8,12,16,21,20,25,21,6,8,11,16,15,21,17,25,3,5,0,0,0,0,11,15,63,21,-11,99,23,5,81,6,0.51,0.32,101,12,7,52,0.51,-,6,,,,,
2025/2026,A2,Regular_Season,1st,1,507,20/10/2025 ,19:30 ,524 ,€ 2.744 ,O,Gruppo Consoli Sferc Brescia ,Brescia Atlantide,3,2,8,7,16,10,21,17,25,21,6,8,13,16,18,21,20,25,8,5,16,12,20,21,21,25,8,6,16,11,21,15,25,17,5,3,0,0,0,0,15,11,69,24,5,106,25,6,76,5,0.43,0.25,106,9,6,56,0.53,-,7,,,,,
2025/2026,A2,Regular_Season,1st,2,508,26/10/2025 ,19:00 ,916 ,€ 6.237 ,C,Prisma La Cascina Taranto ,Taranto,3,0,8,5,15,16,21,20,26,24,8,5,16,9,21,16,25,16,7,8,15,16,21,20,25,21,-,-,-,-,-,-,-,-,-,-,-,-,-,-,-,-,50,23,8,74,12,7,46,3,0.57,0.33,66,4,7,35,0.53,-,8,,,,,
2025/2026,A2,Regular_Season,1st,2,508,26/10/2025 ,19:00 ,916 ,€ 6.237 ,O,Romeo Sorrento ,Massa Lubrense,0,3,5,8,16,15,20,21,24,26,5,8,9,16,16,21,16,25,8,7,16,15,20,21,21,25,-,-,-,-,-,-,-,-,-,-,-,-,-,-,-,-,45,16,-14,63,17,3,62,8,0.44,0.27,82,8,8,35,0.43,-,7,,,,,
2025/2026,A2,Regular_Season,1st,2,509,26/10/2025 ,17:30 ,950 ,€ 847 ,C,Gruppo Consoli Sferc Brescia ,Brescia Atlantide,3,1,8,7,11,16,17,21,20,25,8,6,16,13,21,17,25,20,8,7,15,16,21,18,25,20,8,7,16,12,21,15,25,16,-,-,-,-,-,-,-,-,82,33,27,94,20,8,75,5,0.44,0.23,121,9,9,62,0.51,-,12,,,,,
2025/2026,A2,Regular_Season,1st,2,509,26/10/2025 ,17:30 ,950 ,€ 847 ,O,Essence Hotels Fano ,Fano,1,3,7,8,16,11,21,17,25,20,6,8,13,16,17,21,20,25,7,8,16,15,18,21,20,25,7,8,12,16,15,21,16,25,-,-,-,-,-,-,-,-,52,19,-1,82,7,4,74,8,0.36,0.19,99,5,12,39,0.39,-,9,,,,,
2025/2026,A2,Regular_Season,1st,2,510,26/10/2025 ,18:00 ,679 ,€ 1.752 ,C,Virtus Aversa ,Aversa,3,1,8,7,16,14,21,19,25,22,8,4,16,12,21,15,25,19,8,7,16,14,21,20,21,25,8,6,16,14,21,18,25,21,-,-,-,-,-,-,-,-,63,25,-1,95,23,3,65,8,0.45,0.23,103,7,6,50,0.49,-,10,,,,,
2025/2026,A2,Regular_Season,1st,2,510,26/10/2025 ,18:00 ,679 ,€ 1.752 ,O,Tinet Prata di Pordenone ,Prata,1,3,7,8,14,16,19,21,22,25,4,8,12,16,15,21,19,25,7,8,14,16,20,21,25,21,6,8,14,16,18,21,21,25,-,-,-,-,-,-,-,-,54,17,-18,88,23,7,72,3,0.46,0.31,102,10,10,41,0.4,-,6,,,,,
2025/2026,A2,Regular_Season,1st,2,511,26/10/2025 ,17:00 ,556 ,€ 1.758 ,C,Emma Villas Codyeco Lupi Siena ,Siena,3,0,8,1,16,14,21,15,25,18,6,8,16,14,21,15,25,18,8,6,16,14,21,18,25,22,-,-,-,-,-,-,-,-,-,-,-,-,-,-,-,-,53,25,16,73,14,7,47,4,0.47,0.28,72,2,3,35,0.49,-,11,,,,,
2025/2026,A2,Regular_Season,1st,2,511,26/10/2025 ,17:00 ,556 ,€ 1.758 ,O,Sviluppo Sud Catania ,Acicastello,0,3,1,8,14,16,15,21,18,25,8,6,14,16,15,21,18,25,6,8,14,16,18,21,22,25,-,-,-,-,-,-,-,-,-,-,-,-,-,-,-,-,41,16,-13,58,11,4,59,8,0.34,0.12,79,10,11,34,0.43,-,3,,,,,
2025/2026,A2,Regular_Season,1st,2,512,26/10/2025 ,18:00 ,624 ,€ 2.746 ,C,Alva Inox 2 Emme Service Porto Viro ,Porto Viro,0,3,5,8,10,16,13,21,17,25,5,8,12,16,14,21,21,25,8,7,16,14,20,21,23,25,-,-,-,-,-,-,-,-,-,-,-,-,-,-,-,-,44,10,-,63,11,1,63,10,0.51,0.27,69,3,5,39,0.57,-,4,,,,,
2025/2026,A2,Regular_Season,1st,2,512,26/10/2025 ,18:00 ,624 ,€ 2.746 ,O,Abba Pineto ,Pineto,3,0,8,5,16,10,21,13,25,17,8,5,16,12,21,14,25,21,7,8,14,16,21,20,25,23,-,-,-,-,-,-,-,-,-,-,-,-,-,-,-,-,59,22,16,73,10,10,52,2,0.48,0.25,74,6,4,44,0.59,-,5,,,,,
2025/2026,A2,Regular_Season,1st,2,513,26/10/2025 ,18:00 ,440 ,€ 929 ,C,Banca Macerata Fisiomed MC ,Macerata,3,2,8,4,16,11,21,15,25,23,5,8,9,16,11,21,15,25,7,8,15,16,20,21,24,26,8,6,16,15,21,19,25,21,5,1,0,0,0,0,15,8,72,24,19,103,13,5,91,10,0.42,0.13,144,4,14,60,0.42,-,7,,,,,
2025/2026,A2,Regular_Season,1st,2,513,26/10/2025 ,18:00 ,440 ,€ 929 ,O,Consar Ravenna ,Ravenna,2,3,4,8,11,16,15,21,23,25,8,5,16,9,21,11,25,15,8,7,16,15,21,20,26,24,6,8,15,16,19,21,21,25,1,5,0,0,0,0,8,15,85,30,27,104,13,10,90,6,0.5,0.17,142,14,7,61,0.43,-,14,,,,,
2025/2026,A2,Regular_Season,1st,2,514,26/10/2025 ,16:00 ,688 ,€ 2.272 ,C,Rinascita Lagonegro ,Lagonegro,3,0,8,7,16,11,21,15,25,17,8,7,15,16,21,19,25,20,8,7,15,16,21,20,25,22,-,-,-,-,-,-,-,-,-,-,-,-,-,-,-,-,54,26,22,73,14,8,46,3,0.59,0.28,72,7,6,36,0.5,-,10,,,,,
2025/2026,A2,Regular_Season,1st,2,514,26/10/2025 ,16:00 ,688 ,€ 2.272 ,O,Campi Reali Cantù ,Cantù,0,3,7,8,11,16,15,21,17,25,7,8,16,15,19,21,20,25,7,8,16,15,20,21,22,25,-,-,-,-,-,-,-,-,-,-,-,-,-,-,-,-,37,12,-2,61,15,3,59,8,0.44,0.2,76,4,10,28,0.37,-,6,,,,,
2025/2026,A2,Regular_Season,1st,3,515,2/11/2025 ,17:30 ,835 ,€ 5.127 ,C,Tinet Prata di Pordenone ,Prata,3,0,8,6,16,15,21,18,25,20,8,2,16,15,21,19,25,20,8,2,16,8,21,13,25,17,-,-,-,-,-,-,-,-,-,-,-,-,-,-,-,-,49,26,6,73,14,2,42,8,0.57,0.26,73,4,6,42,0.58,-,5,,,,,
2025/2026,A2,Regular_Season,1st,3,515,2/11/2025 ,17:30 ,835 ,€ 5.127 ,O,Emma Villas Codyeco Lupi Siena ,Siena,0,3,6,8,15,16,18,21,20,25,2,8,15,16,19,21,20,25,2,8,8,16,13,21,17,25,-,-,-,-,-,-,-,-,-,-,-,-,-,-,-,-,38,14,-18,59,17,7,59,4,0.41,0.19,65,8,5,25,0.38,-,6,,,,,
2025/2026,A2,Regular_Season,1st,3,516,2/11/2025 ,18:00 ,1.049 ,€ 5.769 ,C,Consar Ravenna ,Ravenna,3,0,8,5,16,11,21,15,25,15,6,8,11,16,21,18,25,20,8,7,16,13,21,15,25,18,-,-,-,-,-,-,-,-,-,-,-,-,-,-,-,-,57,21,24,73,8,4,50,4,0.46,0.16,82,4,2,44,0.54,-,9,,,,,
2025/2026,A2,Regular_Season,1st,3,516,2/11/2025 ,18:00 ,1.049 ,€ 5.769 ,O,Prisma La Cascina Taranto ,Taranto,0,3,5,8,11,16,15,21,15,25,8,6,16,11,18,21,20,25,7,8,13,16,15,21,18,25,-,-,-,-,-,-,-,-,-,-,-,-,-,-,-,-,40,10,-13,55,5,4,65,7,0.49,0.15,100,11,9,34,0.34,-,2,,,,,
2025/2026,A2,Regular_Season,1st,3,517,2/11/2025 ,16:00 ,786 ,€ 3.661 ,C,Abba Pineto ,Pineto,3,0,6,8,16,15,21,16,25,21,8,6,15,16,21,20,27,25,8,6,16,15,21,18,25,23,-,-,-,-,-,-,-,-,-,-,-,-,-,-,-,-,54,19,13,76,16,9,51,5,0.69,0.33,74,4,4,42,0.57,-,3,,,,,
2025/2026,A2,Regular_Season,1st,3,517,2/11/2025 ,16:00 ,786 ,€ 3.661 ,O,Banca Macerata Fisiomed MC ,Macerata,0,3,8,6,15,16,16,21,21,25,6,8,16,15,20,21,25,27,6,8,15,16,18,21,23,25,-,-,-,-,-,-,-,-,-,-,-,-,-,-,-,-,47,12,1,71,20,5,60,9,0.43,0.23,72,4,3,38,0.53,-,4,,,,,
2025/2026,A2,Regular_Season,1st,3,518,2/11/2025 ,18:00 ,763 ,€ 6.668 ,C,Essence Hotels Fano ,Fano,1,3,8,6,16,15,21,19,28,26,8,5,14,16,18,21,24,26,8,7,16,15,18,21,21,25,7,8,12,16,16,21,19,25,-,-,-,-,-,-,-,-,63,22,-3,93,19,3,80,6,0.56,0.35,115,6,13,51,0.44,-,9,,,,,
2025/2026,A2,Regular_Season,1st,3,518,2/11/2025 ,18:00 ,763 ,€ 6.668 ,O,Virtus Aversa ,Aversa,3,1,6,8,15,16,19,21,26,28,5,8,16,14,21,18,26,24,7,8,15,16,21,18,25,21,8,7,16,12,21,16,25,19,-,-,-,-,-,-,-,-,75,31,15,101,21,6,74,3,0.51,0.3,124,7,9,56,0.45,-,13,,,,,
2025/2026,A2,Regular_Season,1st,3,519,2/11/2025 ,17:30 ,371 ,€ 805 ,C,Campi Reali Cantù ,Cantù,2,3,5,8,10,16,16,21,20,25,4,8,13,16,18,21,22,25,8,5,16,8,21,16,25,18,8,7,16,14,21,16,25,18,4,5,0,0,0,0,13,15,83,26,17,105,20,2,88,8,0.53,0.25,117,5,9,70,0.6,-,11,,,,,
2025/2026,A2,Regular_Season,1st,3,519,2/11/2025 ,17:30 ,371 ,€ 805 ,O,Alva Inox 2 Emme Service Porto Viro ,Porto Viro,3,2,8,5,16,10,21,16,25,20,8,4,16,13,21,18,25,22,5,8,8,16,16,21,18,25,7,8,14,16,16,21,18,25,5,4,0,0,0,0,15,13,73,22,10,100,12,8,85,3,0.58,0.25,114,8,11,56,0.49,-,9,,,,,
2025/2026,A2,Regular_Season,1st,3,520,2/11/2025 ,18:00 ,489 ,€ 2.564 ,C,Romeo Sorrento ,Massa Lubrense,0,3,4,8,6,16,13,21,14,25,8,7,13,16,16,21,21,25,6,8,16,15,19,21,23,25,-,-,-,-,-,-,-,-,-,-,-,-,-,-,-,-,35,10,-14,60,16,2,58,4,0.47,0.31,81,12,6,27,0.33,-,6,,,,,
2025/2026,A2,Regular_Season,1st,3,520,2/11/2025 ,18:00 ,489 ,€ 2.564 ,O,Sviluppo Sud Catania ,Acicastello,3,0,8,4,16,6,21,13,25,14,7,8,16,13,21,16,25,21,8,6,15,16,21,19,25,23,-,-,-,-,-,-,-,-,-,-,-,-,-,-,-,-,43,17,-1,73,15,4,44,2,0.55,0.3,72,8,6,33,0.46,-,6,,,,,
2025/2026,A2,Regular_Season,1st,3,521,1/11/2025 ,16:00 ,662 ,€ 2.042 ,C,Rinascita Lagonegro ,Lagonegro,0,3,6,8,15,16,20,21,25,27,6,8,13,16,16,21,18,25,5,8,10,16,15,21,20,25,-,-,-,-,-,-,-,-,-,-,-,-,-,-,-,-,37,8,-10,65,17,4,56,4,0.45,0.21,77,5,10,32,0.42,-,1,,,,,
2025/2026,A2,Regular_Season,1st,3,521,1/11/2025 ,16:00 ,662 ,€ 2.042 ,O,Gruppo Consoli Sferc Brescia ,Brescia Atlantide,3,0,8,6,16,15,21,20,27,25,8,6,16,13,21,16,25,18,8,5,16,10,21,15,25,20,-,-,-,-,-,-,-,-,-,-,-,-,-,-,-,-,52,22,14,75,19,4,48,4,0.42,0.23,68,5,1,38,0.56,-,10,,,,,
2025/2026,A2,Regular_Season,1st,4,522,9/11/2025 ,16:00 ,831 ,€ 4.775 ,C,Prisma La Cascina Taranto ,Taranto,0,3,7,8,12,16,20,21,23,25,6,8,11,16,21,20,23,25,4,8,9,16,13,21,15,25,-,-,-,-,-,-,-,-,-,-,-,-,-,-,-,-,42,15,3,63,15,7,58,3,0.41,0.24,69,2,11,32,0.46,-,3,,,,,
2025/2026,A2,Regular_Season,1st,4,522,9/11/2025 ,16:00 ,831 ,€ 4.775 ,O,Tinet Prata di Pordenone ,Prata,3,0,8,7,16,12,21,20,25,23,8,6,16,11,20,21,25,23,8,4,16,9,21,13,25,15,-,-,-,-,-,-,-,-,-,-,-,-,-,-,-,-,58,26,24,73,15,3,48,7,0.46,0.33,71,2,3,44,0.62,-,11,,,,,
2025/2026,A2,Regular_Season,1st,4,523,10/11/2025 ,19:00 ,1.026 ,€ 1.113 ,C,Gruppo Consoli Sferc Brescia ,Brescia Atlantide,3,1,6,8,9,16,14,21,16,25,8,6,16,11,21,15,25,18,5,8,13,16,19,21,27,25,8,5,16,13,21,17,25,22,-,-,-,-,-,-,-,-,64,26,12,92,15,8,73,5,0.29,0.18,102,8,10,49,0.48,-,7,,,,,
2025/2026,A2,Regular_Season,1st,4,523,10/11/2025 ,19:00 ,1.026 ,€ 1.113 ,O,Abba Pineto ,Pineto,1,3,8,6,16,9,21,14,25,16,6,8,11,16,15,21,18,25,8,5,16,13,21,19,25,27,5,8,13,16,17,21,22,25,-,-,-,-,-,-,-,-,67,26,9,91,18,4,77,8,0.22,0.09,106,9,7,53,0.5,-,10,,,,,
2025/2026,A2,Regular_Season,1st,4,524,9/11/2025 ,19:00 ,678 ,€ 1.902 ,C,Virtus Aversa ,Aversa,0,3,8,7,13,16,17,21,29,31,4,8,14,16,17,21,20,25,8,7,16,14,19,21,22,25,-,-,-,-,-,-,-,-,-,-,-,-,-,-,-,-,53,16,-8,72,13,2,68,6,0.43,0.22,91,4,15,41,0.45,-,10,,,,,
2025/2026,A2,Regular_Season,1st,4,524,9/11/2025 ,19:00 ,678 ,€ 1.902 ,O,Consar Ravenna ,Ravenna,3,0,7,8,16,13,21,17,31,29,8,4,16,14,21,17,25,20,7,8,14,16,21,19,25,22,-,-,-,-,-,-,-,-,-,-,-,-,-,-,-,-,61,23,6,80,12,5,59,2,0.46,0.27,91,5,10,41,0.45,-,15,,,,,
2025/2026,A2,Regular_Season,1st,4,525,9/11/2025 ,17:00 ,640 ,€ 1.474 ,C,Emma Villas Codyeco Lupi Siena ,Siena,3,1,8,6,14,16,21,18,25,18,8,6,16,15,21,20,24,26,8,3,16,11,21,14,25,16,8,4,16,11,21,16,25,19,-,-,-,-,-,-,-,-,79,32,23,97,23,6,64,2,0.45,0.2,109,6,5,59,0.54,-,14,,,,,
2025/2026,A2,Regular_Season,1st,4,525,9/11/2025 ,17:00 ,640 ,€ 1.474 ,O,Campi Reali Cantù ,Cantù,1,3,6,8,16,14,18,21,18,25,6,8,15,16,20,21,26,24,3,8,11,16,14,21,16,25,4,8,11,16,16,21,19,25,-,-,-,-,-,-,-,-,50,13,-11,80,16,2,74,9,0.49,0.23,111,2,14,43,0.39,-,5,,,,,
2025/2026,A2,Regular_Season,1st,4,526,9/11/2025 ,16:00 ,366 ,€ 717 ,C,Sviluppo Sud Catania ,Acicastello,3,1,8,3,16,8,21,11,25,11,8,5,16,9,21,14,25,16,8,3,16,14,21,17,25,27,7,8,16,12,21,16,25,19,-,-,-,-,-,-,-,-,71,37,27,99,13,6,62,3,0.5,0.24,103,5,10,53,0.51,-,12,,,,,
2025/2026,A2,Regular_Season,1st,4,526,9/11/2025 ,16:00 ,366 ,€ 717 ,O,Essence Hotels Fano ,Fano,1,3,3,8,8,16,11,21,11,25,5,8,9,16,14,21,16,25,3,8,14,16,17,21,27,25,8,7,12,16,16,21,19,25,-,-,-,-,-,-,-,-,52,20,-14,74,12,3,86,6,0.48,0.35,111,14,12,39,0.35,-,10,,,,,
2025/2026,A2,Regular_Season,1st,4,527,9/11/2025 ,18:00 ,576 ,€ 2.155 ,C,Alva Inox 2 Emme Service Porto Viro ,Porto Viro,2,3,8,7,16,15,21,16,25,19,6,8,12,16,16,21,19,25,8,3,16,10,21,18,25,19,5,8,10,16,13,21,14,25,4,5,0,0,0,0,15,17,73,23,-4,99,23,4,87,7,0.55,0.22,128,8,12,58,0.45,-,11,,,,,
2025/2026,A2,Regular_Season,1st,4,527,9/11/2025 ,18:00 ,576 ,€ 2.155 ,O,Rinascita Lagonegro ,Lagonegro,3,2,7,8,15,16,16,21,19,25,8,6,16,12,21,16,25,19,3,8,10,16,18,21,19,25,8,5,16,10,21,13,25,14,5,4,0,0,0,0,17,15,72,29,13,104,17,4,76,5,0.62,0.34,120,4,11,56,0.47,-,12,,,,,
2025/2026,A2,Regular_Season,1st,4,528,9/11/2025 ,18:00 ,394 ,€ 563 ,C,Banca Macerata Fisiomed MC ,Macerata,0,3,3,8,9,16,9,21,13,25,3,8,10,16,13,21,15,25,6,8,11,16,16,21,20,25,-,-,-,-,-,-,-,-,-,-,-,-,-,-,-,-,31,5,-10,50,8,1,59,5,0.58,0.2,67,7,9,28,0.42,-,2,,,,,
2025/2026,A2,Regular_Season,1st,4,528,9/11/2025 ,18:00 ,394 ,€ 563 ,O,Romeo Sorrento ,Massa Lubrense,3,0,8,3,16,9,21,9,25,13,8,3,16,10,21,13,25,15,8,6,16,11,21,16,25,20,-,-,-,-,-,-,-,-,-,-,-,-,-,-,-,-,57,25,31,72,13,5,42,1,0.57,0.33,65,2,2,43,0.66,-,9,,,,,
2025/2026,A2,Regular_Season,1st,5,529,16/11/2025 ,17:30 ,797 ,€ 4.580 ,C,Tinet Prata di Pordenone ,Prata,3,0,8,5,16,11,21,16,25,19,8,3,16,10,21,15,25,19,8,4,16,15,21,19,25,22,-,-,-,-,-,-,-,-,-,-,-,-,-,-,-,-,52,21,13,73,14,7,50,3,0.52,0.36,80,7,4,42,0.53,-,3,,,,,
2025/2026,A2,Regular_Season,1st,5,529,16/11/2025 ,17:30 ,797 ,€ 4.580 ,O,Banca Macerata Fisiomed MC ,Macerata,0,3,5,8,11,16,16,21,19,25,3,8,10,16,15,21,19,25,4,8,15,16,19,21,22,25,-,-,-,-,-,-,-,-,-,-,-,-,-,-,-,-,39,8,-9,62,12,3,59,7,0.41,0.22,80,9,3,32,0.4,-,4,,,,,
2025/2026,A2,Regular_Season,1st,5,530,16/11/2025 ,15:30 ,1.080 ,€ 1.147 ,C,Gruppo Consoli Sferc Brescia ,Brescia Atlantide,3,1,8,4,16,13,21,16,25,23,8,5,16,14,21,16,25,20,8,7,16,12,19,21,21,25,8,4,16,13,21,17,25,20,-,-,-,-,-,-,-,-,77,28,16,95,21,7,76,8,0.49,0.29,115,9,5,62,0.54,-,8,,,,,
2025/2026,A2,Regular_Season,1st,5,530,16/11/2025 ,15:30 ,1.080 ,€ 1.147 ,O,Prisma La Cascina Taranto ,Taranto,1,3,4,8,13,16,16,21,23,25,5,8,14,16,16,21,20,25,7,8,12,16,21,19,25,21,4,8,13,16,17,21,20,25,-,-,-,-,-,-,-,-,56,20,7,89,13,8,74,9,0.32,0.2,107,5,8,43,0.4,-,5,,,,,
2025/2026,A2,Regular_Season,1st,5,531,16/11/2025 ,18:00 ,749 ,€ 3.076 ,C,Abba Pineto ,Pineto,3,0,8,5,16,9,21,13,25,20,8,7,16,15,21,15,25,18,2,8,13,16,21,19,25,22,-,-,-,-,-,-,-,-,-,-,-,-,-,-,-,-,54,25,18,73,10,11,47,3,0.64,0.28,72,5,8,41,0.57,-,2,,,,,
2025/2026,A2,Regular_Season,1st,5,531,16/11/2025 ,18:00 ,749 ,€ 3.076 ,O,Sviluppo Sud Catania ,Acicastello,0,3,5,8,9,16,13,21,20,25,7,8,15,16,15,21,18,25,8,2,16,13,19,21,22,25,-,-,-,-,-,-,-,-,-,-,-,-,-,-,-,-,44,13,-2,62,15,3,63,11,0.46,0.25,67,5,2,33,0.49,-,8,,,,,
2025/2026,A2,Regular_Season,1st,5,532,16/11/2025 ,18:00 ,664 ,€ 5.199 ,C,Essence Hotels Fano ,Fano,2,3,8,4,15,16,19,21,26,28,6,8,16,12,21,17,25,20,8,3,16,7,21,14,25,16,7,8,14,16,19,21,20,25,3,5,0,0,0,0,10,15,67,29,3,106,16,8,79,16,0.33,0.15,111,5,16,49,0.44,-,10,,,,,
2025/2026,A2,Regular_Season,1st,5,532,16/11/2025 ,18:00 ,664 ,€ 5.199 ,O,Emma Villas Codyeco Lupi Siena ,Siena,3,2,4,8,16,15,21,19,28,26,8,6,12,16,17,21,20,25,3,8,7,16,14,21,16,25,8,7,16,14,21,19,25,20,5,3,0,0,0,0,15,10,81,33,14,103,24,13,90,8,0.48,0.18,122,11,10,52,0.43,-,16,,,,,
2025/2026,A2,Regular_Season,1st,5,533,16/11/2025 ,19:00 ,299 ,€ 750 ,C,Campi Reali Cantù ,Cantù,1,3,6,8,10,16,14,21,18,25,8,4,16,9,21,12,25,19,8,7,12,16,17,21,19,25,6,8,12,16,14,21,17,25,-,-,-,-,-,-,-,-,50,16,-6,80,15,2,71,10,0.55,0.23,101,9,13,40,0.4,-,8,,,,,
2025/2026,A2,Regular_Season,1st,5,533,16/11/2025 ,19:00 ,299 ,€ 750 ,O,Consar Ravenna ,Ravenna,3,1,8,6,16,10,21,14,25,18,4,8,9,16,12,21,19,25,7,8,16,12,21,17,25,19,8,6,16,12,21,14,25,17,-,-,-,-,-,-,-,-,68,24,13,93,22,10,65,3,0.62,0.29,89,5,8,45,0.51,-,13,,,,,
2025/2026,A2,Regular_Season,1st,5,534,16/11/2025 ,18:00 ,505 ,€ 2.440 ,C,Romeo Sorrento ,Massa Lubrense,3,1,6,8,13,16,20,21,25,22,8,6,16,14,21,19,25,22,7,8,15,16,18,21,23,25,8,6,16,14,21,19,27,25,-,-,-,-,-,-,-,-,69,20,5,99,19,3,77,3,0.62,0.45,114,8,9,59,0.52,-,7,,,,,
2025/2026,A2,Regular_Season,1st,5,534,16/11/2025 ,18:00 ,505 ,€ 2.440 ,O,Alva Inox 2 Emme Service Porto Viro ,Porto Viro,1,3,8,6,16,13,21,20,22,25,6,8,14,16,19,21,22,25,8,7,16,15,21,18,25,23,6,8,14,16,19,21,25,27,-,-,-,-,-,-,-,-,64,16,2,95,18,3,80,3,0.51,0.23,106,12,7,52,0.49,-,9,,,,,
2025/2026,A2,Regular_Season,1st,5,535,16/11/2025 ,18:00 ,691 ,€ 2.302 ,C,Rinascita Lagonegro ,Lagonegro,3,2,8,3,16,12,21,16,25,18,7,8,12,16,21,17,25,18,5,8,14,16,19,21,29,31,8,7,16,15,18,21,21,25,5,2,0,0,0,0,15,5,72,28,8,114,18,3,73,6,0.63,0.29,104,6,7,56,0.54,-,13,,,,,
2025/2026,A2,Regular_Season,1st,5,535,16/11/2025 ,18:00 ,691 ,€ 2.302 ,O,Virtus Aversa ,Aversa,2,3,3,8,12,16,16,21,18,25,8,7,16,12,17,21,18,25,8,5,16,14,21,19,31,29,7,8,15,16,21,18,25,21,2,5,0,0,0,0,5,15,72,23,-20,98,25,6,96,4,0.56,0.29,139,18,13,59,0.42,-,7,,,,,
2025/2026,A2,Regular_Season,1st,6,536,23/11/2025 ,16:00 ,678 ,€ 3.214 ,C,Prisma La Cascina Taranto ,Taranto,3,0,8,5,16,10,21,13,25,15,6,8,16,15,21,19,25,19,8,5,16,10,21,17,25,19,-,-,-,-,-,-,-,-,-,-,-,-,-,-,-,-,57,23,21,73,11,7,45,2,0.53,0.27,64,2,6,42,0.66,-,8,,,,,
2025/2026,A2,Regular_Season,1st,6,536,23/11/2025 ,16:00 ,678 ,€ 3.214 ,O,Campi Reali Cantù ,Cantù,0,3,5,8,10,16,13,21,15,25,8,6,15,16,19,21,19,25,5,8,10,16,17,21,19,25,-,-,-,-,-,-,-,-,-,-,-,-,-,-,-,-,39,9,-11,55,10,2,62,7,0.5,0.31,69,7,8,31,0.45,-,6,,,,,
2025/2026,A2,Regular_Season,1st,6,537,23/11/2025 ,16:00 ,1.324 ,€ 6.192 ,C,Consar Ravenna ,Ravenna,3,1,8,6,16,8,21,11,25,13,8,6,16,12,21,19,27,25,8,6,16,13,21,18,25,27,7,8,16,14,20,21,25,23,-,-,-,-,-,-,-,-,77,35,5,101,19,6,73,4,0.56,0.21,127,8,10,62,0.49,-,9,,,,,
2025/2026,A2,Regular_Season,1st,6,537,23/11/2025 ,16:00 ,1.324 ,€ 6.192 ,O,Rinascita Lagonegro ,Lagonegro,1,3,6,8,8,16,11,21,13,25,6,8,12,16,19,21,25,27,6,8,13,16,18,21,27,25,8,7,14,16,21,20,23,25,-,-,-,-,-,-,-,-,59,19,1,89,16,3,82,6,0.4,0.17,113,9,9,46,0.41,-,10,,,,,
2025/2026,A2,Regular_Season,1st,6,538,23/11/2025 ,18:00 ,622 ,€ 1.280 ,C,Virtus Aversa ,Aversa,3,0,6,8,15,16,21,20,25,22,8,7,16,12,21,16,25,19,4,8,16,15,21,18,25,22,-,-,-,-,-,-,-,-,-,-,-,-,-,-,-,-,52,21,4,74,17,4,50,5,0.42,0.18,73,5,4,35,0.48,-,13,,,,,
2025/2026,A2,Regular_Season,1st,6,538,23/11/2025 ,18:00 ,622 ,€ 1.280 ,O,Abba Pineto ,Pineto,0,3,8,6,16,15,20,21,22,25,7,8,12,16,16,21,19,25,8,4,15,16,18,21,22,25,-,-,-,-,-,-,-,-,-,-,-,-,-,-,-,-,41,13,-22,64,14,5,57,4,0.47,0.12,84,9,13,32,0.38,-,4,,,,,
2025/2026,A2,Regular_Season,1st,6,539,23/11/2025 ,17:00 ,619 ,€ 1.131 ,C,Emma Villas Codyeco Lupi Siena ,Siena,2,3,8,5,16,14,21,16,25,19,5,8,16,14,21,20,25,22,8,7,13,16,18,21,20,25,8,6,16,14,21,17,26,28,5,3,0,0,0,0,13,15,83,26,5,109,22,8,89,6,0.49,0.27,129,14,6,60,0.47,-,15,,,,,
2025/2026,A2,Regular_Season,1st,6,539,23/11/2025 ,17:00 ,619 ,€ 1.131 ,O,Romeo Sorrento ,Massa Lubrense,3,2,5,8,14,16,16,21,19,25,8,5,14,16,20,21,22,25,7,8,16,13,21,18,25,20,6,8,14,16,17,21,28,26,3,5,0,0,0,0,15,13,73,21,-3,109,20,5,87,8,0.45,0.23,134,5,15,62,0.46,-,6,,,,,
2025/2026,A2,Regular_Season,1st,6,540,22/11/2025 ,18:00 ,261 ,€ 542 ,C,Sviluppo Sud Catania ,Acicastello,3,2,6,8,15,16,21,20,24,26,8,5,14,16,21,18,25,27,8,2,16,12,21,15,25,23,8,6,15,16,19,21,26,24,5,4,0,0,0,0,15,12,87,34,19,115,17,3,96,6,0.38,0.21,134,12,7,62,0.46,-,22,,,,,
2025/2026,A2,Regular_Season,1st,6,540,22/11/2025 ,18:00 ,261 ,€ 542 ,O,Gruppo Consoli Sferc Brescia ,Brescia Atlantide,2,3,8,6,16,15,20,21,26,24,5,8,16,14,18,21,27,25,2,8,12,16,15,21,23,25,6,8,16,15,21,19,24,26,4,5,0,0,0,0,12,15,81,26,16,112,16,6,98,3,0.43,0.2,146,9,22,68,0.47,-,7,,,,,
2025/2026,A2,Regular_Season,1st,6,541,23/11/2025 ,19:00 ,560 ,€ 3.887 ,C,Essence Hotels Fano ,Fano,0,3,7,8,15,16,20,21,21,25,1,8,5,16,9,21,13,25,7,8,12,16,17,21,18,25,-,-,-,-,-,-,-,-,-,-,-,-,-,-,-,-,40,13,-3,54,11,6,66,7,0.35,0.21,80,9,7,30,0.38,-,4,,,,,
2025/2026,A2,Regular_Season,1st,6,541,23/11/2025 ,19:00 ,560 ,€ 3.887 ,O,Tinet Prata di Pordenone ,Prata,3,0,8,7,16,15,21,20,25,21,8,1,16,5,21,9,25,13,8,7,16,12,21,17,25,18,-,-,-,-,-,-,-,-,-,-,-,-,-,-,-,-,54,26,21,73,7,7,43,6,0.42,0.28,77,3,4,40,0.52,-,7,,,,,
2025/2026,A2,Regular_Season,1st,6,542,23/11/2025 ,18:00 ,331 ,€ 353 ,C,Banca Macerata Fisiomed MC ,Macerata,3,0,8,5,16,13,21,17,25,21,8,7,16,13,21,19,29,27,8,4,16,11,21,15,25,18,-,-,-,-,-,-,-,-,-,-,-,-,-,-,-,-,65,24,27,77,10,5,61,1,0.54,0.28,105,7,6,53,0.5,-,7,,,,,
2025/2026,A2,Regular_Season,1st,6,542,23/11/2025 ,18:00 ,331 ,€ 353 ,O,Alva Inox 2 Emme Service Porto Viro ,Porto Viro,0,3,5,8,13,16,17,21,21,25,7,8,13,16,19,21,27,29,4,8,11,16,15,21,18,25,-,-,-,-,-,-,-,-,-,-,-,-,-,-,-,-,47,14,-4,68,7,-,67,6,0.49,0.28,100,6,7,41,0.41,-,6,,,,,
2025/2026,A2,Regular_Season,1st,7,543,30/11/2025 ,18:00 ,682 ,€ 2.824 ,C,Prisma La Cascina Taranto ,Taranto,1,3,8,6,16,12,21,12,25,15,7,8,15,16,18,21,21,25,8,6,16,10,21,16,33,35,5,8,12,16,13,21,16,25,-,-,-,-,-,-,-,-,67,25,1,96,18,5,76,4,0.41,0.26,119,7,13,58,0.49,-,4,,,,,
2025/2026,A2,Regular_Season,1st,7,543,30/11/2025 ,18:00 ,682 ,€ 2.824 ,O,Emma Villas Codyeco Lupi Siena ,Siena,3,1,6,8,12,16,12,21,15,25,8,7,16,15,21,18,25,21,6,8,10,16,16,21,35,33,8,5,16,12,21,13,25,16,-,-,-,-,-,-,-,-,74,28,14,98,22,4,78,5,0.47,0.27,101,5,4,57,0.56,-,13,,,,,
2025/2026,A2,Regular_Season,1st,7,544,30/11/2025 ,17:30 ,880 ,€ 1.051 ,C,Gruppo Consoli Sferc Brescia ,Brescia Atlantide,3,2,6,8,13,16,18,21,21,25,5,8,16,12,21,17,25,17,7,8,16,15,21,19,25,21,7,8,16,14,20,21,23,25,5,1,0,0,0,0,15,10,81,37,13,109,22,9,83,5,0.43,0.18,132,10,10,61,0.46,-,11,,,,,
2025/2026,A2,Regular_Season,1st,7,544,30/11/2025 ,17:30 ,880 ,€ 1.051 ,O,Banca Macerata Fisiomed MC ,Macerata,2,3,8,6,16,13,21,18,25,21,8,5,12,16,17,21,17,25,8,7,15,16,19,21,21,25,8,7,14,16,21,20,25,23,1,5,0,0,0,0,10,15,62,23,-5,98,15,5,87,10,0.3,0.1,129,11,11,47,0.36,-,10,,,,,
2025/2026,A2,Regular_Season,1st,7,545,30/11/2025 ,16:00 ,655 ,€ 1.989 ,C,Abba Pineto ,Pineto,3,2,6,8,10,16,16,21,22,25,8,7,16,13,20,21,25,23,8,4,16,10,21,19,25,20,6,8,10,16,13,21,19,25,5,2,0,0,0,0,16,14,75,27,16,107,19,7,85,4,0.38,0.25,119,10,8,54,0.45,-,14,,,,,
2025/2026,A2,Regular_Season,1st,7,545,30/11/2025 ,16:00 ,655 ,€ 1.989 ,O,Tinet Prata di Pordenone ,Prata,2,3,8,6,16,10,21,16,25,22,7,8,13,16,21,20,23,25,4,8,10,16,19,21,20,25,8,6,16,10,21,13,25,19,2,5,0,0,0,0,14,16,76,24,7,107,22,4,88,8,0.44,0.23,124,6,14,64,0.52,-,8,,,,,
2025/2026,A2,Regular_Season,1st,7,546,30/11/2025 ,18:00 ,529 ,€ 1.901 ,C,Alva Inox 2 Emme Service Porto Viro ,Porto Viro,3,2,8,4,16,13,21,18,25,19,8,7,16,15,20,21,21,25,8,7,13,16,21,20,25,22,5,8,12,16,16,21,21,25,5,3,0,0,0,0,15,11,81,31,17,107,11,7,87,6,0.51,0.21,132,5,17,60,0.45,-,14,,,,,
2025/2026,A2,Regular_Season,1st,7,546,30/11/2025 ,18:00 ,529 ,€ 1.901 ,O,Virtus Aversa ,Aversa,2,3,4,8,13,16,18,21,19,25,7,8,15,16,21,20,25,21,7,8,16,13,20,21,22,25,8,5,16,12,21,16,25,21,3,5,0,0,0,0,11,15,83,25,9,102,15,6,96,8,0.6,0.24,139,8,14,60,0.43,-,17,,,,,
2025/2026,A2,Regular_Season,1st,7,547,30/11/2025 ,17:30 ,284 ,€ 520 ,C,Campi Reali Cantù ,Cantù,3,2,4,8,8,16,17,21,34,32,8,7,15,16,19,21,24,26,8,6,16,11,21,17,25,21,5,8,14,16,16,21,21,25,5,2,0,0,0,0,15,13,86,30,11,118,23,5,97,5,0.43,0.15,141,10,11,71,0.5,-,10,,,,,
2025/2026,A2,Regular_Season,1st,7,547,30/11/2025 ,17:30 ,284 ,€ 520 ,O,Essence Hotels Fano ,Fano,2,3,8,4,16,8,21,17,32,34,7,8,16,15,21,19,26,24,6,8,11,16,17,21,21,25,8,5,16,14,21,16,25,21,2,5,0,0,0,0,13,15,81,26,-1,118,21,4,95,5,0.56,0.26,148,12,10,66,0.45,-,11,,,,,
2025/2026,A2,Regular_Season,1st,7,548,29/11/2025 ,18:30 ,556 ,€ 2.990 ,C,Romeo Sorrento ,Massa Lubrense,1,3,8,5,16,15,19,21,21,25,7,8,12,16,18,21,27,25,8,6,12,16,15,21,18,25,8,6,9,16,17,21,18,25,-,-,-,-,-,-,-,-,60,18,7,85,11,3,83,5,0.47,0.29,128,6,12,48,0.38,-,9,,,,,
2025/2026,A2,Regular_Season,1st,7,548,29/11/2025 ,18:30 ,556 ,€ 2.990 ,O,Consar Ravenna ,Ravenna,3,1,5,8,15,16,21,19,25,21,8,7,16,12,21,18,25,27,6,8,16,12,21,15,25,18,6,8,16,9,21,17,25,18,-,-,-,-,-,-,-,-,80,34,22,99,16,5,74,3,0.55,0.32,119,8,9,63,0.53,-,12,,,,,
2025/2026,A2,Regular_Season,1st,7,549,30/11/2025 ,19:00 ,667 ,€ 2.047 ,C,Rinascita Lagonegro ,Lagonegro,2,3,6,8,16,14,21,18,25,20,4,8,14,16,17,21,21,25,4,8,15,16,20,21,23,25,8,7,16,13,21,17,25,21,2,5,0,0,0,0,10,15,71,25,10,104,16,1,85,6,0.49,0.18,114,7,13,54,0.47,-,16,,,,,
2025/2026,A2,Regular_Season,1st,7,549,30/11/2025 ,19:00 ,667 ,€ 2.047 ,O,Sviluppo Sud Catania ,Acicastello,3,2,8,6,14,16,18,21,20,25,8,4,16,14,21,17,25,21,8,4,16,15,21,20,25,23,7,8,13,16,17,21,21,25,5,2,0,0,0,0,15,10,83,28,14,106,21,5,88,1,0.58,0.27,131,12,16,65,0.5,-,13,,,,,
2025/2026,A2,Regular_Season,1st,8,550,3/12/2025 ,20:00 ,701 ,€ 3.967 ,C,Tinet Prata di Pordenone ,Prata,3,1,7,8,16,14,21,18,25,22,6,8,14,16,21,20,25,23,5,8,10,16,14,21,19,25,8,6,16,14,21,18,25,21,-,-,-,-,-,-,-,-,66,22,6,93,15,8,78,2,0.74,0.42,107,8,7,50,0.47,-,8,,,,,
2025/2026,A2,Regular_Season,1st,8,550,3/12/2025 ,20:00 ,701 ,€ 3.967 ,O,Alva Inox 2 Emme Service Porto Viro ,Porto Viro,1,3,8,7,14,16,18,21,22,25,8,6,16,14,20,21,23,25,8,5,16,10,21,14,25,19,6,8,14,16,18,21,21,25,-,-,-,-,-,-,-,-,67,23,6,92,14,2,78,8,0.47,0.36,110,14,8,58,0.53,-,7,,,,,
2025/2026,A2,Regular_Season,1st,8,551,3/12/2025 ,20:00 ,1.079 ,€ 5.289 ,C,Consar Ravenna ,Ravenna,3,1,4,8,12,16,17,21,26,24,8,1,16,9,21,13,25,14,3,8,12,16,14,21,20,25,4,8,13,16,19,21,26,24,-,-,-,-,-,-,-,-,70,29,9,96,14,6,72,5,0.43,0.21,101,11,9,54,0.53,-,10,,,,,
2025/2026,A2,Regular_Season,1st,8,551,3/12/2025 ,20:00 ,1.079 ,€ 5.289 ,O,Gruppo Consoli Sferc Brescia ,Brescia Atlantide,1,3,8,4,16,12,21,17,24,26,1,8,9,16,13,21,14,25,8,3,16,12,21,14,25,20,8,4,16,13,21,19,24,26,-,-,-,-,-,-,-,-,62,22,1,88,16,5,82,7,0.41,0.21,105,5,10,48,0.46,-,9,,,,,
2025/2026,A2,Regular_Season,1st,8,552,3/12/2025 ,20:30 ,625 ,€ 1.226 ,C,Virtus Aversa ,Aversa,3,1,6,8,16,15,21,19,28,26,6,8,12,16,16,21,22,25,8,5,16,12,21,18,25,23,8,5,16,12,21,15,25,17,-,-,-,-,-,-,-,-,74,25,14,99,20,3,81,5,0.6,0.31,129,6,13,62,0.48,-,9,,,,,
2025/2026,A2,Regular_Season,1st,8,552,3/12/2025 ,20:30 ,625 ,€ 1.226 ,O,Romeo Sorrento ,Massa Lubrense,1,3,8,6,15,16,19,21,26,28,8,6,16,12,21,16,25,22,5,8,12,16,18,21,23,25,5,8,12,16,15,21,17,25,-,-,-,-,-,-,-,-,64,22,10,92,11,4,79,6,0.49,0.16,104,9,9,47,0.45,-,13,,,,,
2025/2026,A2,Regular_Season,1st,8,553,3/12/2025 ,20:30 ,492 ,€ 3.323 ,C,Essence Hotels Fano ,Fano,3,1,8,5,16,12,21,16,25,19,2,8,13,16,16,21,20,25,7,8,16,14,21,18,25,21,8,4,16,8,21,12,25,16,-,-,-,-,-,-,-,-,73,32,29,94,12,3,70,6,0.54,0.2,111,6,3,56,0.5,-,14,,,,,
2025/2026,A2,Regular_Season,1st,8,553,3/12/2025 ,20:30 ,492 ,€ 3.323 ,O,Abba Pineto ,Pineto,1,3,5,8,12,16,16,21,19,25,8,2,16,13,21,16,25,20,8,7,14,16,18,21,21,25,4,8,8,16,12,21,16,25,-,-,-,-,-,-,-,-,59,21,-5,81,11,5,82,6,0.5,0.22,127,10,14,51,0.4,-,3,,,,,
2025/2026,A2,Regular_Season,1st,8,554,3/12/2025 ,20:30 ,335 ,€ 308 ,C,Banca Macerata Fisiomed MC ,Macerata,3,2,8,5,16,15,21,20,28,26,5,8,10,16,17,21,19,25,8,4,16,11,21,18,25,22,5,8,11,16,16,21,22,25,5,0,0,0,0,0,15,13,73,22,5,109,22,4,87,2,0.51,0.23,139,8,13,62,0.45,-,7,,,,,
2025/2026,A2,Regular_Season,1st,8,554,3/12/2025 ,20:30 ,335 ,€ 308 ,O,Emma Villas Codyeco Lupi Siena ,Siena,2,3,5,8,15,16,20,21,26,28,8,5,16,10,21,17,25,19,4,8,11,16,18,21,22,25,8,5,16,11,21,16,25,22,0,5,0,0,0,0,13,15,78,25,9,111,24,2,87,6,0.54,0.28,116,9,7,63,0.54,-,13,,,,,
2025/2026,A2,Regular_Season,1st,8,555,3/12/2025 ,20:30 ,325 ,€ 495 ,C,Campi Reali Cantù ,Cantù,1,3,8,5,15,16,20,21,23,25,8,7,16,13,21,18,25,23,5,8,12,16,17,21,21,25,7,8,13,16,19,21,22,25,-,-,-,-,-,-,-,-,61,22,1,92,19,3,78,6,0.41,0.18,122,11,12,48,0.39,-,10,,,,,
2025/2026,A2,Regular_Season,1st,8,555,3/12/2025 ,20:30 ,325 ,€ 495 ,O,Sviluppo Sud Catania ,Acicastello,3,1,5,8,16,15,21,20,25,23,7,8,13,16,18,21,23,25,8,5,16,12,21,17,25,21,8,7,16,13,21,19,25,22,-,-,-,-,-,-,-,-,67,26,12,97,19,6,73,4,0.38,0.18,107,5,10,49,0.46,-,12,,,,,
2025/2026,A2,Regular_Season,1st,8,556,3/12/2025 ,19:00 ,603 ,€ 1.462 ,C,Rinascita Lagonegro ,Lagonegro,3,0,8,7,16,13,21,19,25,21,7,8,16,14,20,21,25,23,8,5,16,10,21,14,25,16,-,-,-,-,-,-,-,-,-,-,-,-,-,-,-,-,54,22,10,74,9,3,50,3,0.66,0.32,78,4,7,41,0.53,-,10,,,,,
2025/2026,A2,Regular_Season,1st,8,556,3/12/2025 ,19:00 ,603 ,€ 1.462 ,O,Prisma La Cascina Taranto ,Taranto,0,3,7,8,13,16,19,21,21,25,8,7,14,16,21,20,23,25,5,8,10,16,14,21,16,25,-,-,-,-,-,-,-,-,-,-,-,-,-,-,-,-,46,11,-5,61,11,3,65,4,0.65,0.34,85,9,10,36,0.42,-,7,,,,,
2025/2026,A2,Regular_Season,1st,9,557,7/12/2025 ,18:00 ,639 ,€ 2.476 ,C,Prisma La Cascina Taranto ,Taranto,3,1,6,8,16,14,21,18,25,22,8,5,16,13,21,17,25,22,4,8,11,16,19,21,22,25,8,6,16,14,21,18,25,23,-,-,-,-,-,-,-,-,75,27,14,96,13,4,77,8,0.53,0.29,107,5,9,57,0.53,-,14,,,,,
2025/2026,A2,Regular_Season,1st,9,557,7/12/2025 ,18:00 ,639 ,€ 2.476 ,O,Banca Macerata Fisiomed MC ,Macerata,1,3,8,6,14,16,18,21,22,25,5,8,13,16,17,21,22,25,8,4,16,11,21,19,25,22,6,8,14,16,18,21,23,25,-,-,-,-,-,-,-,-,74,24,13,93,16,8,83,4,0.47,0.25,109,6,14,57,0.52,-,9,,,,,
2025/2026,A2,Regular_Season,1st,9,558,7/12/2025 ,16:00 ,925 ,€ 1.012 ,C,Gruppo Consoli Sferc Brescia ,Brescia Atlantide,2,3,8,6,16,13,21,16,25,21,5,8,16,15,21,16,25,19,8,5,11,16,14,21,18,25,8,5,13,16,17,21,22,25,2,5,0,0,0,0,8,15,76,29,21,98,14,14,91,6,0.4,0.21,118,9,13,55,0.47,-,7,,,,,
2025/2026,A2,Regular_Season,1st,9,558,7/12/2025 ,16:00 ,925 ,€ 1.012 ,O,Virtus Aversa ,Aversa,3,2,6,8,13,16,16,21,21,25,8,5,15,16,16,21,19,25,5,8,16,11,21,14,25,18,5,8,16,13,21,17,25,22,5,2,0,0,0,0,15,8,81,34,14,105,14,6,84,16,0.3,0.15,123,8,7,62,0.5,-,13,,,,,
2025/2026,A2,Regular_Season,1st,9,559,7/12/2025 ,16:00 ,569 ,€ 1.383 ,C,Emma Villas Codyeco Lupi Siena ,Siena,0,3,6,8,15,16,21,20,23,25,5,8,11,16,14,21,17,25,3,8,11,16,18,21,21,25,-,-,-,-,-,-,-,-,-,-,-,-,-,-,-,-,46,14,-7,62,11,4,64,4,0.42,0.17,91,8,12,34,0.37,-,8,,,,,
2025/2026,A2,Regular_Season,1st,9,559,7/12/2025 ,16:00 ,569 ,€ 1.383 ,O,Consar Ravenna ,Ravenna,3,0,8,6,16,15,20,21,25,23,8,5,16,11,21,14,25,17,8,3,16,11,21,18,25,21,-,-,-,-,-,-,-,-,-,-,-,-,-,-,-,-,56,25,13,74,10,4,51,4,0.41,0.18,90,4,8,40,0.44,-,12,,,,,
2025/2026,A2,Regular_Season,1st,9,560,7/12/2025 ,18:00 ,335 ,€ 784 ,C,Sviluppo Sud Catania ,Acicastello,0,3,7,8,11,16,16,21,21,25,8,5,16,13,19,21,22,25,6,8,15,16,19,21,21,25,-,-,-,-,-,-,-,-,-,-,-,-,-,-,-,-,45,13,4,65,16,4,63,4,0.6,0.11,80,7,4,38,0.48,-,3,,,,,
2025/2026,A2,Regular_Season,1st,9,560,7/12/2025 ,18:00 ,335 ,€ 784 ,O,Tinet Prata di Pordenone ,Prata,3,0,8,7,16,11,21,16,25,21,5,8,13,16,21,19,25,22,8,6,16,15,21,19,25,21,-,-,-,-,-,-,-,-,-,-,-,-,-,-,-,-,50,20,15,74,11,3,49,5,0.55,0.08,81,7,3,43,0.53,-,4,,,,,
2025/2026,A2,Regular_Season,1st,9,561,7/12/2025 ,18:00 ,700 ,€ 2.455 ,C,Abba Pineto ,Pineto,3,0,7,8,16,13,21,20,25,21,8,5,16,13,21,15,25,19,8,4,16,9,21,12,25,16,-,-,-,-,-,-,-,-,-,-,-,-,-,-,-,-,55,24,15,73,14,6,48,4,0.65,0.4,76,6,3,41,0.54,-,8,,,,,
2025/2026,A2,Regular_Season,1st,9,561,7/12/2025 ,18:00 ,700 ,€ 2.455 ,O,Rinascita Lagonegro ,Lagonegro,0,3,8,7,13,16,20,21,21,25,5,8,13,16,15,21,19,25,4,8,9,16,12,21,16,25,-,-,-,-,-,-,-,-,-,-,-,-,-,-,-,-,33,9,-13,58,10,3,59,6,0.56,0.29,84,8,8,27,0.32,-,3,,,,,
2025/2026,A2,Regular_Season,1st,9,562,7/12/2025 ,16:00 ,518 ,€ 1.951 ,C,Alva Inox 2 Emme Service Porto Viro ,Porto Viro,1,3,8,6,11,16,12,21,14,25,8,7,16,11,21,15,25,18,6,8,9,16,19,21,22,25,8,7,13,16,17,21,24,26,-,-,-,-,-,-,-,-,57,17,-1,87,17,4,78,7,0.45,0.22,106,8,15,44,0.42,-,9,,,,,
2025/2026,A2,Regular_Season,1st,9,562,7/12/2025 ,16:00 ,518 ,€ 1.951 ,O,Essence Hotels Fano ,Fano,3,1,6,8,16,11,21,12,25,14,7,8,11,16,15,21,18,25,8,6,16,9,21,19,25,22,7,8,16,13,21,17,26,24,-,-,-,-,-,-,-,-,69,26,22,92,14,6,70,4,0.61,0.27,110,8,9,48,0.44,-,15,,,,,
2025/2026,A2,Regular_Season,1st,9,563,7/12/2025 ,18:00 ,434 ,€ 2.020 ,C,Romeo Sorrento ,Massa Lubrense,3,1,8,6,14,16,21,19,33,31,8,6,14,16,20,21,27,25,5,8,11,16,13,21,23,25,8,3,16,9,21,11,25,12,-,-,-,-,-,-,-,-,82,29,24,107,21,9,78,2,0.65,0.44,115,3,11,65,0.57,-,8,,,,,
2025/2026,A2,Regular_Season,1st,9,563,7/12/2025 ,18:00 ,434 ,€ 2.020 ,O,Campi Reali Cantù ,Cantù,1,3,6,8,16,14,19,21,31,33,6,8,16,14,21,20,25,27,8,5,16,11,21,13,25,23,3,8,9,16,11,21,12,25,-,-,-,-,-,-,-,-,63,21,-1,94,16,2,86,9,0.44,0.19,94,8,8,50,0.53,-,11,,,,,
2025/2026,A2,Regular_Season,1st,10,564,14/12/2025 ,16:00 ,790 ,€ 4.748 ,C,Tinet Prata di Pordenone ,Prata,3,0,5,8,16,13,21,15,25,19,8,7,16,14,21,18,25,21,8,7,16,12,21,16,25,20,-,-,-,-,-,-,-,-,-,-,-,-,-,-,-,-,47,22,7,72,18,8,43,3,0.49,0.23,68,4,6,36,0.53,-,3,,,,,
2025/2026,A2,Regular_Season,1st,10,564,14/12/2025 ,16:00 ,790 ,€ 4.748 ,O,Gruppo Consoli Sferc Brescia ,Brescia Atlantide,0,3,8,5,13,16,15,21,19,25,7,8,14,16,18,21,21,25,7,8,12,16,16,21,20,25,-,-,-,-,-,-,-,-,-,-,-,-,-,-,-,-,37,13,-16,62,19,3,54,8,0.33,0.06,61,6,3,28,0.46,-,6,,,,,
2025/2026,A2,Regular_Season,1st,10,565,14/12/2025 ,18:00 ,1.138 ,€ 6.732 ,C,Consar Ravenna ,Ravenna,3,0,8,6,16,10,21,13,25,16,8,5,16,10,21,14,25,19,8,7,16,10,21,16,25,19,-,-,-,-,-,-,-,-,-,-,-,-,-,-,-,-,55,27,20,74,14,9,45,2,0.49,0.18,72,7,5,38,0.53,-,8,,,,,
2025/2026,A2,Regular_Season,1st,10,565,14/12/2025 ,18:00 ,1.138 ,€ 6.732 ,O,Sviluppo Sud Catania ,Acicastello,0,3,6,8,10,16,13,21,16,25,5,8,10,16,14,21,19,25,7,8,10,16,16,21,19,25,-,-,-,-,-,-,-,-,-,-,-,-,-,-,-,-,32,9,-20,55,10,2,60,10,0.42,0.12,71,9,8,25,0.35,-,5,,,,,
2025/2026,A2,Regular_Season,1st,10,566,14/12/2025 ,18:00 ,478 ,€ 773 ,C,Virtus Aversa ,Aversa,3,0,8,7,16,15,21,18,25,21,8,5,16,11,21,14,25,17,8,5,16,11,21,14,25,18,-,-,-,-,-,-,-,-,-,-,-,-,-,-,-,-,56,24,11,73,9,2,43,2,0.6,0.37,83,6,6,48,0.58,-,6,,,,,
2025/2026,A2,Regular_Season,1st,10,566,14/12/2025 ,18:00 ,478 ,€ 773 ,O,Banca Macerata Fisiomed MC ,Macerata,0,3,7,8,15,16,18,21,21,25,5,8,11,16,14,21,17,25,5,8,11,16,14,21,18,25,-,-,-,-,-,-,-,-,-,-,-,-,-,-,-,-,41,7,-9,58,15,2,64,3,0.36,0.2,76,4,6,33,0.43,-,6,,,,,
2025/2026,A2,Regular_Season,1st,10,567,14/12/2025 ,18:00 ,550 ,€ 4.180 ,C,Essence Hotels Fano ,Fano,0,3,8,7,14,16,18,21,21,25,6,8,15,16,18,21,19,25,6,8,11,16,17,21,20,25,-,-,-,-,-,-,-,-,-,-,-,-,-,-,-,-,42,10,-12,62,16,2,60,7,0.52,0.22,74,4,13,33,0.45,-,7,,,,,
2025/2026,A2,Regular_Season,1st,10,567,14/12/2025 ,18:00 ,550 ,€ 4.180 ,O,Romeo Sorrento ,Massa Lubrense,3,0,7,8,16,14,21,18,25,21,8,6,16,15,21,18,25,19,8,6,16,11,21,17,25,20,-,-,-,-,-,-,-,-,-,-,-,-,-,-,-,-,54,25,17,73,13,6,46,3,0.43,0.2,63,3,7,35,0.56,-,13,,,,,
2025/2026,A2,Regular_Season,1st,10,568,14/12/2025 ,19:00 ,438 ,€ 1.359 ,C,Alva Inox 2 Emme Service Porto Viro ,Porto Viro,3,0,8,7,15,16,21,20,26,24,8,4,16,13,21,17,25,22,7,8,16,13,21,17,25,21,-,-,-,-,-,-,-,-,-,-,-,-,-,-,-,-,53,19,22,75,8,5,53,4,0.47,0.15,64,5,5,38,0.59,-,10,,,,,
2025/2026,A2,Regular_Season,1st,10,568,14/12/2025 ,19:00 ,438 ,€ 1.359 ,O,Prisma La Cascina Taranto ,Taranto,0,3,7,8,16,15,20,21,24,26,4,8,13,16,17,21,22,25,8,7,13,16,17,21,21,25,-,-,-,-,-,-,-,-,-,-,-,-,-,-,-,-,53,13,-1,68,15,4,67,6,0.61,0.25,80,8,10,44,0.55,-,5,,,,,
2025/2026,A2,Regular_Season,1st,10,569,13/12/2025 ,17:30 ,278 ,€ 440 ,C,Campi Reali Cantù ,Cantù,1,3,2,8,11,16,16,21,19,25,8,5,16,8,21,18,25,23,8,7,12,16,15,21,17,25,5,8,9,16,13,21,17,25,-,-,-,-,-,-,-,-,53,19,-15,79,11,2,86,7,0.49,0.27,120,10,12,41,0.34,-,10,,,,,
2025/2026,A2,Regular_Season,1st,10,569,13/12/2025 ,17:30 ,278 ,€ 440 ,O,Abba Pineto ,Pineto,3,1,8,2,16,11,21,16,25,19,5,8,8,16,18,21,23,25,7,8,16,12,21,15,25,17,8,5,16,9,21,13,25,17,-,-,-,-,-,-,-,-,77,37,22,97,11,7,68,2,0.46,0.26,131,13,10,58,0.44,-,12,,,,,
2025/2026,A2,Regular_Season,1st,10,570,14/12/2025 ,18:00 ,628 ,€ 1.687 ,C,Rinascita Lagonegro ,Lagonegro,3,1,6,8,11,16,18,21,20,25,8,7,14,16,20,21,25,23,8,7,16,11,21,13,25,16,8,4,16,10,21,12,25,17,-,-,-,-,-,-,-,-,62,30,8,94,6,4,64,6,0.5,0.31,98,5,10,44,0.45,-,14,,,,,
2025/2026,A2,Regular_Season,1st,10,570,14/12/2025 ,18:00 ,628 ,€ 1.687 ,O,Emma Villas Codyeco Lupi Siena ,Siena,1,3,8,6,16,11,21,18,25,20,7,8,16,14,21,20,23,25,7,8,11,16,13,21,16,25,4,8,10,16,12,21,17,25,-,-,-,-,-,-,-,-,69,25,-3,82,18,6,88,5,0.52,0.19,118,14,14,53,0.45,-,10,,,,,
2025/2026,A2,Regular_Season,1st,11,571,21/12/2025 ,17:30 ,1.039 ,€ 7.340 ,C,Tinet Prata di Pordenone ,Prata,3,0,8,5,16,13,21,17,25,21,8,4,16,7,21,8,25,12,7,8,16,14,21,18,25,21,-,-,-,-,-,-,-,-,-,-,-,-,-,-,-,-,48,23,15,73,12,10,40,1,0.55,0.33,65,4,3,34,0.52,-,4,,,,,
2025/2026,A2,Regular_Season,1st,11,571,21/12/2025 ,17:30 ,1.039 ,€ 7.340 ,O,Consar Ravenna ,Ravenna,0,3,5,8,13,16,17,21,21,25,4,8,7,16,8,21,12,25,8,7,14,16,18,21,21,25,-,-,-,-,-,-,-,-,-,-,-,-,-,-,-,-,35,12,-15,56,16,1,61,12,0.36,0.26,80,10,4,31,0.39,-,3,,,,,
2025/2026,A2,Regular_Season,1st,11,572,21/12/2025 ,19:00 ,919 ,€ 860 ,C,Gruppo Consoli Sferc Brescia ,Brescia Atlantide,2,3,8,2,16,14,20,21,23,25,8,5,16,8,21,14,25,18,8,5,13,16,21,20,25,22,4,8,11,16,15,21,17,25,3,5,0,0,0,0,9,15,68,25,-7,100,17,11,83,11,0.41,0.17,113,12,12,50,0.44,-,7,,,,,
2025/2026,A2,Regular_Season,1st,11,572,21/12/2025 ,19:00 ,919 ,€ 860 ,O,Campi Reali Cantù ,Cantù,3,2,2,8,14,16,21,20,25,23,5,8,8,16,14,21,18,25,5,8,16,13,20,21,22,25,8,4,16,11,21,15,25,17,5,3,0,0,0,0,15,9,75,26,10,104,21,9,83,11,0.35,0.19,105,8,7,54,0.51,-,12,,,,,
2025/2026,A2,Regular_Season,1st,11,573,20/12/2025 ,17:00 ,467 ,€ 769 ,C,Emma Villas Codyeco Lupi Siena ,Siena,3,0,8,6,16,11,21,14,25,20,8,7,16,13,21,17,25,18,8,4,16,9,21,12,25,15,-,-,-,-,-,-,-,-,-,-,-,-,-,-,-,-,49,20,19,74,14,4,43,1,0.44,0.23,74,2,5,34,0.46,-,11,,,,,
2025/2026,A2,Regular_Season,1st,11,573,20/12/2025 ,17:00 ,467 ,€ 769 ,O,Alva Inox 2 Emme Service Porto Viro ,Porto Viro,0,3,6,8,11,16,14,21,20,25,7,8,13,16,17,21,18,25,4,8,9,16,12,21,15,25,-,-,-,-,-,-,-,-,-,-,-,-,-,-,-,-,37,10,-11,54,11,1,60,4,0.5,0.33,99,15,11,31,0.31,-,5,,,,,
2025/2026,A2,Regular_Season,1st,11,574,21/12/2025 ,19:00 ,293 ,€ 464 ,C,Sviluppo Sud Catania ,Acicastello,1,3,4,8,11,16,14,21,22,25,6,8,11,16,20,21,24,26,7,8,13,16,20,21,25,23,2,8,8,16,13,21,15,25,-,-,-,-,-,-,-,-,61,19,-1,87,16,4,82,7,0.45,0.24,98,10,12,45,0.46,-,12,,,,,
2025/2026,A2,Regular_Season,1st,11,574,21/12/2025 ,19:00 ,293 ,€ 464 ,O,Virtus Aversa ,Aversa,3,1,8,4,16,11,21,14,25,22,8,6,16,11,21,20,26,24,8,7,16,13,21,20,23,25,8,2,16,8,21,13,25,15,-,-,-,-,-,-,-,-,71,30,15,98,16,6,71,4,0.7,0.3,113,8,12,53,0.47,-,12,,,,,
2025/2026,A2,Regular_Season,1st,11,575,21/12/2025 ,18:00 ,728 ,€ 3.219 ,C,Abba Pineto ,Pineto,3,0,8,6,16,8,21,13,25,17,5,8,16,14,21,20,29,27,8,7,16,15,21,18,25,22,-,-,-,-,-,-,-,-,-,-,-,-,-,-,-,-,60,23,17,78,11,1,56,5,0.54,0.3,98,9,7,49,0.5,-,10,,,,,
2025/2026,A2,Regular_Season,1st,11,575,21/12/2025 ,18:00 ,728 ,€ 3.219 ,O,Prisma La Cascina Taranto ,Taranto,0,3,6,8,8,16,13,21,17,25,8,5,14,16,20,21,27,29,7,8,15,16,18,21,22,25,-,-,-,-,-,-,-,-,-,-,-,-,-,-,-,-,45,11,-,66,10,4,67,1,0.54,0.33,102,8,10,34,0.33,-,7,,,,,
2025/2026,A2,Regular_Season,1st,11,576,21/12/2025 ,16:00 ,403 ,€ 658 ,C,Banca Macerata Fisiomed MC ,Macerata,3,0,7,8,14,16,21,18,25,22,8,6,16,12,21,14,25,16,8,4,16,15,21,20,31,29,-,-,-,-,-,-,-,-,-,-,-,-,-,-,-,-,62,22,20,80,18,6,58,2,0.55,0.28,91,6,6,47,0.52,-,9,,,,,
2025/2026,A2,Regular_Season,1st,11,576,21/12/2025 ,16:00 ,403 ,€ 658 ,O,Essence Hotels Fano ,Fano,0,3,8,7,16,14,18,21,22,25,6,8,12,16,14,21,16,25,4,8,15,16,20,21,29,31,-,-,-,-,-,-,-,-,-,-,-,-,-,-,-,-,42,12,-11,68,10,2,62,8,0.48,0.21,78,6,9,34,0.44,-,6,,,,,
2025/2026,A2,Regular_Season,1st,11,577,21/12/2025 ,16:00 ,496 ,€ 2.225 ,C,Romeo Sorrento ,Massa Lubrense,3,2,8,5,16,12,21,16,25,21,6,8,16,13,18,21,23,25,3,8,13,16,18,21,19,25,8,5,16,12,21,14,25,18,5,4,0,0,0,0,15,13,77,27,19,107,19,6,87,1,0.68,0.38,133,8,13,60,0.45,-,11,,,,,
2025/2026,A2,Regular_Season,1st,11,577,21/12/2025 ,16:00 ,496 ,€ 2.225 ,O,Rinascita Lagonegro ,Lagonegro,2,3,5,8,12,16,16,21,21,25,8,6,13,16,21,18,25,23,8,3,16,13,21,18,25,19,5,8,12,16,14,21,18,25,4,5,0,0,0,0,13,15,72,25,9,102,15,1,88,6,0.58,0.24,123,11,11,58,0.47,-,13,,,,,
2025/2026,A2,Regular_Season,1st,12,578,28/12/2025 ,18:00 ,722 ,€ 3.270 ,C,Prisma La Cascina Taranto ,Taranto,3,1,5,8,9,16,12,21,15,25,8,6,16,14,21,18,28,26,8,6,16,15,20,21,30,28,8,6,16,11,21,19,25,21,-,-,-,-,-,-,-,-,65,22,-2,97,10,3,79,7,0.56,0.33,125,7,13,52,0.42,-,10,,,,,
2025/2026,A2,Regular_Season,1st,12,578,28/12/2025 ,18:00 ,722 ,€ 3.270 ,O,Virtus Aversa ,Aversa,1,3,8,5,16,9,21,12,25,15,6,8,14,16,18,21,26,28,6,8,15,16,21,20,28,30,6,8,11,16,19,21,21,25,-,-,-,-,-,-,-,-,81,28,15,101,22,7,87,4,0.51,0.32,127,9,10,61,0.48,-,13,,,,,
2025/2026,A2,Regular_Season,1st,12,579,26/12/2025 ,18:00 ,1.252 ,€ 9.294 ,C,Consar Ravenna ,Ravenna,2,3,5,8,15,16,17,21,19,25,7,8,13,16,19,21,25,23,8,5,16,13,21,18,25,21,8,7,16,15,19,21,26,28,2,5,0,0,0,0,12,15,84,27,13,107,21,4,96,4,0.49,0.23,151,10,13,73,0.48,-,7,,,,,
2025/2026,A2,Regular_Season,1st,12,579,26/12/2025 ,18:00 ,1.252 ,€ 9.294 ,O,Essence Hotels Fano ,Fano,3,2,8,5,16,15,21,17,25,19,8,7,16,13,21,19,23,25,5,8,13,16,18,21,21,25,7,8,15,16,21,19,28,26,5,2,0,0,0,0,15,12,81,29,28,112,16,4,86,5,0.4,0.22,126,5,7,64,0.51,-,13,,,,,
2025/2026,A2,Regular_Season,1st,12,580,28/12/2025 ,17:00 ,551 ,€ 1.508 ,C,Emma Villas Codyeco Lupi Siena ,Siena,0,3,7,8,14,16,19,21,21,25,7,8,12,16,15,21,19,25,8,6,16,15,19,21,21,25,-,-,-,-,-,-,-,-,-,-,-,-,-,-,-,-,29,8,-19,63,18,-,48,5,0.38,0.23,71,6,6,26,0.37,-,3,,,,,
2025/2026,A2,Regular_Season,1st,12,580,28/12/2025 ,17:00 ,551 ,€ 1.508 ,O,Gruppo Consoli Sferc Brescia ,Brescia Atlantide,3,0,8,7,16,14,21,19,25,21,8,7,16,12,21,15,25,19,6,8,15,16,21,19,25,21,-,-,-,-,-,-,-,-,-,-,-,-,-,-,-,-,51,19,5,73,25,5,45,-,0.47,0.31,71,7,3,40,0.56,-,6,,,,,
2025/2026,A2,Regular_Season,1st,12,581,28/12/2025 ,18:00 ,578 ,€ 2.350 ,C,Alva Inox 2 Emme Service Porto Viro ,Porto Viro,2,3,4,8,11,16,16,21,25,23,8,6,16,14,17,21,20,25,-,-,-,-,-,-,25,20,-,-,-,-,-,-,22,25,-,-,-,-,-,-,13,15,72,27,1,106,12,9,83,9,0.6,0.28,138,12,15,54,0.39,-,9,,,,,
2025/2026,A2,Regular_Season,1st,12,581,28/12/2025 ,18:00 ,578 ,€ 2.350 ,O,Sviluppo Sud Catania ,Acicastello,3,2,8,4,16,11,21,16,23,25,6,8,14,16,21,17,25,20,-,-,-,-,-,-,-,-,-,-,-,-,-,-,-,-,-,-,-,-,-,-,-,-,83,28,6,107,24,9,94,10,0.54,0.31,129,8,9,59,0.46,-,15,,,,,
2025/2026,A2,Regular_Season,1st,12,582,28/12/2025 ,17:30 ,405 ,€ 1.120 ,C,Campi Reali Cantù ,Cantù,3,2,7,8,13,16,19,21,21,25,6,8,16,11,21,17,25,23,8,6,16,17,21,18,27,25,5,8,10,16,13,21,17,25,4,5,0,0,0,0,17,15,76,25,5,107,22,4,91,4,0.53,0.3,137,8,12,61,0.45,-,11,,,,,
2025/2026,A2,Regular_Season,1st,12,582,28/12/2025 ,17:30 ,405 ,€ 1.120 ,O,Tinet Prata di Pordenone ,Prata,2,3,8,7,16,13,21,19,25,21,8,6,11,16,17,21,23,25,6,8,17,16,18,21,25,27,8,5,16,10,21,13,25,17,5,4,0,0,0,0,15,17,79,32,2,113,22,4,85,4,0.71,0.39,138,9,11,63,0.46,-,12,,,,,
2025/2026,A2,Regular_Season,1st,12,583,28/12/2025 ,18:00 ,559 ,€ 2.910 ,C,Romeo Sorrento ,Massa Lubrense,1,3,4,8,11,16,16,21,20,25,1,8,8,16,13,21,15,25,8,6,16,15,21,20,25,23,4,8,11,16,16,21,21,25,-,-,-,-,-,-,-,-,54,16,-17,82,18,5,82,7,0.57,0.27,106,13,10,43,0.41,-,6,,,,,
2025/2026,A2,Regular_Season,1st,12,583,28/12/2025 ,18:00 ,559 ,€ 2.910 ,O,Abba Pineto ,Pineto,3,1,8,4,16,11,21,16,25,20,8,1,16,8,21,13,25,15,6,8,15,16,20,21,23,25,8,4,16,11,21,16,25,21,-,-,-,-,-,-,-,-,64,29,11,97,15,7,64,5,0.61,0.36,105,10,6,47,0.45,-,10,,,,,
2025/2026,A2,Regular_Season,1st,12,584,28/12/2025 ,18:00 ,744 ,€ 2.702 ,C,Rinascita Lagonegro ,Lagonegro,3,1,8,5,16,12,21,17,25,21,8,5,16,11,21,15,25,20,6,8,15,16,20,21,23,25,6,8,15,16,21,19,25,21,-,-,-,-,-,-,-,-,63,22,14,97,11,2,65,3,0.66,0.49,100,4,7,48,0.48,-,13,,,,,
2025/2026,A2,Regular_Season,1st,12,584,28/12/2025 ,18:00 ,744 ,€ 2.702 ,O,Banca Macerata Fisiomed MC ,Macerata,1,3,5,8,12,16,17,21,21,25,5,8,11,16,15,21,20,25,8,6,16,15,21,20,25,23,8,6,16,15,19,21,21,25,-,-,-,-,-,-,-,-,69,18,1,88,23,2,86,2,0.64,0.43,118,10,13,60,0.51,-,7,,,,,
2025/2026,A2,Regular_Season,1st,13,585,4/1/2026 ,19:00 ,894 ,€ 5.882 ,C,Tinet Prata di Pordenone ,Prata,3,0,8,3,16,7,21,17,25,20,8,3,16,9,21,13,25,20,8,3,16,10,21,14,25,17,-,-,-,-,-,-,-,-,-,-,-,-,-,-,-,-,53,23,26,73,13,6,44,6,0.73,0.27,65,5,3,38,0.58,-,9,,,,,
2025/2026,A2,Regular_Season,1st,13,585,4/1/2026 ,19:00 ,894 ,€ 5.882 ,O,Romeo Sorrento ,Massa Lubrense,0,3,3,8,7,16,17,21,20,25,3,8,9,16,13,21,20,25,3,8,10,16,14,21,17,25,-,-,-,-,-,-,-,-,-,-,-,-,-,-,-,-,37,10,-1,59,15,4,60,9,0.52,0.2,72,5,9,30,0.42,-,3,,,,,
2025/2026,A2,Regular_Season,1st,13,586,4/1/2026 ,17:30 ,967 ,€ 1.248 ,C,Gruppo Consoli Sferc Brescia ,Brescia Atlantide,3,0,8,5,16,11,20,21,25,23,8,4,16,12,21,19,25,23,8,5,16,12,21,18,25,22,-,-,-,-,-,-,-,-,-,-,-,-,-,-,-,-,52,22,6,73,13,10,54,3,0.52,0.37,91,6,11,39,0.43,-,3,,,,,
2025/2026,A2,Regular_Season,1st,13,586,4/1/2026 ,17:30 ,967 ,€ 1.248 ,O,Alva Inox 2 Emme Service Porto Viro ,Porto Viro,0,3,5,8,11,16,21,20,23,25,4,8,12,16,19,21,23,25,5,8,12,16,18,21,22,25,-,-,-,-,-,-,-,-,-,-,-,-,-,-,-,-,47,18,-2,70,16,3,60,11,0.4,0.22,72,7,3,33,0.46,-,11,,,,,
2025/2026,A2,Regular_Season,1st,13,587,3/1/2026 ,20:30 ,457 ,€ 730 ,C,Virtus Aversa ,Aversa,2,3,8,3,16,8,21,9,25,10,8,6,16,14,19,21,28,30,8,6,14,16,19,21,23,25,6,8,16,11,21,13,25,16,3,5,0,0,0,0,11,15,79,36,16,112,18,6,75,9,0.55,0.31,130,9,10,66,0.51,-,7,,,,,
2025/2026,A2,Regular_Season,1st,13,587,3/1/2026 ,20:30 ,457 ,€ 730 ,O,Emma Villas Codyeco Lupi Siena ,Siena,3,2,3,8,8,16,9,21,10,25,6,8,14,16,21,19,30,28,6,8,16,14,21,19,25,23,8,6,11,16,13,21,16,25,5,3,0,0,0,0,15,11,69,27,8,96,21,6,94,6,0.55,0.32,127,11,7,53,0.42,-,10,,,,,
2025/2026,A2,Regular_Season,1st,13,588,3/1/2026 ,18:00 ,414 ,€ 223 ,C,Sviluppo Sud Catania ,Acicastello,0,3,7,8,13,16,17,21,22,25,1,8,10,16,13,21,17,25,7,8,12,16,15,21,20,25,-,-,-,-,-,-,-,-,-,-,-,-,-,-,-,-,45,18,-9,61,7,-,64,5,0.64,0.34,91,13,11,33,0.36,-,12,,,,,
2025/2026,A2,Regular_Season,1st,13,588,3/1/2026 ,18:00 ,414 ,€ 223 ,O,Prisma La Cascina Taranto ,Taranto,3,0,8,7,16,13,21,17,25,22,8,1,16,10,21,13,25,17,8,7,16,12,21,15,25,20,-,-,-,-,-,-,-,-,-,-,-,-,-,-,-,-,55,24,21,73,9,5,54,-,0.61,0.3,93,5,12,39,0.42,-,11,,,,,
2025/2026,A2,Regular_Season,1st,13,589,4/1/2026 ,18:00 ,939 ,€ 5.066 ,C,Abba Pineto ,Pineto,3,1,5,8,16,15,20,21,25,23,5,8,15,16,18,21,23,25,8,6,16,13,21,18,25,23,8,6,16,10,21,12,25,12,-,-,-,-,-,-,-,-,60,23,13,97,8,6,61,8,0.49,0.26,101,8,10,49,0.49,-,5,,,,,
2025/2026,A2,Regular_Season,1st,13,589,4/1/2026 ,18:00 ,939 ,€ 5.066 ,O,Consar Ravenna ,Ravenna,1,3,8,5,15,16,21,20,23,25,8,5,16,15,21,18,25,23,6,8,13,16,18,21,23,25,6,8,10,16,12,21,12,25,-,-,-,-,-,-,-,-,66,20,7,84,23,7,89,6,0.44,0.21,100,12,5,49,0.49,-,10,,,,,
2025/2026,A2,Regular_Season,1st,13,590,4/1/2026 ,18:00 ,522 ,€ 3.659 ,C,Essence Hotels Fano ,Fano,3,2,5,8,13,16,15,21,17,25,8,7,14,16,18,21,21,25,8,5,16,12,21,18,25,20,8,5,16,10,21,15,25,19,5,4,0,0,0,0,15,13,84,33,7,103,16,8,92,4,0.55,0.27,149,15,12,60,0.4,-,16,,,,,
2025/2026,A2,Regular_Season,1st,13,590,4/1/2026 ,18:00 ,522 ,€ 3.659 ,O,Rinascita Lagonegro ,Lagonegro,2,3,8,5,16,13,21,15,25,17,7,8,16,14,21,18,25,21,5,8,12,16,18,21,20,25,5,8,10,16,15,21,19,25,4,5,0,0,0,0,13,15,70,26,8,102,10,4,87,8,0.41,0.17,121,7,16,54,0.45,-,12,,,,,
2025/2026,A2,Regular_Season,1st,13,591,4/1/2026 ,18:00 ,385 ,€ 578 ,C,Banca Macerata Fisiomed MC ,Macerata,3,2,7,8,14,16,17,21,19,25,8,5,16,14,21,19,25,21,8,7,16,13,21,15,25,19,8,6,13,16,16,21,21,25,5,4,0,0,0,0,15,10,69,21,16,103,16,5,79,6,0.57,0.33,113,9,10,53,0.47,-,11,,,,,
2025/2026,A2,Regular_Season,1st,13,591,4/1/2026 ,18:00 ,385 ,€ 578 ,O,Campi Reali Cantù ,Cantù,2,3,8,7,16,14,21,17,25,19,5,8,14,16,19,21,21,25,7,8,13,16,15,21,19,25,6,8,16,13,21,16,25,21,4,5,0,0,0,0,10,15,73,26,12,100,21,6,87,5,0.44,0.24,121,14,11,57,0.47,-,10,,,,,
2025/2026,A2,Regular_Season,2nd,1,592,11/1/2026 ,18:00 ,656 ,€ 1.972 ,C,Rinascita Lagonegro ,Lagonegro,3,1,6,8,16,15,21,20,25,22,8,6,16,10,21,14,25,16,5,8,11,16,13,21,16,25,6,8,13,16,20,21,27,25,-,-,-,-,-,-,-,-,67,24,14,92,14,4,74,4,0.57,0.39,113,8,10,55,0.49,-,8,,,,,
2025/2026,A2,Regular_Season,2nd,1,592,11/1/2026 ,18:00 ,656 ,€ 1.972 ,O,Tinet Prata di Pordenone ,Prata,1,3,8,6,15,16,20,21,22,25,6,8,10,16,14,21,16,25,8,5,16,11,21,13,25,16,8,6,16,13,21,20,25,27,-,-,-,-,-,-,-,-,64,18,-1,89,15,4,78,6,0.58,0.38,103,9,8,50,0.49,-,10,,,,,
2025/2026,A2,Regular_Season,2nd,1,593,11/1/2026 ,16:00 ,627 ,€ 2.884 ,C,Alva Inox 2 Emme Service Porto Viro ,Porto Viro,0,3,7,8,16,15,20,21,26,28,1,8,10,16,14,21,19,25,4,8,10,16,15,21,19,25,-,-,-,-,-,-,-,-,-,-,-,-,-,-,-,-,37,13,-7,66,10,3,56,8,0.48,0.25,70,9,9,30,0.43,-,4,,,,,
2025/2026,A2,Regular_Season,2nd,1,593,11/1/2026 ,16:00 ,627 ,€ 2.884 ,O,Consar Ravenna ,Ravenna,3,0,8,7,15,16,21,20,28,26,8,1,16,10,21,14,25,19,8,4,16,10,21,15,25,19,-,-,-,-,-,-,-,-,-,-,-,-,-,-,-,-,56,22,15,76,20,7,56,3,0.48,0.21,68,5,4,40,0.59,-,9,,,,,
2025/2026,A2,Regular_Season,2nd,1,594,11/1/2026 ,19:00 ,356 ,€ 298 ,C,Banca Macerata Fisiomed MC ,Macerata,3,0,8,2,16,10,21,20,25,22,8,6,16,15,21,20,25,22,8,3,16,12,21,19,25,21,-,-,-,-,-,-,-,-,-,-,-,-,-,-,-,-,56,23,21,74,14,3,59,4,0.71,0.39,96,4,12,43,0.45,-,10,,,,,
2025/2026,A2,Regular_Season,2nd,1,594,11/1/2026 ,19:00 ,356 ,€ 298 ,O,Sviluppo Sud Catania ,Acicastello,0,3,2,8,10,16,20,21,22,25,6,8,15,16,20,21,22,25,3,8,12,16,19,21,21,25,-,-,-,-,-,-,-,-,-,-,-,-,-,-,-,-,46,21,15,66,7,3,60,4,0.65,0.43,85,10,10,31,0.36,-,12,,,,,
2025/2026,A2,Regular_Season,2nd,1,595,11/1/2026 ,16:00 ,451 ,€ 722 ,C,Emma Villas Codyeco Lupi Siena ,Siena,1,3,8,7,16,14,21,20,23,25,8,7,13,16,15,21,19,25,8,7,14,16,21,18,25,22,8,7,15,16,19,21,34,36,-,-,-,-,-,-,-,-,62,22,-9,101,17,4,82,7,0.55,0.23,111,9,8,46,0.41,-,12,,,,,
2025/2026,A2,Regular_Season,2nd,1,595,11/1/2026 ,16:00 ,451 ,€ 722 ,O,Abba Pineto ,Pineto,3,1,7,8,14,16,20,21,25,23,7,8,16,13,21,15,25,19,7,8,16,14,18,21,22,25,7,8,16,15,21,19,36,34,-,-,-,-,-,-,-,-,79,28,9,107,25,7,84,5,0.42,0.19,118,10,12,64,0.54,-,8,,,,,
2025/2026,A2,Regular_Season,2nd,1,596,11/1/2026 ,18:00 ,703 ,€ 3.111 ,C,Prisma La Cascina Taranto ,Taranto,1,3,8,6,15,16,19,21,23,25,6,8,10,16,15,21,19,25,8,6,16,12,21,16,25,22,5,8,12,16,14,21,17,25,-,-,-,-,-,-,-,-,63,13,28,85,15,3,83,2,0.59,0.2,113,5,13,55,0.49,-,5,,,,,
2025/2026,A2,Regular_Season,2nd,1,596,11/1/2026 ,18:00 ,703 ,€ 3.111 ,O,Essence Hotels Fano ,Fano,3,1,6,8,16,15,21,19,25,23,8,6,16,10,21,15,25,19,6,8,12,16,16,21,22,25,8,5,16,12,21,14,25,17,-,-,-,-,-,-,-,-,77,26,48,96,13,2,70,3,0.6,0.2,109,7,5,62,0.57,-,13,,,,,
2025/2026,A2,Regular_Season,2nd,1,597,11/1/2026 ,18:00 ,463 ,€ 735 ,C,Virtus Aversa ,Aversa,3,0,8,7,16,8,21,11,25,12,8,5,16,13,21,13,25,16,8,4,16,8,21,10,25,14,-,-,-,-,-,-,-,-,-,-,-,-,-,-,-,-,57,32,42,73,9,7,32,-,0.44,0.19,72,2,2,40,0.56,-,10,,,,,
2025/2026,A2,Regular_Season,2nd,1,597,11/1/2026 ,18:00 ,463 ,€ 735 ,O,Campi Reali Cantù ,Cantù,0,3,7,8,8,16,11,21,12,25,5,8,13,16,13,21,16,25,4,8,8,16,10,21,14,25,-,-,-,-,-,-,-,-,-,-,-,-,-,-,-,-,31,3,-8,44,12,-,64,8,0.33,0.13,79,5,10,29,0.37,-,2,,,,,
2025/2026,A2,Regular_Season,2nd,1,598,11/1/2026 ,17:30 ,1.057 ,€ 1.396 ,C,Gruppo Consoli Sferc Brescia ,Brescia Atlantide,3,0,8,4,16,13,21,18,26,24,8,4,16,7,21,11,25,14,8,7,16,11,21,19,25,23,-,-,-,-,-,-,-,-,-,-,-,-,-,-,-,-,48,23,2,74,12,8,46,2,0.33,0.24,68,7,5,35,0.51,-,5,,,,,
2025/2026,A2,Regular_Season,2nd,1,598,11/1/2026 ,17:30 ,1.057 ,€ 1.396 ,O,Romeo Sorrento ,Massa Lubrense,0,3,4,8,13,16,18,21,24,26,4,8,7,16,11,21,14,25,7,8,11,16,19,21,23,25,-,-,-,-,-,-,-,-,-,-,-,-,-,-,-,-,42,11,-4,63,17,2,62,10,0.29,0.13,72,8,5,35,0.49,-,5,,,,,
2025/2026,A2,Regular_Season,2nd,2,599,18/1/2026 ,19:00 ,513 ,€ 2.550 ,C,Romeo Sorrento ,Massa Lubrense,3,1,7,8,15,16,21,18,25,23,8,6,15,16,21,18,25,18,4,8,12,16,16,21,19,25,8,7,16,12,21,15,25,19,-,-,-,-,-,-,-,-,73,29,34,92,9,4,76,3,0.5,0.32,117,9,8,54,0.46,-,15,,,,,
2025/2026,A2,Regular_Season,2nd,2,599,18/1/2026 ,19:00 ,513 ,€ 2.550 ,O,Prisma La Cascina Taranto ,Taranto,1,3,8,7,16,15,18,21,23,25,6,8,16,15,18,21,18,25,8,4,16,12,21,16,25,19,7,8,12,16,15,21,19,25,-,-,-,-,-,-,-,-,64,20,10,86,10,2,83,5,0.54,0.41,130,8,15,54,0.42,-,8,,,,,
2025/2026,A2,Regular_Season,2nd,2,600,18/1/2026 ,18:00 ,630 ,€ 4.492 ,C,Essence Hotels Fano ,Fano,2,3,5,8,16,12,21,17,25,21,8,5,16,9,21,11,25,15,7,8,16,12,21,19,24,26,6,8,15,16,19,21,20,25,4,5,0,0,0,0,10,15,69,29,12,105,14,9,76,11,0.32,0.12,103,5,7,49,0.48,-,11,,,,,
2025/2026,A2,Regular_Season,2nd,2,600,18/1/2026 ,18:00 ,630 ,€ 4.492 ,O,Gruppo Consoli Sferc Brescia ,Brescia Atlantide,3,2,8,5,12,16,17,21,21,25,5,8,9,16,11,21,15,25,8,7,12,16,19,21,26,24,8,6,16,15,21,19,25,20,5,4,0,0,0,0,15,10,81,31,6,101,25,11,91,11,0.34,0.14,121,9,11,63,0.52,-,7,,,,,
2025/2026,A2,Regular_Season,2nd,2,601,18/1/2026 ,17:30 ,921 ,€ 6.392 ,C,Tinet Prata di Pordenone ,Prata,3,0,6,8,14,16,20,21,28,26,8,6,16,12,21,15,25,21,6,8,11,16,20,21,26,24,-,-,-,-,-,-,-,-,-,-,-,-,-,-,-,-,52,16,15,76,13,1,58,5,0.53,0.24,73,5,3,41,0.56,-,10,,,,,
2025/2026,A2,Regular_Season,2nd,2,601,18/1/2026 ,17:30 ,921 ,€ 6.392 ,O,Virtus Aversa ,Aversa,0,3,8,6,16,14,21,20,26,28,6,8,12,16,15,21,21,25,8,6,16,11,21,20,24,26,-,-,-,-,-,-,-,-,-,-,-,-,-,-,-,-,50,15,3,72,14,2,63,1,0.51,0.29,90,10,10,45,0.5,-,3,,,,,
2025/2026,A2,Regular_Season,2nd,2,602,18/1/2026 ,18:00 ,253 ,€ 370 ,C,Sviluppo Sud Catania ,Acicastello,3,2,8,1,16,6,21,13,25,16,7,8,16,14,21,18,25,23,8,5,16,11,20,21,22,25,6,8,16,15,17,21,22,25,4,5,0,0,0,0,16,14,72,27,29,110,15,3,79,5,0.65,0.41,119,13,9,56,0.47,-,13,,,,,
2025/2026,A2,Regular_Season,2nd,2,602,18/1/2026 ,18:00 ,253 ,€ 370 ,O,Emma Villas Codyeco Lupi Siena ,Siena,2,3,1,8,6,16,13,21,16,25,8,7,14,16,18,21,23,25,5,8,11,16,21,20,25,22,8,6,15,16,21,17,25,22,5,4,0,0,0,0,14,16,73,23,16,103,24,4,95,6,0.77,0.4,137,13,13,60,0.44,-,9,,,,,
2025/2026,A2,Regular_Season,2nd,2,603,17/1/2026 ,18:00 ,738 ,€ 3.069 ,C,Abba Pineto ,Pineto,3,2,5,8,12,16,17,21,20,25,6,8,10,16,15,21,17,25,5,8,16,15,20,21,25,23,8,5,16,11,21,14,25,22,5,3,0,0,0,0,15,12,71,22,2,102,21,7,86,5,0.57,0.34,125,14,11,60,0.48,-,4,,,,,
2025/2026,A2,Regular_Season,2nd,2,603,17/1/2026 ,18:00 ,738 ,€ 3.069 ,O,Alva Inox 2 Emme Service Porto Viro ,Porto Viro,2,3,8,5,16,12,21,17,25,20,8,6,16,10,21,15,25,17,8,5,15,16,21,20,23,25,5,8,11,16,14,21,22,25,3,5,0,0,0,0,12,15,71,21,12,107,21,5,81,7,0.47,0.22,125,9,4,55,0.44,-,11,,,,,
2025/2026,A2,Regular_Season,2nd,2,604,18/1/2026 ,18:00 ,1.496 ,€ 9.291 ,C,Consar Ravenna ,Ravenna,0,3,8,7,12,16,16,21,20,25,8,5,16,12,21,20,26,28,5,8,9,16,11,21,17,25,-,-,-,-,-,-,-,-,-,-,-,-,-,-,-,-,45,14,4,64,11,4,66,7,0.41,0.11,96,13,9,36,0.38,-,5,,,,,
2025/2026,A2,Regular_Season,2nd,2,604,18/1/2026 ,18:00 ,1.496 ,€ 9.291 ,O,Banca Macerata Fisiomed MC ,Macerata,3,0,7,8,16,12,21,16,25,20,5,8,12,16,20,21,28,26,8,5,16,9,21,11,25,17,-,-,-,-,-,-,-,-,-,-,-,-,-,-,-,-,53,23,26,77,11,7,53,4,0.38,0.09,89,7,5,37,0.42,-,9,,,,,
2025/2026,A2,Regular_Season,2nd,2,605,18/1/2026 ,16:00 ,399 ,€ 915 ,C,Campi Reali Cantù ,Cantù,0,3,5,8,11,16,14,21,18,25,7,8,15,16,18,21,22,25,7,8,16,15,18,21,22,25,-,-,-,-,-,-,-,-,-,-,-,-,-,-,-,-,42,10,-,64,14,1,63,3,0.54,0.25,81,5,10,35,0.43,-,6,,,,,
2025/2026,A2,Regular_Season,2nd,2,605,18/1/2026 ,16:00 ,399 ,€ 915 ,O,Rinascita Lagonegro ,Lagonegro,3,0,8,5,16,11,21,14,25,18,8,7,16,15,21,18,25,22,8,7,15,16,21,18,25,22,-,-,-,-,-,-,-,-,-,-,-,-,-,-,-,-,56,24,16,73,10,2,50,1,0.48,0.22,80,7,6,44,0.55,-,10,,,,,
2025/2026,A2,Regular_Season,2nd,3,606,25/1/2026 ,17:00 ,424 ,€ 642 ,C,Emma Villas Codyeco Lupi Siena ,Siena,0,3,8,7,15,16,17,21,20,25,5,8,10,16,19,21,22,25,7,8,11,16,16,21,17,25,-,-,-,-,-,-,-,-,-,-,-,-,-,-,-,-,39,10,-12,61,16,5,61,9,0.39,0.18,69,8,6,31,0.45,-,3,,,,,
2025/2026,A2,Regular_Season,2nd,3,606,25/1/2026 ,17:00 ,424 ,€ 642 ,O,Tinet Prata di Pordenone ,Prata,3,0,7,8,16,15,21,17,25,20,8,5,16,10,21,19,25,22,8,7,16,11,21,16,25,17,-,-,-,-,-,-,-,-,-,-,-,-,-,-,-,-,51,23,8,73,12,8,45,6,0.53,0.24,73,6,3,37,0.51,-,6,,,,,
2025/2026,A2,Regular_Season,2nd,3,607,25/1/2026 ,18:00 ,680 ,€ 2.753 ,C,Prisma La Cascina Taranto ,Taranto,3,2,5,8,13,16,17,21,22,25,7,8,16,14,19,21,22,25,8,6,16,11,21,16,25,20,8,7,16,10,21,13,25,16,5,0,0,0,0,0,15,11,71,24,44,108,9,5,76,6,0.58,0.17,105,3,8,55,0.52,-,11,,,,,
2025/2026,A2,Regular_Season,2nd,3,607,25/1/2026 ,18:00 ,680 ,€ 2.753 ,O,Consar Ravenna ,Ravenna,2,3,8,5,16,13,21,17,25,22,8,7,14,16,21,19,25,22,6,8,11,16,16,21,20,25,7,8,10,16,13,21,16,25,0,5,0,0,0,0,11,15,84,22,30,98,22,6,99,5,0.53,0.21,135,15,11,70,0.52,-,8,,,,,
2025/2026,A2,Regular_Season,2nd,3,608,25/1/2026 ,16:00 ,496 ,€ 1.793 ,C,Banca Macerata Fisiomed MC ,Macerata,3,0,7,8,15,16,21,19,25,23,8,3,16,8,21,13,25,17,8,6,16,12,21,14,25,17,-,-,-,-,-,-,-,-,-,-,-,-,-,-,-,-,58,24,18,74,15,10,50,4,0.4,0.28,78,6,3,37,0.47,-,11,,,,,
2025/2026,A2,Regular_Season,2nd,3,608,25/1/2026 ,16:00 ,496 ,€ 1.793 ,O,Abba Pineto ,Pineto,0,3,8,7,16,15,19,21,23,25,3,8,8,16,13,21,17,25,6,8,12,16,14,21,17,25,-,-,-,-,-,-,-,-,-,-,-,-,-,-,-,-,36,12,-15,58,8,3,59,12,0.36,0.2,87,8,11,30,0.34,-,3,,,,,
2025/2026,A2,Regular_Season,2nd,3,609,25/1/2026 ,16:00 ,336 ,€ 381 ,C,Virtus Aversa ,Aversa,3,0,8,6,15,16,21,19,25,20,6,8,16,11,21,15,25,19,6,8,16,14,21,20,25,23,-,-,-,-,-,-,-,-,-,-,-,-,-,-,-,-,58,24,20,74,13,6,53,2,0.34,0.17,81,4,7,48,0.59,-,4,,,,,
2025/2026,A2,Regular_Season,2nd,3,609,25/1/2026 ,16:00 ,336 ,€ 381 ,O,Essence Hotels Fano ,Fano,0,3,6,8,16,15,19,21,20,25,8,6,11,16,15,21,19,25,8,6,14,16,20,21,23,25,-,-,-,-,-,-,-,-,-,-,-,-,-,-,-,-,45,13,-2,63,10,2,61,6,0.41,0.2,78,7,4,36,0.46,-,7,,,,,
2025/2026,A2,Regular_Season,2nd,3,610,25/1/2026 ,18:00 ,521 ,€ 1.887 ,C,Alva Inox 2 Emme Service Porto Viro ,Porto Viro,3,1,6,8,16,12,21,16,25,19,7,8,16,11,21,20,25,21,8,7,15,16,19,21,23,25,8,4,16,7,21,14,25,15,-,-,-,-,-,-,-,-,70,28,15,97,10,2,67,5,0.57,0.37,107,9,4,58,0.54,-,10,,,,,
2025/2026,A2,Regular_Season,2nd,3,610,25/1/2026 ,18:00 ,521 ,€ 1.887 ,O,Campi Reali Cantù ,Cantù,1,3,8,6,12,16,16,21,19,25,8,7,11,16,20,21,21,25,7,8,16,15,21,19,25,23,4,8,7,16,14,21,15,25,-,-,-,-,-,-,-,-,58,16,-4,81,14,5,87,2,0.6,0.28,120,11,10,49,0.41,-,4,,,,,
2025/2026,A2,Regular_Season,2nd,3,611,25/1/2026 ,18:00 ,291 ,€ 492 ,C,Sviluppo Sud Catania ,Acicastello,3,2,8,5,16,14,21,17,25,20,8,7,12,16,15,21,19,25,8,4,16,8,21,13,25,17,5,8,10,16,14,21,21,25,3,5,0,0,0,0,15,13,74,31,19,104,19,-,82,5,0.49,0.11,120,7,10,55,0.46,-,19,,,,,
2025/2026,A2,Regular_Season,2nd,3,611,25/1/2026 ,18:00 ,291 ,€ 492 ,O,Romeo Sorrento ,Massa Lubrense,2,3,5,8,14,16,17,21,20,25,7,8,16,12,21,15,25,19,4,8,8,16,13,21,17,25,8,5,16,10,21,14,25,21,5,3,0,0,0,0,13,15,68,26,8,101,19,5,85,-,0.52,0.08,128,10,19,53,0.41,-,10,,,,,
2025/2026,A2,Regular_Season,2nd,3,612,24/1/2026 ,17:00 ,979 ,€ 830 ,C,Gruppo Consoli Sferc Brescia ,Brescia Atlantide,2,3,8,5,16,8,21,12,25,19,8,7,12,16,18,21,23,25,6,8,11,16,14,21,17,25,5,8,16,14,21,17,25,21,2,5,0,0,0,0,11,15,73,24,-,102,32,9,91,7,0.43,0.22,122,12,12,54,0.44,-,10,,,,,
2025/2026,A2,Regular_Season,2nd,3,612,24/1/2026 ,17:00 ,979 ,€ 830 ,O,Rinascita Lagonegro ,Lagonegro,3,2,5,8,8,16,12,21,19,25,7,8,16,12,21,18,25,23,8,6,16,11,21,14,25,17,8,5,14,16,17,21,21,25,5,2,0,0,0,0,15,11,60,28,1,102,11,5,70,9,0.47,0.21,101,11,10,43,0.43,-,12,,,,,
2025/2026,A2,Regular_Season,2nd,4,613,1/2/2026 ,16:00 ,791 ,€ 4.953 ,C,Tinet Prata di Pordenone ,Prata,3,1,8,7,16,13,21,17,25,23,8,7,16,10,21,12,25,15,8,6,15,16,18,21,22,25,7,8,16,12,21,15,25,18,-,-,-,-,-,-,-,-,79,32,23,96,21,9,71,5,0.52,0.31,97,8,5,56,0.58,-,14,,,,,
2025/2026,A2,Regular_Season,2nd,4,613,1/2/2026 ,16:00 ,791 ,€ 4.953 ,O,Prisma La Cascina Taranto ,Taranto,1,3,7,8,13,16,17,21,23,25,7,8,10,16,12,21,15,25,6,8,16,15,21,18,25,22,8,7,12,16,15,21,18,25,-,-,-,-,-,-,-,-,50,15,-13,82,11,5,75,10,0.4,0.2,97,5,14,40,0.41,-,5,,,,,
2025/2026,A2,Regular_Season,2nd,4,614,1/2/2026 ,17:00 ,833 ,€ 4.145 ,C,Abba Pineto ,Pineto,2,3,8,6,16,9,21,15,25,17,2,8,9,16,14,21,16,25,8,5,16,14,21,20,22,25,8,7,16,13,21,17,25,21,4,5,0,0,0,0,9,15,62,28,-9,97,13,7,79,13,0.46,0.24,105,14,11,49,0.47,-,6,,,,,
2025/2026,A2,Regular_Season,2nd,4,614,1/2/2026 ,17:00 ,833 ,€ 4.145 ,O,Gruppo Consoli Sferc Brescia ,Brescia Atlantide,3,2,6,8,9,16,15,21,17,25,8,2,16,9,21,14,25,16,5,8,14,16,20,21,25,22,7,8,13,16,17,21,21,25,5,4,0,0,0,0,15,9,76,31,3,103,24,12,84,7,0.45,0.29,109,8,6,53,0.49,-,11,,,,,
2025/2026,A2,Regular_Season,2nd,4,615,1/2/2026 ,19:00 ,1.076 ,€ 5.553 ,C,Consar Ravenna ,Ravenna,3,0,7,8,15,16,21,19,25,23,8,7,16,11,21,15,25,18,8,7,16,15,21,18,25,21,-,-,-,-,-,-,-,-,-,-,-,-,-,-,-,-,45,20,2,74,18,3,42,3,0.45,0.24,72,4,3,34,0.47,-,8,,,,,
2025/2026,A2,Regular_Season,2nd,4,615,1/2/2026 ,19:00 ,1.076 ,€ 5.553 ,O,Virtus Aversa ,Aversa,0,3,8,7,16,15,19,21,23,25,7,8,11,16,15,21,18,25,7,8,15,16,18,21,21,25,-,-,-,-,-,-,-,-,-,-,-,-,-,-,-,-,39,11,-7,63,21,2,56,4,0.5,0.21,83,8,8,34,0.41,-,3,,,,,
2025/2026,A2,Regular_Season,2nd,4,616,1/2/2026 ,17:30 ,344 ,€ 965 ,C,Campi Reali Cantù ,Cantù,3,2,8,5,15,16,19,21,23,25,5,8,12,16,18,21,26,28,8,6,16,13,21,17,25,21,6,8,16,13,21,18,25,20,3,5,0,0,0,0,15,13,77,27,8,112,16,3,80,2,0.6,0.26,124,11,16,64,0.52,-,10,,,,,
2025/2026,A2,Regular_Season,2nd,4,616,1/2/2026 ,17:30 ,344 ,€ 965 ,O,Emma Villas Codyeco Lupi Siena ,Siena,2,3,5,8,16,15,21,19,25,23,8,5,16,12,21,18,28,26,6,8,13,16,17,21,21,25,8,6,13,16,18,21,20,25,5,3,0,0,0,0,13,15,80,22,7,108,28,1,96,5,0.6,0.27,118,7,10,63,0.53,-,16,,,,,
2025/2026,A2,Regular_Season,2nd,4,617,31/1/2026 ,18:30 ,521 ,€ 3.691 ,C,Essence Hotels Fano ,Fano,1,3,8,4,16,13,21,16,25,19,8,7,13,16,19,21,22,25,4,8,13,16,18,21,21,25,4,8,12,16,17,21,20,25,-,-,-,-,-,-,-,-,63,23,13,89,18,7,79,7,0.75,0.33,113,13,12,44,0.39,-,12,,,,,
2025/2026,A2,Regular_Season,2nd,4,617,31/1/2026 ,18:30 ,521 ,€ 3.691 ,O,Sviluppo Sud Catania ,Acicastello,3,1,4,8,13,16,16,21,19,25,7,8,16,13,21,19,25,22,8,4,16,13,21,18,25,21,8,4,16,12,21,17,25,20,-,-,-,-,-,-,-,-,63,26,21,93,14,5,71,9,0.61,0.46,100,7,12,46,0.46,-,12,,,,,
2025/2026,A2,Regular_Season,2nd,4,618,1/2/2026 ,18:00 ,667 ,€ 2.052 ,C,Rinascita Lagonegro ,Lagonegro,2,3,8,6,14,16,17,21,21,25,8,5,16,15,21,20,25,23,6,8,16,14,21,20,25,23,7,8,13,16,16,21,21,25,4,5,0,0,0,0,14,16,80,21,-,107,18,3,91,7,0.68,0.44,136,11,10,72,0.53,-,5,,,,,
2025/2026,A2,Regular_Season,2nd,4,618,1/2/2026 ,18:00 ,667 ,€ 2.052 ,O,Alva Inox 2 Emme Service Porto Viro ,Porto Viro,3,2,6,8,16,14,21,17,25,21,5,8,15,16,20,21,23,25,8,6,14,16,20,21,23,25,8,7,16,13,21,16,25,21,5,4,0,0,0,0,16,14,83,26,17,111,20,6,89,4,0.61,0.35,125,6,5,67,0.54,-,10,,,,,
2025/2026,A2,Regular_Season,2nd,4,619,1/2/2026 ,16:00 ,512 ,€ 2.370 ,C,Romeo Sorrento ,Massa Lubrense,3,0,4,8,13,16,21,19,25,22,8,6,16,10,21,17,25,18,8,5,16,15,21,20,25,22,-,-,-,-,-,-,-,-,-,-,-,-,-,-,-,-,59,21,32,73,12,4,54,4,0.35,0.04,70,8,3,45,0.64,-,10,,,,,
2025/2026,A2,Regular_Season,2nd,4,619,1/2/2026 ,16:00 ,512 ,€ 2.370 ,O,Banca Macerata Fisiomed MC ,Macerata,0,3,8,4,16,13,19,21,22,25,6,8,10,16,17,21,18,25,5,8,15,16,20,21,22,25,-,-,-,-,-,-,-,-,-,-,-,-,-,-,-,-,42,10,13,64,10,4,61,4,0.51,0.07,78,5,10,35,0.45,-,3,,,,,
2025/2026,A2,Regular_Season,2nd,5,620,7/2/2026 ,20:30 ,380 ,€ 488 ,C,Banca Macerata Fisiomed MC ,Macerata,1,3,6,8,11,16,14,21,17,25,8,7,16,15,21,19,25,23,3,8,9,16,16,21,20,25,7,8,10,16,17,21,24,26,-,-,-,-,-,-,-,-,50,16,-13,87,22,5,75,8,0.39,0.16,97,5,15,35,0.36,-,10,,,,,
2025/2026,A2,Regular_Season,2nd,5,620,7/2/2026 ,20:30 ,380 ,€ 488 ,O,Tinet Prata di Pordenone ,Prata,3,1,8,6,16,11,21,14,25,17,7,8,15,16,19,21,23,25,8,3,16,9,21,16,25,20,8,7,16,10,21,17,26,24,-,-,-,-,-,-,-,-,71,30,15,98,23,8,65,5,0.48,0.22,101,8,10,48,0.48,-,15,,,,,
2025/2026,A2,Regular_Season,2nd,5,621,8/2/2026 ,17:00 ,729 ,€ 3.196 ,C,Prisma La Cascina Taranto ,Taranto,3,0,8,6,16,13,21,19,25,22,6,8,15,16,19,21,26,24,8,5,16,11,21,15,25,20,-,-,-,-,-,-,-,-,-,-,-,-,-,-,-,-,50,22,26,75,9,6,47,5,0.4,0.06,74,2,8,35,0.47,-,9,,,,,
2025/2026,A2,Regular_Season,2nd,5,621,8/2/2026 ,17:00 ,729 ,€ 3.196 ,O,Gruppo Consoli Sferc Brescia ,Brescia Atlantide,0,3,6,8,13,16,19,21,22,25,8,6,16,15,21,19,24,26,5,8,11,16,15,21,20,25,-,-,-,-,-,-,-,-,-,-,-,-,-,-,-,-,55,17,15,67,20,5,66,6,0.36,0.08,85,5,9,42,0.49,-,8,,,,,
2025/2026,A2,Regular_Season,2nd,5,622,8/2/2026 ,18:00 ,282 ,€ 390 ,C,Sviluppo Sud Catania ,Acicastello,1,3,8,4,15,16,19,21,23,25,6,8,13,16,14,21,17,25,8,4,16,7,21,10,25,16,7,8,14,16,21,19,31,33,-,-,-,-,-,-,-,-,66,25,7,96,19,4,83,3,0.57,0.22,119,4,14,49,0.41,-,13,,,,,
2025/2026,A2,Regular_Season,2nd,5,622,8/2/2026 ,18:00 ,282 ,€ 390 ,O,Abba Pineto ,Pineto,3,1,4,8,16,15,21,19,25,23,8,6,16,13,21,14,25,17,4,8,7,16,10,21,16,25,8,7,16,14,19,21,33,31,-,-,-,-,-,-,-,-,71,34,8,97,14,3,77,7,0.56,0.31,126,13,13,54,0.43,-,14,,,,,
2025/2026,A2,Regular_Season,2nd,5,623,8/2/2026 ,19:00 ,442 ,€ 831 ,C,Emma Villas Codyeco Lupi Siena ,Siena,0,3,5,8,12,16,15,21,21,25,7,8,16,14,19,21,21,25,8,6,12,16,14,21,15,25,-,-,-,-,-,-,-,-,-,-,-,-,-,-,-,-,37,15,-4,59,12,5,60,8,0.72,0.27,71,11,10,27,0.38,-,5,,,,,
2025/2026,A2,Regular_Season,2nd,5,623,8/2/2026 ,19:00 ,442 ,€ 831 ,O,Essence Hotels Fano ,Fano,3,0,8,5,16,12,21,15,25,21,8,7,14,16,21,19,25,21,6,8,16,12,21,14,25,15,-,-,-,-,-,-,-,-,-,-,-,-,-,-,-,-,52,25,23,73,13,7,47,5,0.62,0.28,65,6,5,35,0.54,-,10,,,,,
2025/2026,A2,Regular_Season,2nd,5,624,8/2/2026 ,18:00 ,1.166 ,€ 5.326 ,C,Consar Ravenna ,Ravenna,3,1,8,6,16,8,21,13,25,16,4,8,16,14,18,21,23,25,8,1,16,7,21,9,25,11,6,8,16,15,21,17,25,21,-,-,-,-,-,-,-,-,72,39,28,97,12,9,56,5,0.59,0.3,98,10,5,44,0.45,-,19,,,,,
2025/2026,A2,Regular_Season,2nd,5,624,8/2/2026 ,18:00 ,1.166 ,€ 5.326 ,O,Campi Reali Cantù ,Cantù,1,3,6,8,8,16,13,21,16,25,8,4,14,16,21,18,25,23,1,8,7,16,9,21,11,25,8,6,15,16,17,21,21,25,-,-,-,-,-,-,-,-,50,14,-7,74,18,4,85,9,0.41,0.25,111,6,19,41,0.37,-,5,,,,,
2025/2026,A2,Regular_Season,2nd,5,625,8/2/2026 ,18:00 ,553 ,€ 2.121 ,C,Alva Inox 2 Emme Service Porto Viro ,Porto Viro,3,1,8,6,16,12,21,14,25,15,8,7,15,16,21,19,32,34,8,7,13,16,21,19,25,22,7,8,16,13,21,17,30,28,-,-,-,-,-,-,-,-,77,31,37,111,15,9,76,4,0.45,0.16,110,2,5,63,0.57,-,5,,,,,
2025/2026,A2,Regular_Season,2nd,5,625,8/2/2026 ,18:00 ,553 ,€ 2.121 ,O,Romeo Sorrento ,Massa Lubrense,1,3,6,8,12,16,14,21,15,25,7,8,16,15,19,21,34,32,7,8,16,13,19,21,22,25,8,7,13,16,17,21,28,30,-,-,-,-,-,-,-,-,80,21,26,99,23,4,96,9,0.41,0.22,125,7,5,71,0.57,-,5,,,,,
2025/2026,A2,Regular_Season,2nd,5,626,8/2/2026 ,16:00 ,437 ,€ 844 ,C,Virtus Aversa ,Aversa,3,2,8,5,16,15,19,21,23,25,8,7,16,10,21,16,25,19,7,8,16,15,20,21,26,24,7,8,12,16,19,21,23,25,4,5,0,0,0,0,17,15,85,26,25,113,15,5,96,-,0.69,0.33,146,15,8,71,0.49,-,9,,,,,
2025/2026,A2,Regular_Season,2nd,5,626,8/2/2026 ,16:00 ,437 ,€ 844 ,O,Rinascita Lagonegro ,Lagonegro,2,3,5,8,15,16,21,19,25,23,7,8,10,16,16,21,19,25,8,7,15,16,21,20,24,26,8,7,16,12,21,19,25,23,5,4,0,0,0,0,15,17,77,23,15,109,13,-,98,5,0.66,0.39,154,15,9,69,0.45,-,8,,,,,
2025/2026,A2,Regular_Season,2nd,6,627,15/2/2026 ,16:00 ,299 ,€ 590 ,C,Campi Reali Cantù ,Cantù,1,3,8,7,16,13,21,18,25,21,3,8,12,16,16,21,19,25,8,4,16,15,19,21,21,25,3,8,10,16,13,21,15,25,-,-,-,-,-,-,-,-,61,23,1,81,9,2,82,7,0.48,0.2,127,14,13,48,0.38,-,11,,,,,
2025/2026,A2,Regular_Season,2nd,6,627,15/2/2026 ,16:00 ,299 ,€ 590 ,O,Prisma La Cascina Taranto ,Taranto,3,1,7,8,13,16,18,21,21,25,8,3,16,12,21,16,25,19,4,8,15,16,21,19,25,21,8,3,16,10,21,13,25,15,-,-,-,-,-,-,-,-,73,28,22,95,13,5,72,2,0.54,0.26,124,5,11,55,0.44,-,13,,,,,
2025/2026,A2,Regular_Season,2nd,6,628,15/2/2026 ,16:00 ,663 ,€ 2.072 ,C,Rinascita Lagonegro ,Lagonegro,3,0,8,4,16,12,21,20,25,22,8,5,16,14,21,20,25,23,8,6,16,12,21,16,25,20,-,-,-,-,-,-,-,-,-,-,-,-,-,-,-,-,52,19,25,73,7,3,55,1,0.8,0.49,101,7,12,41,0.41,-,8,,,,,
2025/2026,A2,Regular_Season,2nd,6,628,15/2/2026 ,16:00 ,663 ,€ 2.072 ,O,Consar Ravenna ,Ravenna,0,3,4,8,12,16,20,21,22,25,5,8,14,16,20,21,23,25,6,8,12,16,16,21,20,25,-,-,-,-,-,-,-,-,-,-,-,-,-,-,-,-,51,15,15,67,12,1,66,5,0.74,0.33,94,11,8,38,0.4,-,12,,,,,
2025/2026,A2,Regular_Season,2nd,6,629,15/2/2026 ,19:00 ,772 ,€ 3.543 ,C,Abba Pineto ,Pineto,3,0,7,8,16,12,21,16,25,20,8,4,16,8,21,13,25,20,7,8,13,16,21,19,25,22,-,-,-,-,-,-,-,-,-,-,-,-,-,-,-,-,53,15,9,74,9,2,50,2,0.56,0.46,81,6,5,47,0.58,-,4,,,,,
2025/2026,A2,Regular_Season,2nd,6,629,15/2/2026 ,19:00 ,772 ,€ 3.543 ,O,Virtus Aversa ,Aversa,0,3,8,7,12,16,16,21,20,25,4,8,8,16,13,21,20,25,8,7,16,13,19,21,22,25,-,-,-,-,-,-,-,-,-,-,-,-,-,-,-,-,46,6,6,63,13,1,65,2,0.58,0.38,82,9,4,40,0.49,-,5,,,,,
2025/2026,A2,Regular_Season,2nd,6,630,15/2/2026 ,18:00 ,490 ,€ 2.365 ,C,Romeo Sorrento ,Massa Lubrense,1,3,8,5,16,14,21,18,25,19,5,8,12,16,15,21,19,25,6,8,15,16,21,20,24,26,6,8,12,16,18,21,19,25,-,-,-,-,-,-,-,-,58,18,13,88,11,3,74,8,0.42,0.09,104,11,10,50,0.48,-,5,,,,,
2025/2026,A2,Regular_Season,2nd,6,630,15/2/2026 ,18:00 ,490 ,€ 2.365 ,O,Emma Villas Codyeco Lupi Siena ,Siena,3,1,5,8,14,16,18,21,19,25,8,5,16,12,21,15,25,19,8,6,16,15,20,21,26,24,8,6,16,12,21,18,25,19,-,-,-,-,-,-,-,-,68,20,32,94,20,8,77,3,0.45,0.05,95,7,5,50,0.53,-,10,,,,,
2025/2026,A2,Regular_Season,2nd,6,631,15/2/2026 ,17:00 ,974 ,€ 824 ,C,Gruppo Consoli Sferc Brescia ,Brescia Atlantide,3,1,8,7,16,12,21,15,25,17,7,8,15,16,19,21,23,25,8,5,16,9,21,13,25,14,6,8,16,14,21,17,25,20,-,-,-,-,-,-,-,-,70,28,18,97,18,9,61,3,0.51,0.21,103,7,8,56,0.54,-,5,,,,,
2025/2026,A2,Regular_Season,2nd,6,631,15/2/2026 ,17:00 ,974 ,€ 824 ,O,Sviluppo Sud Catania ,Acicastello,1,3,7,8,12,16,15,21,17,25,8,7,16,15,21,19,25,23,5,8,9,16,13,21,14,25,8,6,14,16,17,21,20,25,-,-,-,-,-,-,-,-,48,13,-7,77,16,2,79,11,0.29,0.11,80,9,5,38,0.48,-,8,,,,,
2025/2026,A2,Regular_Season,2nd,6,632,15/2/2026 ,17:30 ,704 ,€ 4.284 ,C,Tinet Prata di Pordenone ,Prata,3,0,8,3,16,12,21,15,25,18,8,7,16,9,21,14,25,18,8,3,16,7,21,9,25,10,-,-,-,-,-,-,-,-,-,-,-,-,-,-,-,-,52,28,19,73,14,7,36,4,0.53,0.22,69,2,6,40,0.58,-,5,,,,,
2025/2026,A2,Regular_Season,2nd,6,632,15/2/2026 ,17:30 ,704 ,€ 4.284 ,O,Essence Hotels Fano ,Fano,0,3,3,8,12,16,15,21,18,25,7,8,9,16,14,21,18,25,3,8,7,16,9,21,10,25,-,-,-,-,-,-,-,-,-,-,-,-,-,-,-,-,30,9,-20,48,12,4,59,7,0.46,0.22,72,10,5,20,0.28,-,6,,,,,
2025/2026,A2,Regular_Season,2nd,6,633,14/2/2026 ,20:30 ,473 ,€ 1.567 ,C,Alva Inox 2 Emme Service Porto Viro ,Porto Viro,3,1,6,8,14,16,18,21,22,25,8,6,16,14,21,17,25,19,7,8,16,12,21,15,25,17,8,2,16,9,21,15,25,18,-,-,-,-,-,-,-,-,70,24,42,96,10,3,68,6,0.6,0.37,95,6,4,57,0.6,-,10,,,,,
2025/2026,A2,Regular_Season,2nd,6,633,14/2/2026 ,20:30 ,473 ,€ 1.567 ,O,Banca Macerata Fisiomed MC ,Macerata,1,3,8,6,16,14,21,18,25,22,6,8,14,16,17,21,19,25,8,7,12,16,15,21,17,25,2,8,9,16,15,21,18,25,-,-,-,-,-,-,-,-,62,15,24,80,12,6,86,3,0.55,0.36,104,11,10,52,0.5,-,4,,,,,
2025/2026,A2,Regular_Season,2nd,7,634,1/3/2026 ,17:00 ,445 ,€ 793 ,C,Emma Villas Codyeco Lupi Siena ,Siena,2,3,6,8,16,13,20,21,25,23,8,7,15,16,21,20,25,21,2,8,9,16,21,20,22,25,8,6,10,16,17,21,21,25,2,5,0,0,0,0,11,15,77,28,-3,104,21,5,92,5,0.59,0.24,130,10,16,64,0.49,-,8,,,,,
2025/2026,A2,Regular_Season,2nd,7,634,1/3/2026 ,17:00 ,445 ,€ 793 ,O,Prisma La Cascina Taranto ,Taranto,3,2,8,6,13,16,21,20,23,25,7,8,16,15,20,21,21,25,8,2,16,9,20,21,25,22,6,8,16,10,21,17,25,21,5,2,0,0,0,0,15,11,78,32,13,109,17,5,83,6,0.52,0.19,124,7,8,57,0.46,-,16,,,,,
2025/2026,A2,Regular_Season,2nd,7,635,1/3/2026 ,18:00 ,413 ,€ 488 ,C,Banca Macerata Fisiomed MC ,Macerata,0,3,5,8,10,16,14,21,20,25,8,6,15,16,19,21,21,25,6,8,15,16,21,20,28,30,-,-,-,-,-,-,-,-,-,-,-,-,-,-,-,-,48,15,-4,71,20,4,62,8,0.48,0.19,77,8,3,37,0.48,-,7,,,,,
2025/2026,A2,Regular_Season,2nd,7,635,1/3/2026 ,18:00 ,413 ,€ 488 ,O,Gruppo Consoli Sferc Brescia ,Brescia Atlantide,3,0,8,5,16,10,21,14,25,20,6,8,16,15,21,19,25,21,8,6,16,15,20,21,30,28,-,-,-,-,-,-,-,-,-,-,-,-,-,-,-,-,52,22,7,78,16,8,51,6,0.51,0.27,73,5,7,41,0.56,-,3,,,,,
2025/2026,A2,Regular_Season,2nd,7,636,28/2/2026 ,20:00 ,750 ,€ 4.910 ,C,Tinet Prata di Pordenone ,Prata,3,2,6,8,15,16,19,21,23,25,5,8,16,15,21,19,25,22,2,8,6,16,9,21,12,25,5,8,14,16,18,21,25,22,5,4,0,0,0,0,15,8,70,24,15,100,17,9,83,11,0.49,0.31,101,9,6,52,0.51,-,9,,,,,
2025/2026,A2,Regular_Season,2nd,7,636,28/2/2026 ,20:00 ,750 ,€ 4.910 ,O,Abba Pineto ,Pineto,2,3,8,6,16,15,21,19,25,23,8,5,15,16,19,21,22,25,8,2,16,6,21,9,25,12,8,5,16,14,21,18,22,25,4,5,0,0,0,0,8,15,74,27,21,102,19,11,83,9,0.34,0.18,114,7,9,57,0.5,-,6,,,,,
2025/2026,A2,Regular_Season,2nd,7,637,1/3/2026 ,18:00 ,462 ,€ 810 ,C,Virtus Aversa ,Aversa,3,0,7,8,16,12,21,15,25,18,8,5,16,13,19,21,28,26,8,7,16,14,21,17,25,23,-,-,-,-,-,-,-,-,-,-,-,-,-,-,-,-,56,20,25,77,11,5,56,4,0.55,0.18,86,8,8,43,0.5,-,8,,,,,
2025/2026,A2,Regular_Season,2nd,7,637,1/3/2026 ,18:00 ,462 ,€ 810 ,O,Alva Inox 2 Emme Service Porto Viro ,Porto Viro,0,3,8,7,12,16,15,21,18,25,5,8,13,16,21,19,26,28,7,8,14,16,17,21,23,25,-,-,-,-,-,-,-,-,-,-,-,-,-,-,-,-,48,16,14,68,12,4,66,5,0.38,0.09,85,9,8,36,0.42,-,8,,,,,
2025/2026,A2,Regular_Season,2nd,7,638,1/3/2026 ,16:00 ,527 ,€ 3.847 ,C,Essence Hotels Fano ,Fano,3,0,8,4,16,9,21,13,25,15,8,7,16,15,21,17,25,17,6,8,12,16,21,19,25,22,-,-,-,-,-,-,-,-,-,-,-,-,-,-,-,-,55,26,18,74,14,4,42,3,0.55,0.17,58,3,1,37,0.64,-,14,,,,,
2025/2026,A2,Regular_Season,2nd,7,638,1/3/2026 ,16:00 ,527 ,€ 3.847 ,O,Campi Reali Cantù ,Cantù,0,3,4,8,9,16,13,21,15,25,7,8,15,16,17,21,17,25,8,6,16,12,19,21,22,25,-,-,-,-,-,-,-,-,-,-,-,-,-,-,-,-,37,9,-17,55,13,3,60,6,0.43,0.23,75,6,14,33,0.44,-,1,,,,,
2025/2026,A2,Regular_Season,2nd,7,639,1/3/2026 ,16:00 ,1.085 ,€ 5.302 ,C,Consar Ravenna ,Ravenna,3,0,8,5,16,11,21,14,25,17,7,8,16,15,20,21,25,23,8,4,16,12,21,17,25,22,-,-,-,-,-,-,-,-,-,-,-,-,-,-,-,-,57,21,7,73,13,6,50,2,0.52,0.22,77,5,2,43,0.56,-,8,,,,,
2025/2026,A2,Regular_Season,2nd,7,639,1/3/2026 ,16:00 ,1.085 ,€ 5.302 ,O,Romeo Sorrento ,Massa Lubrense,0,3,5,8,11,16,14,21,17,25,8,7,15,16,21,20,23,25,4,8,12,16,17,21,22,25,-,-,-,-,-,-,-,-,-,-,-,-,-,-,-,-,44,11,-5,64,14,1,60,6,0.43,0.28,83,3,8,41,0.49,-,2,,,,,
2025/2026,A2,Regular_Season,2nd,7,640,1/3/2026 ,18:00 ,236 ,€ 406 ,C,Sviluppo Sud Catania ,Acicastello,3,1,8,4,16,10,21,14,25,20,8,4,16,9,21,11,25,15,5,8,10,16,14,21,16,25,8,7,16,8,21,13,25,16,-,-,-,-,-,-,-,-,61,26,26,90,17,6,59,4,0.78,0.42,103,7,6,48,0.47,-,7,,,,,
2025/2026,A2,Regular_Season,2nd,7,640,1/3/2026 ,18:00 ,236 ,€ 406 ,O,Rinascita Lagonegro ,Lagonegro,1,3,4,8,10,16,14,21,20,25,4,8,9,16,11,21,15,25,8,5,16,10,21,14,25,16,7,8,8,16,13,21,16,25,-,-,-,-,-,-,-,-,50,17,6,77,18,4,73,9,0.56,0.3,98,9,7,40,0.41,-,6,,,,,
2025/2026,A2,Regular_Season,2nd,8,641,4/3/2026 ,20:30 ,480 ,€ 1.569 ,C,Alva Inox 2 Emme Service Porto Viro ,Porto Viro,3,0,6,8,15,16,21,19,30,28,8,4,16,9,21,12,25,15,6,8,16,9,21,13,25,17,-,-,-,-,-,-,-,-,-,-,-,-,-,-,-,-,61,27,36,78,12,3,51,6,0.69,0.37,90,4,3,51,0.57,-,7,,,,,
2025/2026,A2,Regular_Season,2nd,8,641,4/3/2026 ,20:30 ,480 ,€ 1.569 ,O,Tinet Prata di Pordenone ,Prata,0,3,8,6,16,15,19,21,28,30,4,8,9,16,12,21,15,25,8,6,9,16,13,21,17,25,-,-,-,-,-,-,-,-,-,-,-,-,-,-,-,-,44,11,10,61,10,6,66,10,0.73,0.35,85,7,7,35,0.41,-,3,,,,,
2025/2026,A2,Regular_Season,2nd,8,642,4/3/2026 ,20:00 ,1.106 ,€ 758 ,C,Gruppo Consoli Sferc Brescia ,Brescia Atlantide,3,1,8,7,15,16,21,17,25,23,8,5,16,13,21,16,25,21,3,8,9,16,16,21,17,25,8,4,16,11,21,16,25,20,-,-,-,-,-,-,-,-,65,27,2,91,18,11,72,4,0.51,0.28,109,11,12,48,0.44,-,6,,,,,
2025/2026,A2,Regular_Season,2nd,8,642,4/3/2026 ,20:00 ,1.106 ,€ 758 ,O,Consar Ravenna ,Ravenna,1,3,7,8,16,15,17,21,23,25,5,8,13,16,16,21,21,25,8,3,16,9,21,16,25,17,4,8,11,16,16,21,20,25,-,-,-,-,-,-,-,-,60,23,-7,90,18,4,73,12,0.32,0.11,95,8,6,44,0.46,-,12,,,,,
2025/2026,A2,Regular_Season,2nd,8,643,4/3/2026 ,20:30 ,524 ,€ 2.495 ,C,Romeo Sorrento ,Massa Lubrense,3,1,8,3,16,10,21,15,25,20,8,6,16,15,21,18,25,21,6,8,14,16,16,21,19,25,8,6,16,11,21,17,25,23,-,-,-,-,-,-,-,-,64,22,3,94,21,5,71,9,0.51,0.3,100,5,6,52,0.52,-,7,,,,,
2025/2026,A2,Regular_Season,2nd,8,643,4/3/2026 ,20:30 ,524 ,€ 2.495 ,O,Virtus Aversa ,Aversa,1,3,3,8,10,16,15,21,20,25,6,8,15,16,18,21,21,25,8,6,16,14,21,16,25,19,6,8,11,16,17,21,23,25,-,-,-,-,-,-,-,-,60,19,-,89,18,8,73,6,0.64,0.34,95,9,7,46,0.48,-,6,,,,,
2025/2026,A2,Regular_Season,2nd,8,644,4/3/2026 ,19:30 ,678 ,€ 2.291 ,C,Abba Pineto ,Pineto,3,0,8,3,16,10,21,17,25,20,8,7,16,12,21,15,25,20,8,6,16,14,21,16,25,18,-,-,-,-,-,-,-,-,-,-,-,-,-,-,-,-,53,21,20,73,13,6,47,1,0.55,0.36,75,6,2,40,0.53,-,7,,,,,
2025/2026,A2,Regular_Season,2nd,8,644,4/3/2026 ,19:30 ,678 ,€ 2.291 ,O,Essence Hotels Fano ,Fano,0,3,3,8,10,16,17,21,20,25,7,8,12,16,15,21,20,25,6,8,14,16,16,21,18,25,-,-,-,-,-,-,-,-,-,-,-,-,-,-,-,-,37,9,-13,60,13,1,60,8,0.4,0.28,76,9,7,34,0.45,-,2,,,,,
2025/2026,A2,Regular_Season,2nd,8,645,4/3/2026 ,20:00 ,446 ,€ 577 ,C,Emma Villas Codyeco Lupi Siena ,Siena,1,3,8,6,13,16,21,19,25,22,7,8,11,16,19,21,21,25,6,8,15,16,19,21,21,25,8,6,12,16,16,21,20,25,-,-,-,-,-,-,-,-,68,26,23,88,13,6,80,6,0.51,0.24,119,7,13,54,0.45,-,8,,,,,
2025/2026,A2,Regular_Season,2nd,8,645,4/3/2026 ,20:00 ,446 ,€ 577 ,O,Banca Macerata Fisiomed MC ,Macerata,3,1,6,8,16,13,19,21,22,25,8,7,16,11,21,19,25,21,8,6,16,15,21,19,25,21,6,8,16,12,21,16,25,20,-,-,-,-,-,-,-,-,76,31,40,96,16,6,75,6,0.4,0.21,115,1,8,57,0.5,-,13,,,,,
2025/2026,A2,Regular_Season,2nd,8,646,4/3/2026 ,20:30 ,204 ,€ 246 ,C,Sviluppo Sud Catania ,Acicastello,2,3,8,6,16,15,18,21,23,25,8,5,16,10,21,15,25,18,7,8,14,16,16,21,19,25,8,5,16,11,21,19,25,20,4,5,0,0,0,0,10,15,74,23,6,102,21,5,89,5,0.6,0.3,124,5,11,60,0.48,-,9,,,,,
2025/2026,A2,Regular_Season,2nd,8,646,4/3/2026 ,20:30 ,204 ,€ 246 ,O,Campi Reali Cantù ,Cantù,3,2,6,8,15,16,21,18,25,23,5,8,10,16,15,21,18,25,8,7,16,14,21,16,25,19,5,8,11,16,19,21,20,25,5,4,0,0,0,0,15,10,77,33,18,103,14,5,81,5,0.49,0.23,125,12,9,61,0.49,-,11,,,,,
2025/2026,A2,Regular_Season,2nd,8,647,4/3/2026 ,20:30 ,706 ,€ 2.981 ,C,Prisma La Cascina Taranto ,Taranto,3,0,8,6,16,12,20,21,25,23,4,8,13,16,19,21,33,31,8,7,16,13,21,19,27,25,-,-,-,-,-,-,-,-,-,-,-,-,-,-,-,-,64,20,22,83,13,2,69,2,0.59,0.39,108,5,6,54,0.5,-,8,,,,,
2025/2026,A2,Regular_Season,2nd,8,647,4/3/2026 ,20:30 ,706 ,€ 2.981 ,O,Rinascita Lagonegro ,Lagonegro,0,3,6,8,12,16,21,20,23,25,8,4,16,13,21,19,31,33,7,8,13,16,19,21,25,27,-,-,-,-,-,-,-,-,-,-,-,-,-,-,-,-,60,18,13,80,11,2,70,2,0.5,0.33,106,8,8,52,0.49,-,6,,,,,
2025/2026,A2,Regular_Season,2nd,9,648,8/3/2026 ,18:00 ,392 ,€ 503 ,C,Banca Macerata Fisiomed MC ,Macerata,3,0,8,5,16,9,21,11,25,12,8,4,16,13,21,16,25,21,8,6,16,10,21,12,25,14,-,-,-,-,-,-,-,-,-,-,-,-,-,-,-,-,55,27,24,74,11,8,39,2,0.56,0.21,75,4,4,32,0.43,-,15,,,,,
2025/2026,A2,Regular_Season,2nd,9,648,8/3/2026 ,18:00 ,392 ,€ 503 ,O,Prisma La Cascina Taranto ,Taranto,0,3,5,8,9,16,11,21,12,25,4,8,13,16,16,21,21,25,6,8,10,16,12,21,14,25,-,-,-,-,-,-,-,-,-,-,-,-,-,-,-,-,30,6,-20,48,9,2,63,9,0.54,0.33,82,7,15,24,0.29,-,4,,,,,
2025/2026,A2,Regular_Season,2nd,9,649,8/3/2026 ,15:30 ,398 ,€ 481 ,C,Virtus Aversa ,Aversa,0,3,8,7,15,16,21,20,24,26,4,8,10,16,16,21,17,25,8,4,16,10,21,20,24,26,-,-,-,-,-,-,-,-,-,-,-,-,-,-,-,-,44,17,1,66,13,4,64,7,0.52,0.28,78,8,8,32,0.41,-,8,,,,,
2025/2026,A2,Regular_Season,2nd,9,649,8/3/2026 ,15:30 ,398 ,€ 481 ,O,Gruppo Consoli Sferc Brescia ,Brescia Atlantide,3,0,7,8,16,15,20,21,26,24,8,4,16,10,21,16,25,17,4,8,10,16,20,21,26,24,-,-,-,-,-,-,-,-,-,-,-,-,-,-,-,-,54,22,16,76,12,7,53,4,0.57,0.26,91,9,8,39,0.43,-,8,,,,,
2025/2026,A2,Regular_Season,2nd,9,650,8/3/2026 ,18:00 ,1.024 ,€ 4.531 ,C,Consar Ravenna ,Ravenna,3,1,8,6,16,13,21,18,25,20,8,2,16,11,21,14,25,16,7,8,13,16,16,21,20,25,8,7,16,14,21,20,26,24,-,-,-,-,-,-,-,-,65,25,7,95,21,6,66,5,0.61,0.15,91,9,9,51,0.56,-,8,,,,,
2025/2026,A2,Regular_Season,2nd,9,650,8/3/2026 ,18:00 ,1.024 ,€ 4.531 ,O,Emma Villas Codyeco Lupi Siena ,Siena,1,3,6,8,13,16,18,21,20,25,2,8,11,16,14,21,16,25,8,7,16,13,21,16,25,20,7,8,14,16,20,21,24,26,-,-,-,-,-,-,-,-,55,20,-10,86,20,5,74,9,0.43,0.2,85,9,8,41,0.48,-,9,,,,,
2025/2026,A2,Regular_Season,2nd,9,651,8/3/2026 ,17:30 ,726 ,€ 4.351 ,C,Tinet Prata di Pordenone ,Prata,1,3,7,8,16,15,21,18,25,22,6,8,13,16,17,21,18,25,2,8,9,16,14,21,21,25,8,4,16,14,21,19,24,26,-,-,-,-,-,-,-,-,68,26,4,89,13,2,83,6,0.52,0.34,130,14,9,55,0.42,-,11,,,,,
2025/2026,A2,Regular_Season,2nd,9,651,8/3/2026 ,17:30 ,726 ,€ 4.351 ,O,Sviluppo Sud Catania ,Acicastello,3,1,8,7,15,16,18,21,22,25,8,6,16,13,21,17,25,18,8,2,16,9,21,14,25,21,4,8,14,16,19,21,26,24,-,-,-,-,-,-,-,-,65,26,9,97,14,5,76,2,0.45,0.26,118,4,11,51,0.43,-,9,,,,,
2025/2026,A2,Regular_Season,2nd,9,652,8/3/2026 ,18:00 ,664 ,€ 2.047 ,C,Rinascita Lagonegro ,Lagonegro,2,3,8,4,16,15,21,20,28,26,8,7,16,14,21,19,25,23,7,8,11,16,18,21,22,25,8,6,16,13,21,17,24,26,2,5,0,0,0,0,9,15,74,22,-,108,20,2,92,3,0.58,0.37,123,14,5,60,0.49,-,12,,,,,
2025/2026,A2,Regular_Season,2nd,9,652,8/3/2026 ,18:00 ,664 ,€ 2.047 ,O,Abba Pineto ,Pineto,3,2,4,8,15,16,20,21,26,28,7,8,14,16,19,21,23,25,8,7,16,11,21,18,25,22,6,8,13,16,17,21,26,24,5,2,0,0,0,0,15,9,79,22,12,114,22,3,88,3,0.6,0.4,128,10,12,71,0.55,-,5,,,,,
2025/2026,A2,Regular_Season,2nd,9,653,8/3/2026 ,16:00 ,537 ,€ 3.650 ,C,Essence Hotels Fano ,Fano,0,3,4,8,9,16,14,21,19,25,8,7,12,16,14,21,17,25,8,6,12,16,16,21,20,25,-,-,-,-,-,-,-,-,-,-,-,-,-,-,-,-,47,11,5,58,8,4,65,2,0.62,0.4,91,5,15,42,0.46,-,2,,,,,
2025/2026,A2,Regular_Season,2nd,9,653,8/3/2026 ,16:00 ,537 ,€ 3.650 ,O,Alva Inox 2 Emme Service Porto Viro ,Porto Viro,3,0,8,4,16,9,21,14,25,19,7,8,16,12,21,14,25,17,6,8,16,12,21,16,25,20,-,-,-,-,-,-,-,-,-,-,-,-,-,-,-,-,61,24,31,73,8,2,50,5,0.5,0.24,69,2,2,44,0.64,-,15,,,,,
2025/2026,A2,Regular_Season,2nd,9,654,8/3/2026 ,17:30 ,330 ,€ 640 ,C,Campi Reali Cantù ,Cantù,1,3,5,8,11,16,18,21,21,25,6,8,12,16,17,21,21,25,8,6,16,13,21,18,25,23,6,8,13,16,17,21,22,25,-,-,-,-,-,-,-,-,63,14,-6,90,18,4,82,3,0.55,0.28,103,9,8,53,0.51,-,6,,,,,
2025/2026,A2,Regular_Season,2nd,9,654,8/3/2026 ,17:30 ,330 ,€ 640 ,O,Romeo Sorrento ,Massa Lubrense,3,1,8,5,16,11,21,18,25,21,8,6,16,12,21,17,25,21,6,8,13,16,18,21,23,25,8,6,16,13,21,17,25,22,-,-,-,-,-,-,-,-,69,19,17,97,15,1,72,6,0.54,0.33,105,6,6,60,0.57,-,8,,,,,
2025/2026,A2,Regular_Season,2nd,10,655,15/3/2026 ,17:30 ,1.224 ,€ 1.941 ,C,Gruppo Consoli Sferc Brescia ,Brescia Atlantide,3,2,6,8,14,16,21,19,24,26,8,6,16,10,21,17,25,21,8,7,14,16,18,21,22,25,8,2,16,5,21,8,25,10,5,4,0,0,0,0,15,13,83,35,27,110,29,13,78,9,0.41,0.23,116,4,7,62,0.53,-,8,,,,,
2025/2026,A2,Regular_Season,2nd,10,655,15/3/2026 ,17:30 ,1.224 ,€ 1.941 ,O,Tinet Prata di Pordenone ,Prata,2,3,8,6,16,14,19,21,26,24,6,8,10,16,17,21,21,25,7,8,16,14,21,18,25,22,2,8,5,16,8,21,10,25,4,5,0,0,0,0,13,15,61,24,-12,95,17,9,81,14,0.33,0.17,98,8,8,45,0.46,-,7,,,,,
2025/2026,A2,Regular_Season,2nd,10,656,15/3/2026 ,18:00 ,285 ,€ 454 ,C,Sviluppo Sud Catania ,Acicastello,1,3,7,8,16,15,21,20,27,25,5,8,9,16,14,21,16,25,7,8,12,16,15,21,17,25,5,8,11,16,16,21,16,25,-,-,-,-,-,-,-,-,57,15,-2,77,13,3,88,8,0.52,0.26,116,9,10,46,0.4,-,8,,,,,
2025/2026,A2,Regular_Season,2nd,10,656,15/3/2026 ,18:00 ,285 ,€ 454 ,O,Consar Ravenna ,Ravenna,3,1,8,7,15,16,20,21,25,27,8,5,16,9,21,14,25,16,8,7,16,12,21,15,25,17,8,5,16,11,21,16,25,16,-,-,-,-,-,-,-,-,73,35,26,99,11,5,64,3,0.58,0.23,116,5,8,58,0.5,-,10,,,,,
2025/2026,A2,Regular_Season,2nd,10,657,15/3/2026 ,18:00 ,408 ,€ 593 ,C,Banca Macerata Fisiomed MC ,Macerata,2,3,4,8,13,16,18,21,30,32,8,7,16,12,21,16,25,16,8,5,16,12,21,17,25,23,3,8,13,16,17,21,22,25,3,5,0,0,0,0,12,15,83,28,33,115,26,6,90,4,0.47,0.04,124,12,7,64,0.52,-,13,,,,,
2025/2026,A2,Regular_Season,2nd,10,657,15/3/2026 ,18:00 ,408 ,€ 593 ,O,Virtus Aversa ,Aversa,3,2,8,4,16,13,21,18,32,30,7,8,12,16,16,21,16,25,5,8,12,16,17,21,23,25,8,3,16,13,21,17,25,22,5,3,0,0,0,0,15,12,70,21,21,110,20,4,89,6,0.52,0.03,127,9,13,59,0.46,-,7,,,,,
2025/2026,A2,Regular_Season,2nd,10,658,15/3/2026 ,18:00 ,499 ,€ 2.185 ,C,Romeo Sorrento ,Massa Lubrense,1,3,6,8,15,16,19,21,22,25,7,8,14,16,20,21,23,25,7,8,15,16,17,21,25,23,8,6,15,16,18,21,22,25,-,-,-,-,-,-,-,-,72,21,21,93,16,6,84,3,0.43,0.21,129,8,10,60,0.47,-,6,,,,,
2025/2026,A2,Regular_Season,2nd,10,658,15/3/2026 ,18:00 ,499 ,€ 2.185 ,O,Essence Hotels Fano ,Fano,3,1,8,6,16,15,21,19,25,22,8,7,16,14,21,20,25,23,8,7,16,15,21,17,23,25,6,8,16,15,21,18,25,22,-,-,-,-,-,-,-,-,72,22,19,97,13,3,77,6,0.36,0.08,112,6,6,59,0.53,-,10,,,,,
2025/2026,A2,Regular_Season,2nd,10,659,14/3/2026 ,17:00 ,507 ,€ 2.208 ,C,Prisma La Cascina Taranto ,Taranto,3,2,8,7,16,11,21,13,25,14,8,6,16,13,21,17,25,20,5,8,16,13,20,21,26,28,5,8,9,16,15,21,20,25,5,4,0,0,0,0,15,11,84,31,42,111,10,6,83,4,0.69,0.43,134,8,12,67,0.5,-,11,,,,,
2025/2026,A2,Regular_Season,2nd,10,659,14/3/2026 ,17:00 ,507 ,€ 2.208 ,O,Alva Inox 2 Emme Service Porto Viro ,Porto Viro,2,3,7,8,11,16,13,21,14,25,6,8,13,16,17,21,20,25,8,5,13,16,21,20,28,26,8,5,16,9,21,15,25,20,4,5,0,0,0,0,11,15,76,21,29,98,15,3,101,7,0.47,0.24,137,8,11,61,0.45,-,12,,,,,
2025/2026,A2,Regular_Season,2nd,10,660,14/3/2026 ,20:00 ,738 ,€ 3.041 ,C,Abba Pineto ,Pineto,3,0,7,8,16,15,21,16,25,18,7,8,16,13,21,14,25,17,8,2,16,9,21,16,25,17,-,-,-,-,-,-,-,-,-,-,-,-,-,-,-,-,53,22,35,73,8,7,41,-,0.56,0.32,73,3,5,38,0.52,-,8,,,,,
2025/2026,A2,Regular_Season,2nd,10,660,14/3/2026 ,20:00 ,738 ,€ 3.041 ,O,Campi Reali Cantù ,Cantù,0,3,8,7,15,16,16,21,18,25,8,7,13,16,14,21,17,25,2,8,9,16,16,21,17,25,-,-,-,-,-,-,-,-,-,-,-,-,-,-,-,-,39,6,2,54,13,-,65,7,0.37,0.2,82,8,8,34,0.41,-,5,,,,,
2025/2026,A2,Regular_Season,2nd,10,661,15/3/2026 ,17:00 ,463 ,€ 752 ,C,Emma Villas Codyeco Lupi Siena ,Siena,0,3,5,8,11,16,15,21,16,25,8,5,13,16,19,21,23,25,8,7,11,16,16,21,17,25,-,-,-,-,-,-,-,-,-,-,-,-,-,-,-,-,45,13,-1,58,15,4,65,3,0.6,0.43,80,3,14,37,0.46,-,4,,,,,
2025/2026,A2,Regular_Season,2nd,10,661,15/3/2026 ,17:00 ,463 ,€ 752 ,O,Rinascita Lagonegro ,Lagonegro,3,0,8,5,16,11,21,15,25,16,5,8,16,13,21,19,25,23,7,8,16,11,21,16,25,17,-,-,-,-,-,-,-,-,-,-,-,-,-,-,-,-,56,28,21,73,8,1,43,6,0.47,0.14,70,3,4,41,0.59,-,14,,,,,
2025/2026,A2,Regular_Season,2nd,11,662,18/3/2026 ,20:00 ,901 ,€ 4.398 ,C,Consar Ravenna ,Ravenna,3,0,8,7,16,10,21,19,25,22,8,6,16,10,21,14,25,18,7,8,14,16,20,21,35,33,-,-,-,-,-,-,-,-,-,-,-,-,-,-,-,-,57,25,4,83,15,7,56,3,0.41,0.14,92,8,10,42,0.46,-,8,,,,,
2025/2026,A2,Regular_Season,2nd,11,662,18/3/2026 ,20:00 ,901 ,€ 4.398 ,O,Tinet Prata di Pordenone ,Prata,0,3,7,8,10,16,19,21,22,25,6,8,10,16,14,21,18,25,8,7,16,14,21,20,33,35,-,-,-,-,-,-,-,-,-,-,-,-,-,-,-,-,47,15,-16,74,18,3,68,8,0.44,0.25,89,8,8,34,0.38,-,10,,,,,
2025/2026,A2,Regular_Season,2nd,11,663,18/3/2026 ,20:30 ,295 ,€ 480 ,C,Campi Reali Cantù ,Cantù,0,3,8,5,14,16,19,21,22,25,8,7,14,16,17,21,23,25,5,8,13,16,17,21,23,25,-,-,-,-,-,-,-,-,-,-,-,-,-,-,-,-,43,11,11,70,18,5,56,4,0.25,0.04,59,3,5,32,0.54,-,6,,,,,
2025/2026,A2,Regular_Season,2nd,11,663,18/3/2026 ,20:30 ,295 ,€ 480 ,O,Gruppo Consoli Sferc Brescia ,Brescia Atlantide,3,0,5,8,16,14,21,19,25,22,7,8,16,14,21,17,25,23,8,5,16,13,21,17,25,23,-,-,-,-,-,-,-,-,-,-,-,-,-,-,-,-,51,16,16,73,17,4,52,5,0.5,0.04,75,6,6,42,0.56,-,5,,,,,
2025/2026,A2,Regular_Season,2nd,11,664,18/3/2026 ,20:30 ,535 ,€ 1.981 ,C,Alva Inox 2 Emme Service Porto Viro ,Porto Viro,3,1,8,6,16,11,21,16,25,22,7,8,16,15,21,19,25,23,8,7,16,13,19,21,23,25,8,7,14,16,18,21,27,25,-,-,-,-,-,-,-,-,73,21,15,99,13,6,79,4,0.57,0.33,119,13,11,58,0.49,-,9,,,,,
2025/2026,A2,Regular_Season,2nd,11,664,18/3/2026 ,20:30 ,535 ,€ 1.981 ,O,Emma Villas Codyeco Lupi Siena ,Siena,1,3,6,8,11,16,16,21,22,25,8,7,15,16,19,21,23,25,7,8,13,16,21,19,25,23,7,8,16,14,21,18,25,27,-,-,-,-,-,-,-,-,67,15,2,96,17,2,86,6,0.67,0.45,122,7,9,54,0.44,-,11,,,,,
2025/2026,A2,Regular_Season,2nd,11,665,18/3/2026 ,20:30 ,305 ,€ 241 ,C,Virtus Aversa ,Aversa,3,2,8,3,16,10,21,15,25,17,4,8,13,16,15,21,21,25,8,6,16,13,21,18,25,20,8,6,16,13,19,21,22,25,5,3,0,0,0,0,15,11,73,27,33,107,13,8,79,3,0.41,0.15,116,5,16,50,0.43,-,15,,,,,
2025/2026,A2,Regular_Season,2nd,11,665,18/3/2026 ,20:30 ,305 ,€ 241 ,O,Sviluppo Sud Catania ,Acicastello,2,3,3,8,10,16,15,21,17,25,8,4,16,13,21,15,25,21,6,8,13,16,18,21,20,25,6,8,13,16,21,19,25,22,3,5,0,0,0,0,11,15,75,23,18,98,19,3,94,8,0.44,0.2,134,11,15,56,0.42,-,16,,,,,
2025/2026,A2,Regular_Season,2nd,11,666,18/3/2026 ,20:30 ,665 ,€ 2.507 ,C,Prisma La Cascina Taranto ,Taranto,2,3,5,8,15,16,18,21,21,25,8,4,16,12,21,14,25,19,8,6,15,16,21,18,25,23,5,8,15,16,17,21,19,25,5,4,0,0,0,0,12,15,69,20,28,102,13,4,89,3,0.75,0.47,130,10,15,58,0.45,-,7,,,,,
2025/2026,A2,Regular_Season,2nd,11,666,18/3/2026 ,20:30 ,665 ,€ 2.507 ,O,Abba Pineto ,Pineto,3,2,8,5,16,15,21,18,25,21,4,8,12,16,14,21,19,25,6,8,16,15,18,21,23,25,8,5,16,15,21,17,25,19,4,5,0,0,0,0,15,12,83,26,37,107,18,3,89,7,0.71,0.28,131,14,7,65,0.5,-,15,,,,,
2025/2026,A2,Regular_Season,2nd,11,667,18/3/2026 ,20:30 ,566 ,€ 3.999 ,C,Essence Hotels Fano ,Fano,2,3,6,8,11,16,13,21,17,25,5,8,16,15,21,18,25,22,6,8,16,15,20,21,36,34,5,8,10,16,15,21,17,25,1,5,0,0,0,0,8,15,81,23,1,104,18,6,106,10,0.46,0.22,142,17,13,62,0.44,-,13,,,,,
2025/2026,A2,Regular_Season,2nd,11,667,18/3/2026 ,20:30 ,566 ,€ 3.999 ,O,Banca Macerata Fisiomed MC ,Macerata,3,2,8,6,16,11,21,13,25,17,8,5,15,16,18,21,22,25,8,6,15,16,21,20,34,36,8,5,16,10,21,15,25,17,5,1,0,0,0,0,15,8,82,31,8,120,14,8,86,7,0.43,0.19,134,8,13,61,0.46,-,13,,,,,
2025/2026,A2,Regular_Season,2nd,11,668,18/3/2026 ,19:30 ,602 ,€ 1.502 ,C,Rinascita Lagonegro ,Lagonegro,3,1,8,7,16,13,21,16,25,20,6,8,16,13,21,19,25,22,8,4,16,12,20,21,22,25,8,5,16,12,21,16,25,19,-,-,-,-,-,-,-,-,59,17,28,96,13,2,61,-,0.66,0.31,97,9,7,42,0.43,-,15,,,,,
2025/2026,A2,Regular_Season,2nd,11,668,18/3/2026 ,19:30 ,602 ,€ 1.502 ,O,Romeo Sorrento ,Massa Lubrense,1,3,7,8,13,16,16,21,20,25,8,6,13,16,19,21,22,25,4,8,12,16,21,20,25,22,5,8,12,16,16,21,19,25,-,-,-,-,-,-,-,-,61,12,8,87,26,-,83,2,0.51,0.34,128,10,15,54,0.42,-,7,,,,,
2025/2026,A2,Regular_Season,2nd,12,669,22/3/2026 ,18:00 ,392 ,€ 533 ,C,Virtus Aversa ,Aversa,3,0,8,6,16,12,21,17,25,20,8,5,16,14,21,19,25,22,7,8,15,16,21,19,25,22,-,-,-,-,-,-,-,-,-,-,-,-,-,-,-,-,56,17,34,72,8,4,58,1,0.47,0.33,91,9,4,50,0.55,-,2,,,,,
2025/2026,A2,Regular_Season,2nd,12,669,22/3/2026 ,18:00 ,392 ,€ 533 ,O,Prisma La Cascina Taranto ,Taranto,0,3,6,8,12,16,17,21,20,25,5,8,14,16,19,21,22,25,8,7,16,15,19,21,22,25,-,-,-,-,-,-,-,-,-,-,-,-,-,-,-,-,46,10,23,66,8,1,64,4,0.5,0.27,91,9,2,41,0.45,-,4,,,,,
2025/2026,A2,Regular_Season,2nd,12,670,22/3/2026 ,18:00 ,674 ,€ 4.514 ,C,Essence Hotels Fano ,Fano,2,3,6,8,16,14,19,21,28,26,6,8,15,16,18,21,23,25,7,8,15,16,21,20,23,25,8,5,16,15,20,21,26,24,4,5,0,0,0,0,10,15,80,22,36,111,18,6,96,10,0.48,0.27,130,3,13,67,0.52,-,7,,,,,
2025/2026,A2,Regular_Season,2nd,12,670,22/3/2026 ,18:00 ,674 ,€ 4.514 ,O,Consar Ravenna ,Ravenna,3,2,8,6,14,16,21,19,26,28,8,6,16,15,21,18,25,23,8,7,16,15,20,21,25,23,5,8,15,16,21,20,24,26,5,4,0,0,0,0,15,10,91,31,49,114,18,10,93,6,0.39,0.13,124,10,7,68,0.55,-,13,,,,,
2025/2026,A2,Regular_Season,2nd,12,671,22/3/2026 ,17:30 ,990 ,€ 881 ,C,Gruppo Consoli Sferc Brescia ,Brescia Atlantide,3,0,8,3,16,8,21,9,25,11,7,8,13,16,21,19,25,21,8,3,16,7,21,10,25,15,-,-,-,-,-,-,-,-,-,-,-,-,-,-,-,-,50,25,11,73,20,8,34,1,0.59,0.38,57,4,3,38,0.67,-,4,,,,,
2025/2026,A2,Regular_Season,2nd,12,671,22/3/2026 ,17:30 ,990 ,€ 881 ,O,Emma Villas Codyeco Lupi Siena ,Siena,0,3,3,8,8,16,9,21,11,25,8,7,16,13,19,21,21,25,3,8,7,16,10,21,15,25,-,-,-,-,-,-,-,-,-,-,-,-,-,-,-,-,23,5,-27,49,15,-,53,9,0.49,0.26,49,7,4,20,0.41,-,3,,,,,
2025/2026,A2,Regular_Season,2nd,12,672,22/3/2026 ,16:00 ,248 ,€ 459 ,C,Sviluppo Sud Catania ,Acicastello,1,3,8,6,16,12,21,15,25,20,8,6,14,16,16,21,19,25,8,3,11,16,14,21,16,25,7,8,13,16,16,21,19,25,-,-,-,-,-,-,-,-,61,18,11,80,15,6,82,1,0.65,0.35,105,14,12,50,0.48,-,5,,,,,
2025/2026,A2,Regular_Season,2nd,12,672,22/3/2026 ,16:00 ,248 ,€ 459 ,O,Alva Inox 2 Emme Service Porto Viro ,Porto Viro,3,1,6,8,12,16,15,21,20,25,6,8,16,14,21,16,25,19,3,8,16,11,21,14,25,16,8,7,16,13,21,16,25,19,-,-,-,-,-,-,-,-,66,25,28,94,12,1,65,8,0.48,0.23,97,4,5,53,0.55,-,12,,,,,
2025/2026,A2,Regular_Season,2nd,12,673,22/3/2026 ,17:30 ,700 ,€ 4.180 ,C,Tinet Prata di Pordenone ,Prata,3,0,8,5,16,9,21,11,25,12,8,7,16,8,21,13,25,17,8,3,16,9,21,13,25,16,-,-,-,-,-,-,-,-,-,-,-,-,-,-,-,-,52,29,25,74,9,7,37,4,0.43,0.24,69,5,2,38,0.55,-,7,,,,,
2025/2026,A2,Regular_Season,2nd,12,673,22/3/2026 ,17:30 ,700 ,€ 4.180 ,O,Campi Reali Cantù ,Cantù,0,3,5,8,9,16,11,21,12,25,7,8,8,16,13,21,17,25,3,8,9,16,13,21,16,25,-,-,-,-,-,-,-,-,-,-,-,-,-,-,-,-,30,9,-19,46,9,3,65,9,0.32,0.15,73,12,7,25,0.34,-,2,,,,,
2025/2026,A2,Regular_Season,2nd,12,674,22/3/2026 ,18:00 ,795 ,€ 3.889 ,C,Abba Pineto ,Pineto,3,0,8,7,16,9,21,12,25,12,8,7,16,12,21,16,25,17,8,6,16,15,21,19,25,22,-,-,-,-,-,-,-,-,-,-,-,-,-,-,-,-,51,26,19,73,6,3,41,1,0.76,0.39,81,8,11,38,0.47,-,10,,,,,
2025/2026,A2,Regular_Season,2nd,12,674,22/3/2026 ,18:00 ,795 ,€ 3.889 ,O,Romeo Sorrento ,Massa Lubrense,0,3,7,8,9,16,12,21,12,25,7,8,12,16,16,21,17,25,6,8,15,16,19,21,22,25,-,-,-,-,-,-,-,-,-,-,-,-,-,-,-,-,34,9,-18,53,12,1,67,3,0.46,0.3,84,9,10,22,0.26,-,11,,,,,
2025/2026,A2,Regular_Season,2nd,12,675,22/3/2026 ,18:00 ,418 ,€ 718 ,C,Banca Macerata Fisiomed MC ,Macerata,3,2,8,7,16,13,21,17,25,22,6,8,11,16,14,21,18,25,8,5,16,14,21,19,25,21,8,5,16,14,21,19,22,25,5,2,0,0,0,0,23,21,80,25,9,113,24,6,95,4,0.45,0.23,141,6,7,67,0.48,-,7,,,,,
2025/2026,A2,Regular_Season,2nd,12,675,22/3/2026 ,18:00 ,418 ,€ 718 ,O,Rinascita Lagonegro ,Lagonegro,2,3,7,8,13,16,17,21,22,25,8,6,16,11,21,14,25,18,5,8,14,16,19,21,21,25,5,8,14,16,19,21,25,22,2,5,0,0,0,0,21,23,83,28,20,114,19,4,89,7,0.49,0.3,138,10,7,72,0.52,-,7,,,,,
2025/2026,A2,Regular_Season,2nd,13,676,29/3/2026 ,18:00 ,500 ,€ 2.220 ,C,Romeo Sorrento ,Massa Lubrense,3,2,4,8,14,16,20,21,25,27,8,6,16,14,21,20,21,25,8,4,16,10,21,15,25,19,6,8,16,15,21,17,25,22,5,2,0,0,0,0,15,12,81,32,13,112,19,9,90,2,0.52,0.31,146,7,11,60,0.41,-,12,,,,,
2025/2026,A2,Regular_Season,2nd,13,676,29/3/2026 ,18:00 ,500 ,€ 2.220 ,O,Tinet Prata di Pordenone ,Prata,2,3,8,4,16,14,21,20,27,25,6,8,14,16,20,21,25,21,4,8,10,16,15,21,19,25,8,6,15,16,17,21,22,25,2,5,0,0,0,0,12,15,77,28,3,105,15,2,93,11,0.46,0.27,151,13,12,64,0.42,-,11,,,,,
2025/2026,A2,Regular_Season,2nd,13,677,29/3/2026 ,18:00 ,678 ,€ 2.728 ,C,Alva Inox 2 Emme Service Porto Viro ,Porto Viro,0,3,7,8,14,16,19,21,21,25,4,8,11,16,17,21,18,25,7,8,12,16,19,21,23,25,-,-,-,-,-,-,-,-,-,-,-,-,-,-,-,-,33,12,1,63,8,2,49,7,0.24,0.04,70,8,8,29,0.41,-,2,,,,,
2025/2026,A2,Regular_Season,2nd,13,677,29/3/2026 ,18:00 ,678 ,€ 2.728 ,O,Gruppo Consoli Sferc Brescia ,Brescia Atlantide,3,0,8,7,16,14,21,19,25,21,8,4,16,11,21,17,25,18,8,7,16,12,21,19,25,23,-,-,-,-,-,-,-,-,-,-,-,-,-,-,-,-,58,23,25,74,25,7,55,3,0.51,0.13,78,3,2,43,0.55,-,8,,,,,
2025/2026,A2,Regular_Season,2nd,13,678,29/3/2026 ,18:00 ,401 ,€ 566 ,C,Emma Villas Codyeco Lupi Siena ,Siena,3,2,5,8,12,16,15,21,20,25,7,8,16,15,20,21,31,33,8,2,16,13,21,16,25,18,8,7,16,13,21,19,25,23,5,2,0,0,0,0,15,11,82,32,8,115,19,11,86,7,0.63,0.29,114,14,7,59,0.52,-,12,,,,,
2025/2026,A2,Regular_Season,2nd,13,678,29/3/2026 ,18:00 ,401 ,€ 566 ,O,Virtus Aversa ,Aversa,2,3,8,5,16,12,21,15,25,20,8,7,15,16,21,20,33,31,2,8,13,16,16,21,18,25,7,8,13,16,19,21,23,25,2,5,0,0,0,0,11,15,75,20,1,111,25,6,96,12,0.49,0.2,116,8,12,62,0.53,-,7,,,,,
2025/2026,A2,Regular_Season,2nd,13,679,29/3/2026 ,18:00 ,817 ,€ 3.745 ,C,Prisma La Cascina Taranto ,Taranto,3,0,8,4,16,10,21,15,25,17,8,2,16,8,21,11,25,16,3,8,16,14,21,17,25,20,-,-,-,-,-,-,-,-,-,-,-,-,-,-,-,-,50,23,23,74,5,5,42,3,0.4,0.24,69,5,4,37,0.54,-,8,,,,,
2025/2026,A2,Regular_Season,2nd,13,679,29/3/2026 ,18:00 ,817 ,€ 3.745 ,O,Sviluppo Sud Catania ,Acicastello,0,3,4,8,10,16,15,21,17,25,2,8,8,16,11,21,16,25,8,3,14,16,17,21,20,25,-,-,-,-,-,-,-,-,-,-,-,-,-,-,-,-,43,10,-6,54,12,1,69,6,0.57,0.3,89,12,8,38,0.43,-,4,,,,,
2025/2026,A2,Regular_Season,2nd,13,680,29/3/2026 ,18:00 ,1.502 ,€ 8.597 ,C,Consar Ravenna ,Ravenna,1,3,8,7,14,16,20,21,23,25,4,8,10,16,11,21,19,25,8,6,16,11,21,16,25,20,4,8,12,16,18,21,22,25,-,-,-,-,-,-,-,-,65,22,19,90,18,3,75,11,0.59,0.31,107,8,8,52,0.49,-,10,,,,,
2025/2026,A2,Regular_Season,2nd,13,680,29/3/2026 ,18:00 ,1.502 ,€ 8.597 ,O,Abba Pineto ,Pineto,3,1,7,8,16,14,21,20,25,23,8,4,16,10,21,11,25,19,6,8,11,16,16,21,20,25,8,4,16,12,21,18,25,22,-,-,-,-,-,-,-,-,67,24,30,93,18,7,72,3,0.63,0.35,109,6,10,52,0.48,-,8,,,,,
2025/2026,A2,Regular_Season,2nd,13,681,29/3/2026 ,18:00 ,701 ,€ 2.417 ,C,Rinascita Lagonegro ,Lagonegro,3,0,8,7,16,11,21,13,25,17,8,4,16,9,21,12,25,18,8,4,16,12,21,18,25,21,-,-,-,-,-,-,-,-,-,-,-,-,-,-,-,-,54,22,19,74,7,4,43,1,0.63,0.37,88,6,5,41,0.47,-,9,,,,,
2025/2026,A2,Regular_Season,2nd,13,681,29/3/2026 ,18:00 ,701 ,€ 2.417 ,O,Essence Hotels Fano ,Fano,0,3,7,8,11,16,13,21,17,25,4,8,9,16,12,21,18,25,4,8,12,16,18,21,21,25,-,-,-,-,-,-,-,-,-,-,-,-,-,-,-,-,43,6,-14,57,14,1,67,5,0.63,0.4,93,7,9,37,0.4,-,5,,,,,
2025/2026,A2,Regular_Season,2nd,13,682,29/3/2026 ,18:00 ,380 ,€ 1.280 ,C,Campi Reali Cantù ,Cantù,0,3,8,6,15,16,18,21,23,25,5,8,11,16,15,21,18,25,1,8,9,16,11,21,15,25,-,-,-,-,-,-,-,-,-,-,-,-,-,-,-,-,39,12,-8,58,12,3,61,5,0.41,0.28,75,8,9,31,0.41,-,5,,,,,
2025/2026,A2,Regular_Season,2nd,13,682,29/3/2026 ,18:00 ,380 ,€ 1.280 ,O,Banca Macerata Fisiomed MC ,Macerata,3,0,6,8,16,15,21,18,25,23,8,5,16,11,21,15,25,18,8,1,16,9,21,11,25,15,-,-,-,-,-,-,-,-,-,-,-,-,-,-,-,-,55,29,22,73,12,4,46,4,0.48,0.26,69,4,5,42,0.61,-,9,,,,,
2025/2026,A2,Coppa_Italia,Quarter,-,2101,21/1/2026 ,20:30 ,510 ,€ 3.058 ,C,Tinet Prata di Pordenone ,Prata,3,2,8,6,16,11,21,17,25,22,6,8,16,14,21,16,25,21,6,8,14,16,19,21,24,26,8,3,16,13,20,21,21,25,5,4,0,0,0,0,15,10,76,30,-1,109,19,8,85,8,0.56,0.35,124,9,14,55,0.44,-,13,,,,,
2025/2026,A2,Coppa_Italia,Quarter,-,2101,21/1/2026 ,20:30 ,510 ,€ 3.058 ,O,Romeo Sorrento ,Massa Lubrense,2,3,6,8,11,16,17,21,22,25,8,6,14,16,16,21,21,25,8,6,16,14,21,19,26,24,3,8,13,16,21,20,25,21,4,5,0,0,0,0,10,15,75,29,-,105,20,7,90,8,0.46,0.22,115,12,13,54,0.47,-,14,,,,,
2025/2026,A2,Coppa_Italia,Quarter,-,2102,21/1/2026 ,20:30 ,805 ,€ 2.760 ,C,Virtus Aversa ,Aversa,1,3,8,6,16,9,21,17,25,21,8,6,13,16,17,21,18,25,6,8,15,16,21,20,23,25,6,8,12,16,15,21,16,25,-,-,-,-,-,-,-,-,55,17,-3,83,19,4,72,7,0.31,0.15,91,8,5,48,0.53,-,3,,,,,
2025/2026,A2,Coppa_Italia,Quarter,-,2102,21/1/2026 ,20:30 ,805 ,€ 2.760 ,O,Gruppo Consoli Sferc Brescia ,Brescia Atlantide,3,1,6,8,9,16,17,21,21,25,6,8,16,13,21,17,25,18,8,6,16,15,20,21,25,23,8,6,16,12,21,15,25,16,-,-,-,-,-,-,-,-,68,26,18,95,23,7,64,4,0.59,0.33,97,4,3,56,0.58,-,5,,,,,
2025/2026,A2,Coppa_Italia,Quarter,-,2103,21/1/2026 ,20:30 ,546 ,€ 1.601 ,C,Consar Ravenna ,Ravenna,3,1,4,8,13,16,16,21,17,25,8,1,16,15,21,20,25,23,8,7,16,10,21,16,25,17,7,8,15,16,21,17,25,20,-,-,-,-,-,-,-,-,70,31,8,91,15,6,78,4,0.59,0.22,125,11,12,47,0.38,-,17,,,,,
2025/2026,A2,Coppa_Italia,Quarter,-,2103,21/1/2026 ,20:30 ,546 ,€ 1.601 ,O,Rinascita Lagonegro ,Lagonegro,1,3,8,4,16,13,21,16,25,17,1,8,15,16,20,21,23,25,7,8,10,16,16,21,17,25,8,7,16,15,17,21,20,25,-,-,-,-,-,-,-,-,57,27,-11,86,8,4,76,7,0.53,0.17,121,13,17,41,0.34,-,12,,,,,
2025/2026,A2,Coppa_Italia,Quarter,-,2104,21/1/2026 ,20:00 ,653 ,€ 2.091 ,C,Abba Pineto ,Pineto,3,0,8,3,16,11,21,13,25,18,8,5,16,14,21,19,25,22,8,6,16,10,21,13,25,16,-,-,-,-,-,-,-,-,-,-,-,-,-,-,-,-,52,23,17,74,14,5,43,3,0.58,0.37,70,4,4,41,0.59,-,6,,,,,
2025/2026,A2,Coppa_Italia,Quarter,-,2104,21/1/2026 ,20:00 ,653 ,€ 2.091 ,O,Emma Villas Codyeco Lupi Siena ,Siena,0,3,3,8,11,16,13,21,18,25,5,8,14,16,19,21,22,25,6,8,10,16,13,21,16,25,-,-,-,-,-,-,-,-,-,-,-,-,-,-,-,-,36,9,-10,57,14,3,60,8,0.58,0.33,70,8,6,29,0.41,-,4,,,,,
2025/2026,A2,Coppa_Italia,Semifinal,-,2105,4/2/2026 ,20:00 ,728 ,€ 5.340 ,C,Tinet Prata di Pordenone ,Prata,3,1,5,8,11,16,15,21,18,25,8,4,16,12,21,19,25,20,8,6,16,13,21,15,25,22,7,8,16,11,21,15,25,17,-,-,-,-,-,-,-,-,58,26,-,91,23,7,61,11,0.34,0.11,74,4,5,41,0.55,-,10,,,,,
2025/2026,A2,Coppa_Italia,Semifinal,-,2105,4/2/2026 ,20:00 ,728 ,€ 5.340 ,O,Gruppo Consoli Sferc Brescia ,Brescia Atlantide,1,3,8,5,16,11,21,15,25,18,4,8,12,16,19,21,20,25,6,8,13,16,15,21,22,25,8,7,11,16,15,21,17,25,-,-,-,-,-,-,-,-,56,22,-8,85,24,10,68,7,0.44,0.21,86,10,10,41,0.48,-,5,,,,,
2025/2026,A2,Coppa_Italia,Semifinal,-,2106,4/2/2026 ,20:00 ,-,-,C,Abba Pineto ,Pineto,3,1,5,8,16,14,21,19,25,22,7,8,15,16,20,21,24,26,8,6,16,12,21,18,25,22,8,6,16,13,21,19,25,22,-,-,-,-,-,-,-,-,66,22,16,98,16,6,70,1,0.51,0.33,110,6,5,52,0.47,-,8,,,,,
2025/2026,A2,Coppa_Italia,Semifinal,-,2106,4/2/2026 ,20:00 ,-,-,O,Consar Ravenna ,Ravenna,1,3,8,5,14,16,19,21,22,25,8,7,16,15,21,20,26,24,6,8,12,16,18,21,22,25,6,8,13,16,19,21,22,25,-,-,-,-,-,-,-,-,69,18,6,93,23,1,82,6,0.48,0.27,115,9,8,63,0.55,-,5,,,,,
2025/2026,A2,Coppa_Italia,Final,-,2107,22/2/2026 ,17:30 ,-,-,C,Tinet Prata di Pordenone ,Prata,1,3,8,4,16,15,21,19,25,22,7,8,12,16,16,21,19,25,7,8,12,16,16,21,21,25,5,8,10,16,16,21,23,25,-,-,-,-,-,-,-,-,63,22,6,89,20,6,74,5,0.57,0.26,106,7,7,47,0.44,-,10,,,,,
2025/2026,A2,Coppa_Italia,Final,-,2107,22/2/2026 ,17:30 ,-,-,O,Abba Pineto ,Pineto,3,1,4,8,15,16,19,21,22,25,8,7,16,12,21,16,25,19,8,7,16,12,21,16,25,21,8,5,16,10,21,16,25,23,-,-,-,-,-,-,-,-,66,24,15,96,22,5,69,6,0.42,0.22,103,3,10,54,0.52,-,7,,,,,
2025/2026,A3,Regular_Season_Group_Bianco,1st,1,1001,18/10/2025 ,20:30 ,510 ,€ 867 ,C,Conad Reggio Emilia ,Reggio Emilia,3,0,8,6,16,15,21,17,25,19,8,7,16,13,21,16,25,18,5,8,11,16,15,21,29,27,-,-,-,-,-,-,-,-,-,-,-,-,-,-,-,-,57,22,22,78,10,4,54,1,0.44,0.19,94,9,5,46,0.49,-,7,,,,,
2025/2026,A3,Regular_Season_Group_Bianco,1st,1,1001,18/10/2025 ,20:30 ,510 ,€ 867 ,O,Monge Gerbaudo Savigliano ,Savigliano ,0,3,6,8,15,16,17,21,19,25,7,8,13,16,16,21,18,25,8,5,16,11,21,15,27,29,-,-,-,-,-,-,-,-,-,-,-,-,-,-,-,-,44,10,-1,65,11,1,68,4,0.38,0.18,101,11,7,39,0.39,-,5,,,,,
2025/2026,A3,Regular_Season_Group_Bianco,1st,1,1002,19/10/2025 ,18:00 ,430 ,€ 728 ,C,Personal Time San Donà di Piave ,San Donà di Piave,3,1,7,8,15,16,21,20,25,22,7,8,12,16,19,21,23,25,8,6,16,15,21,19,25,19,6,8,16,14,21,18,27,25,-,-,-,-,-,-,-,-,70,30,18,99,15,6,79,4,0.49,0.13,107,12,6,45,0.42,-,19,,,,,
2025/2026,A3,Regular_Season_Group_Bianco,1st,1,1002,19/10/2025 ,18:00 ,430 ,€ 728 ,O,Sav Trebaseleghe ,Trebaseleghe,1,3,8,7,16,15,20,21,22,25,8,7,16,12,21,19,25,23,6,8,15,16,19,21,19,25,8,6,14,16,18,21,25,27,-,-,-,-,-,-,-,-,60,21,-2,92,13,4,84,6,0.49,0.18,141,13,19,50,0.35,-,6,,,,,
2025/2026,A3,Regular_Season_Group_Bianco,1st,1,1003,19/10/2025 ,18:00 ,625 ,€ 2.900 ,C,Belluno Volley ,Belluno,3,1,7,8,16,10,21,16,25,18,8,7,15,16,21,20,23,25,8,3,16,6,21,11,25,14,6,8,16,14,21,20,25,23,-,-,-,-,-,-,-,-,66,24,16,97,14,2,65,-,0.54,0.22,133,5,9,52,0.39,-,12,,,,,
2025/2026,A3,Regular_Season_Group_Bianco,1st,1,1003,19/10/2025 ,18:00 ,625 ,€ 2.900 ,O,ErmGroup Altotevere San Giustino ,San Giustino Pallavolo,1,3,8,7,10,16,16,21,18,25,7,8,16,15,20,21,25,23,3,8,6,16,11,21,14,25,8,6,14,16,20,21,23,25,-,-,-,-,-,-,-,-,61,15,-7,81,16,-,83,3,0.45,0.19,134,14,12,52,0.39,-,9,,,,,
2025/2026,A3,Regular_Season_Group_Bianco,1st,1,1004,19/10/2025 ,17:00 ,324 ,€ 1.266 ,C,Gabbiano FarmaMed Mantova ,Mantova Top Team,3,1,6,8,12,16,17,21,27,25,8,6,16,13,21,14,25,17,7,8,12,16,18,21,23,25,3,8,12,16,21,19,25,22,-,-,-,-,-,-,-,-,75,33,19,99,18,8,73,2,0.62,0.41,116,8,8,54,0.47,-,13,,,,,
2025/2026,A3,Regular_Season_Group_Bianco,1st,1,1004,19/10/2025 ,17:00 ,324 ,€ 1.266 ,O,Stadium Mirandola ,Mirandola,1,3,8,6,16,12,21,17,25,27,6,8,13,16,14,21,17,25,8,7,16,12,21,18,25,23,8,3,16,12,19,21,22,25,-,-,-,-,-,-,-,-,62,22,5,90,17,2,81,10,0.36,0.17,114,6,13,52,0.46,-,8,,,,,
2025/2026,A3,Regular_Season_Group_Bianco,1st,1,1005,18/10/2025 ,20:00 ,354 ,€ 437 ,C,CUS Cagliari ,Cagliari Cus,2,3,8,7,13,16,20,21,27,25,6,8,12,16,18,21,21,25,8,7,13,16,16,21,23,25,8,1,16,11,21,15,25,18,1,5,0,0,0,0,8,15,75,27,6,105,18,2,91,5,0.59,0.23,124,11,10,55,0.44,-,18,,,,,
2025/2026,A3,Regular_Season_Group_Bianco,1st,1,1005,18/10/2025 ,20:00 ,354 ,€ 437 ,O,Negrini CTE Acqui Terme ,Acqui Terme,3,2,7,8,16,13,21,20,25,27,8,6,16,12,21,18,25,21,7,8,16,13,21,16,25,23,1,8,11,16,15,21,18,25,5,1,0,0,0,0,15,8,76,25,11,107,16,4,87,2,0.6,0.18,133,11,18,62,0.47,-,10,,,,,
2025/2026,A3,Regular_Season_Group_Bianco,1st,2,1007,26/10/2025 ,15:00 ,254 ,€ 446 ,C,Negrini CTE Acqui Terme ,Acqui Terme,3,0,8,5,16,14,21,17,25,22,8,4,16,10,21,12,25,19,8,4,16,11,21,19,25,22,-,-,-,-,-,-,-,-,-,-,-,-,-,-,-,-,60,23,29,73,11,5,57,1,0.44,0.28,94,8,4,48,0.51,-,7,,,,,
2025/2026,A3,Regular_Season_Group_Bianco,1st,2,1007,26/10/2025 ,15:00 ,254 ,€ 446 ,O,Sarlux Sarroch ,Sarroch,0,3,5,8,14,16,17,21,22,25,4,8,10,16,12,21,19,25,4,8,11,16,19,21,22,25,-,-,-,-,-,-,-,-,-,-,-,-,-,-,-,-,40,10,-4,65,8,1,62,6,0.44,0.23,91,6,7,35,0.38,-,4,,,,,
2025/2026,A3,Regular_Season_Group_Bianco,1st,2,1008,26/10/2025 ,19:00 ,448 ,€ 1.003 ,C,ErmGroup Altotevere San Giustino ,San Giustino Pallavolo,1,3,6,8,13,16,15,21,19,25,8,3,16,9,21,15,25,21,4,8,14,16,18,21,23,25,3,8,9,16,15,21,20,25,-,-,-,-,-,-,-,-,61,17,9,88,10,1,77,9,0.52,0.31,118,7,8,52,0.44,-,8,,,,,
2025/2026,A3,Regular_Season_Group_Bianco,1st,2,1008,26/10/2025 ,19:00 ,448 ,€ 1.003 ,O,Conad Reggio Emilia ,Reggio Emilia,3,1,8,6,16,13,21,15,25,19,3,8,9,16,15,21,21,25,8,4,16,14,21,18,25,23,8,3,16,9,21,15,25,20,-,-,-,-,-,-,-,-,79,27,28,95,18,9,78,1,0.59,0.23,135,7,8,62,0.46,-,8,,,,,
2025/2026,A3,Regular_Season_Group_Bianco,1st,2,1009,25/10/2025 ,18:30 ,307 ,€ 697 ,C,Monge Gerbaudo Savigliano ,Savigliano ,0,3,7,8,15,16,18,21,21,25,7,8,15,16,15,21,24,26,8,6,13,16,17,21,20,25,-,-,-,-,-,-,-,-,-,-,-,-,-,-,-,-,46,13,-2,67,10,2,61,9,0.43,0.23,85,8,8,39,0.46,-,5,,,,,
2025/2026,A3,Regular_Season_Group_Bianco,1st,2,1009,25/10/2025 ,18:30 ,307 ,€ 697 ,O,Gabbiano FarmaMed Mantova ,Mantova Top Team,3,0,8,7,16,15,21,18,25,21,8,7,16,15,21,15,26,24,6,8,16,13,21,17,25,20,-,-,-,-,-,-,-,-,-,-,-,-,-,-,-,-,57,20,16,74,13,7,57,3,0.47,0.25,81,4,5,42,0.52,-,8,,,,,
2025/2026,A3,Regular_Season_Group_Bianco,1st,2,1010,25/10/2025 ,18:00 ,387 ,€ 890 ,C,Sav Trebaseleghe ,Trebaseleghe,3,2,8,5,16,11,20,21,21,25,8,7,16,14,21,18,25,22,5,8,12,16,15,21,19,25,6,8,13,16,13,21,26,24,5,3,0,0,0,0,16,14,84,33,8,107,20,7,96,7,0.51,0.26,138,10,17,61,0.44,-,16,,,,,
2025/2026,A3,Regular_Season_Group_Bianco,1st,2,1010,25/10/2025 ,18:00 ,387 ,€ 890 ,O,Belluno Volley ,Belluno,2,3,5,8,11,16,21,20,25,21,7,8,14,16,18,21,22,25,8,5,16,12,21,15,25,19,8,6,16,13,21,13,24,26,3,5,0,0,0,0,14,16,78,34,4,110,14,5,87,8,0.51,0.3,143,8,16,56,0.39,-,17,,,,,
2025/2026,A3,Regular_Season_Group_Bianco,1st,2,1011,26/10/2025 ,18:00 ,505 ,€ 1.415 ,C,Stadium Mirandola ,Mirandola,3,1,5,8,13,16,16,21,19,25,7,8,14,16,17,21,27,25,6,8,15,16,21,20,25,23,8,6,16,13,21,20,27,25,-,-,-,-,-,-,-,-,72,19,17,95,6,1,85,9,0.53,0.28,142,10,6,61,0.43,-,10,,,,,
2025/2026,A3,Regular_Season_Group_Bianco,1st,2,1011,26/10/2025 ,18:00 ,505 ,€ 1.415 ,O,Personal Time San Donà di Piave ,San Donà di Piave,1,3,8,5,16,13,21,16,25,19,8,7,16,14,21,17,25,27,8,6,16,15,20,21,23,25,6,8,13,16,20,21,25,27,-,-,-,-,-,-,-,-,82,24,27,99,14,7,89,1,0.47,0.25,150,9,10,69,0.46,-,6,,,,,
2025/2026,A3,Regular_Season_Group_Bianco,1st,3,1013,1/11/2025 ,20:30 ,572 ,€ 1.157 ,C,Conad Reggio Emilia ,Reggio Emilia,3,1,5,8,16,15,21,15,25,17,8,7,16,14,21,17,25,22,7,8,14,16,20,21,23,25,8,6,16,13,21,16,25,18,-,-,-,-,-,-,-,-,70,28,31,97,13,5,67,2,0.48,0.19,113,8,4,54,0.48,-,11,,,,,
2025/2026,A3,Regular_Season_Group_Bianco,1st,3,1013,1/11/2025 ,20:30 ,572 ,€ 1.157 ,O,CUS Cagliari ,Cagliari Cus,1,3,8,5,15,16,15,21,17,25,7,8,14,16,17,21,22,25,8,7,16,14,21,20,25,23,6,8,13,16,16,21,18,25,-,-,-,-,-,-,-,-,58,12,9,83,16,1,84,5,0.38,0.17,120,10,11,53,0.44,-,4,,,,,
2025/2026,A3,Regular_Season_Group_Bianco,1st,3,1014,2/11/2025 ,16:00 ,350 ,€ 250 ,C,Personal Time San Donà di Piave ,San Donà di Piave,3,1,7,8,10,16,16,21,20,25,5,8,16,15,20,21,26,24,8,6,16,15,21,19,25,19,8,7,16,11,21,14,25,19,-,-,-,-,-,-,-,-,65,24,12,95,16,7,75,8,0.59,0.25,117,4,8,50,0.43,-,8,,,,,
2025/2026,A3,Regular_Season_Group_Bianco,1st,3,1014,2/11/2025 ,16:00 ,350 ,€ 250 ,O,Monge Gerbaudo Savigliano ,Savigliano ,1,3,8,7,16,10,21,16,25,20,8,5,15,16,21,20,24,26,6,8,15,16,19,21,19,25,7,8,11,16,14,21,19,25,-,-,-,-,-,-,-,-,64,24,4,88,13,7,79,7,0.41,0.16,118,13,8,49,0.42,-,8,,,,,
2025/2026,A3,Regular_Season_Group_Bianco,1st,3,1015,2/11/2025 ,18:00 ,688 ,€ 3.203 ,C,Belluno Volley ,Belluno,3,1,8,3,16,7,21,11,25,13,8,5,16,14,21,17,25,19,8,7,16,15,21,20,23,25,6,8,15,16,21,20,25,21,-,-,-,-,-,-,-,-,63,21,19,97,16,3,59,2,0.56,0.19,99,4,6,50,0.51,-,10,,,,,
2025/2026,A3,Regular_Season_Group_Bianco,1st,3,1015,2/11/2025 ,18:00 ,688 ,€ 3.203 ,O,Gabbiano FarmaMed Mantova ,Mantova Top Team,1,3,3,8,7,16,11,21,13,25,5,8,14,16,17,21,19,25,7,8,15,16,20,21,25,23,8,6,16,15,20,21,21,25,-,-,-,-,-,-,-,-,57,13,-14,79,20,2,81,4,0.51,0.23,125,15,10,49,0.39,-,6,,,,,
2025/2026,A3,Regular_Season_Group_Bianco,1st,3,1016,1/11/2025 ,16:00 ,274 ,€ 600 ,C,Sarlux Sarroch ,Sarroch,0,3,5,8,12,16,13,21,18,25,8,7,13,16,16,21,21,25,6,8,10,16,17,21,20,25,-,-,-,-,-,-,-,-,-,-,-,-,-,-,-,-,39,11,-9,61,10,1,62,6,0.53,0.39,84,10,5,29,0.35,-,9,,,,,
2025/2026,A3,Regular_Season_Group_Bianco,1st,3,1016,1/11/2025 ,16:00 ,274 ,€ 600 ,O,ErmGroup Altotevere San Giustino ,San Giustino Pallavolo,3,0,8,5,16,12,21,13,25,18,7,8,16,13,21,16,25,21,8,6,16,10,21,17,25,20,-,-,-,-,-,-,-,-,-,-,-,-,-,-,-,-,51,20,17,73,11,5,51,1,0.53,0.27,78,4,9,41,0.53,-,5,,,,,
2025/2026,A3,Regular_Season_Group_Bianco,1st,3,1017,2/11/2025 ,18:00 ,493 ,€ 1.319 ,C,Stadium Mirandola ,Mirandola,3,1,8,7,14,16,16,21,22,25,8,6,16,15,20,21,30,28,8,4,16,10,21,18,25,20,7,8,16,13,21,16,25,19,-,-,-,-,-,-,-,-,78,31,25,101,14,7,79,3,0.54,0.34,131,8,9,62,0.47,-,9,,,,,
2025/2026,A3,Regular_Season_Group_Bianco,1st,3,1017,2/11/2025 ,18:00 ,493 ,€ 1.319 ,O,Sav Trebaseleghe ,Trebaseleghe,1,3,7,8,16,14,21,16,25,22,6,8,15,16,21,20,28,30,4,8,10,16,18,21,20,25,8,7,13,16,16,21,19,25,-,-,-,-,-,-,-,-,65,23,-3,93,14,2,87,10,0.49,0.23,134,9,9,54,0.4,-,9,,,,,
2025/2026,A3,Regular_Season_Group_Bianco,1st,4,1019,9/11/2025 ,17:00 ,229 ,€ 516 ,C,Gabbiano FarmaMed Mantova ,Mantova Top Team,3,1,8,5,16,8,21,9,25,14,6,8,9,16,12,21,22,25,8,5,16,11,21,14,25,20,8,7,16,13,21,15,25,18,-,-,-,-,-,-,-,-,73,36,28,96,16,2,62,7,0.47,0.27,103,3,4,59,0.57,-,12,,,,,
2025/2026,A3,Regular_Season_Group_Bianco,1st,4,1019,9/11/2025 ,17:00 ,229 ,€ 516 ,O,Personal Time San Donà di Piave ,San Donà di Piave,1,3,5,8,8,16,9,21,14,25,8,6,16,9,21,12,25,22,5,8,11,16,14,21,20,25,7,8,13,16,15,21,18,25,-,-,-,-,-,-,-,-,55,17,8,78,16,5,80,4,0.53,0.3,111,6,12,46,0.41,-,4,,,,,
2025/2026,A3,Regular_Season_Group_Bianco,1st,4,1020,8/11/2025 ,20:30 ,467 ,€ 713 ,C,ErmGroup Altotevere San Giustino ,San Giustino Pallavolo,3,0,8,4,16,9,21,16,25,18,6,8,16,15,21,19,25,22,8,5,16,13,21,17,25,21,-,-,-,-,-,-,-,-,-,-,-,-,-,-,-,-,52,21,12,73,10,3,50,1,0.56,0.24,84,5,7,40,0.48,-,9,,,,,
2025/2026,A3,Regular_Season_Group_Bianco,1st,4,1020,8/11/2025 ,20:30 ,467 ,€ 713 ,O,CUS Cagliari ,Cagliari Cus,0,3,4,8,9,16,16,21,18,25,8,6,15,16,19,21,22,25,5,8,13,16,17,21,21,25,-,-,-,-,-,-,-,-,-,-,-,-,-,-,-,-,46,14,2,63,13,1,63,5,0.56,0.19,91,9,9,38,0.42,-,7,,,,,
2025/2026,A3,Regular_Season_Group_Bianco,1st,4,1021,8/11/2025 ,15:00 ,310 ,€ 799 ,C,Sarlux Sarroch ,Sarroch,3,1,6,8,16,14,21,19,25,23,7,8,13,16,19,21,23,25,6,8,16,15,21,18,25,20,7,8,16,12,21,16,25,20,-,-,-,-,-,-,-,-,77,28,16,97,18,1,79,3,0.51,0.44,122,10,8,65,0.53,-,11,,,,,
2025/2026,A3,Regular_Season_Group_Bianco,1st,4,1021,8/11/2025 ,15:00 ,310 ,€ 799 ,O,Stadium Mirandola ,Mirandola,1,3,8,6,14,16,19,21,23,25,8,7,16,13,21,19,25,23,8,6,15,16,18,21,20,25,8,7,12,16,16,21,20,25,-,-,-,-,-,-,-,-,60,19,4,89,10,3,79,2,0.44,0.32,116,5,11,49,0.42,-,8,,,,,
2025/2026,A3,Regular_Season_Group_Bianco,1st,4,1022,8/11/2025 ,18:30 ,287 ,€ 429 ,C,Monge Gerbaudo Savigliano ,Savigliano ,1,3,8,7,13,16,20,21,23,25,3,8,13,16,21,20,25,23,7,8,13,16,17,21,20,25,4,8,11,16,15,21,23,25,-,-,-,-,-,-,-,-,73,29,12,92,16,3,84,10,0.49,0.23,125,11,8,57,0.46,-,13,,,,,
2025/2026,A3,Regular_Season_Group_Bianco,1st,4,1022,8/11/2025 ,18:30 ,287 ,€ 429 ,O,Negrini CTE Acqui Terme ,Acqui Terme,3,1,7,8,16,13,21,20,25,23,8,3,16,13,20,21,23,25,8,7,16,13,21,17,25,20,8,4,16,11,21,15,25,23,-,-,-,-,-,-,-,-,71,28,9,97,13,9,76,5,0.54,0.29,119,4,13,54,0.45,-,8,,,,,
2025/2026,A3,Regular_Season_Group_Bianco,1st,4,1023,8/11/2025 ,18:00 ,284 ,€ 568 ,C,Sav Trebaseleghe ,Trebaseleghe,1,3,8,7,13,16,16,21,19,25,6,8,12,16,21,20,25,21,6,8,16,15,19,21,23,25,4,8,12,16,16,21,19,25,-,-,-,-,-,-,-,-,72,30,18,87,13,6,87,7,0.41,0.22,138,7,12,52,0.38,-,14,,,,,
2025/2026,A3,Regular_Season_Group_Bianco,1st,4,1023,8/11/2025 ,18:00 ,284 ,€ 568 ,O,Conad Reggio Emilia ,Reggio Emilia,3,1,7,8,16,13,21,16,25,19,8,6,16,12,20,21,21,25,8,6,15,16,21,19,25,23,8,4,16,12,21,16,25,19,-,-,-,-,-,-,-,-,73,34,19,95,8,6,74,6,0.59,0.22,132,6,14,55,0.42,-,12,,,,,
2025/2026,A3,Regular_Season_Group_Bianco,1st,5,1025,15/11/2025 ,20:30 ,502 ,€ 1.011 ,C,Conad Reggio Emilia ,Reggio Emilia,2,3,8,7,13,16,17,21,21,25,8,6,16,10,21,14,25,15,2,8,11,16,14,21,17,25,8,6,16,11,21,12,25,15,4,5,0,0,0,0,11,15,78,32,17,100,22,8,83,3,0.39,0.14,133,15,6,58,0.44,-,12,,,,,
2025/2026,A3,Regular_Season_Group_Bianco,1st,5,1025,15/11/2025 ,20:30 ,502 ,€ 1.011 ,O,Belluno Volley ,Belluno,3,2,7,8,16,13,21,17,25,21,6,8,10,16,14,21,15,25,8,2,16,11,21,14,25,17,6,8,11,16,12,21,15,25,5,4,0,0,0,0,15,11,58,20,-1,95,12,2,78,9,0.45,0.15,117,7,12,50,0.43,-,6,,,,,
2025/2026,A3,Regular_Season_Group_Bianco,1st,5,1026,15/11/2025 ,20:00 ,362 ,€ 340 ,C,Personal Time San Donà di Piave ,San Donà di Piave,3,2,8,6,12,16,16,21,30,28,8,5,14,16,21,20,29,27,8,5,14,16,19,21,25,27,4,8,10,16,15,21,18,25,4,5,0,0,0,0,16,14,83,25,12,117,17,5,102,7,0.46,0.2,151,10,8,66,0.44,-,12,,,,,
2025/2026,A3,Regular_Season_Group_Bianco,1st,5,1026,15/11/2025 ,20:00 ,362 ,€ 340 ,O,Sarlux Sarroch ,Sarroch,2,3,6,8,16,12,21,16,28,30,5,8,16,14,20,21,27,29,5,8,16,14,21,19,27,25,8,4,16,10,21,15,25,18,5,4,0,0,0,0,14,16,92,27,24,122,20,7,100,5,0.55,0.28,163,10,12,77,0.47,-,8,,,,,
2025/2026,A3,Regular_Season_Group_Bianco,1st,5,1027,16/11/2025 ,18:00 ,252 ,€ 347 ,C,Negrini CTE Acqui Terme ,Acqui Terme,3,1,6,8,15,16,21,20,22,25,8,4,16,12,21,17,25,20,8,5,16,12,21,17,25,20,8,5,16,14,21,17,25,21,-,-,-,-,-,-,-,-,76,35,22,96,15,5,72,6,0.44,0.18,115,6,12,62,0.54,-,9,,,,,
2025/2026,A3,Regular_Season_Group_Bianco,1st,5,1027,16/11/2025 ,18:00 ,252 ,€ 347 ,O,Gabbiano FarmaMed Mantova ,Mantova Top Team,1,3,8,6,16,15,20,21,25,22,4,8,12,16,17,21,20,25,5,8,12,16,17,21,20,25,5,8,14,16,17,21,21,25,-,-,-,-,-,-,-,-,65,25,4,87,15,6,81,6,0.38,0.16,109,5,9,47,0.43,-,12,,,,,
2025/2026,A3,Regular_Season_Group_Bianco,1st,5,1028,17/11/2025 ,17:00 ,401 ,€ 343 ,C,CUS Cagliari ,Cagliari Cus,3,1,6,8,14,16,16,21,22,25,8,5,16,14,21,18,25,23,6,8,16,15,21,19,25,23,8,6,13,16,21,19,30,28,-,-,-,-,-,-,-,-,88,31,27,101,12,1,93,8,0.52,0.11,145,8,9,73,0.5,-,14,,,,,
2025/2026,A3,Regular_Season_Group_Bianco,1st,5,1028,17/11/2025 ,17:00 ,401 ,€ 343 ,O,Sav Trebaseleghe ,Trebaseleghe,1,3,8,6,16,14,21,16,25,22,5,8,14,16,18,21,23,25,8,6,15,16,19,21,23,25,6,8,16,13,19,21,28,30,-,-,-,-,-,-,-,-,77,29,35,99,6,7,89,2,0.6,0.19,147,7,14,61,0.41,-,9,,,,,
2025/2026,A3,Regular_Season_Group_Bianco,1st,5,1029,16/11/2025 ,18:00 ,494 ,€ 1.243 ,C,Stadium Mirandola ,Mirandola,0,3,8,3,16,13,18,21,23,25,6,8,15,16,19,21,22,25,6,8,12,16,17,21,18,25,-,-,-,-,-,-,-,-,-,-,-,-,-,-,-,-,49,17,5,65,9,5,65,5,0.51,0.31,99,7,5,39,0.39,-,5,,,,,
2025/2026,A3,Regular_Season_Group_Bianco,1st,5,1029,16/11/2025 ,18:00 ,494 ,€ 1.243 ,O,ErmGroup Altotevere San Giustino ,San Giustino Pallavolo,3,0,3,8,13,16,21,18,25,23,8,6,16,15,21,19,25,22,8,6,16,12,21,17,25,18,-,-,-,-,-,-,-,-,-,-,-,-,-,-,-,-,58,24,19,73,8,4,56,5,0.57,0.34,94,6,5,49,0.52,-,5,,,,,
2025/2026,A3,Regular_Season_Group_Bianco,1st,6,1031,23/11/2025 ,18:00 ,650 ,€ 2.715 ,C,Belluno Volley ,Belluno,3,0,8,6,16,11,21,14,25,16,8,4,16,9,21,14,25,19,8,5,16,9,21,12,25,15,-,-,-,-,-,-,-,-,-,-,-,-,-,-,-,-,53,26,27,73,6,4,41,1,0.56,0.27,81,3,1,42,0.52,-,7,,,,,
2025/2026,A3,Regular_Season_Group_Bianco,1st,6,1031,23/11/2025 ,18:00 ,650 ,€ 2.715 ,O,Personal Time San Donà di Piave ,San Donà di Piave,0,3,6,8,11,16,14,21,16,25,4,8,9,16,14,21,19,25,5,8,9,16,12,21,15,25,-,-,-,-,-,-,-,-,-,-,-,-,-,-,-,-,40,9,-1,52,11,1,67,4,0.42,0.12,102,10,7,38,0.37,-,1,,,,,
2025/2026,A3,Regular_Season_Group_Bianco,1st,6,1032,23/11/2025 ,17:00 ,232 ,€ 443 ,C,Gabbiano FarmaMed Mantova ,Mantova Top Team,3,0,8,6,16,11,21,14,25,16,7,8,16,13,21,17,25,20,8,5,16,14,21,20,25,21,-,-,-,-,-,-,-,-,-,-,-,-,-,-,-,-,60,24,26,74,11,10,48,1,0.73,0.48,78,9,5,38,0.49,-,12,,,,,
2025/2026,A3,Regular_Season_Group_Bianco,1st,6,1032,23/11/2025 ,17:00 ,232 ,€ 443 ,O,CUS Cagliari ,Cagliari Cus,0,3,6,8,11,16,14,21,16,25,8,7,13,16,17,21,20,25,5,8,14,16,20,21,21,25,-,-,-,-,-,-,-,-,-,-,-,-,-,-,-,-,37,7,-10,58,10,1,63,11,0.4,0.22,76,3,12,31,0.41,-,5,,,,,
2025/2026,A3,Regular_Season_Group_Bianco,1st,6,1033,23/11/2025 ,18:00 ,574 ,€ 1.150 ,C,ErmGroup Altotevere San Giustino ,San Giustino Pallavolo,3,0,8,5,15,16,21,18,25,21,8,5,16,12,21,19,26,24,8,6,16,14,21,20,27,25,-,-,-,-,-,-,-,-,-,-,-,-,-,-,-,-,54,17,15,76,13,3,57,7,0.54,0.4,73,2,5,44,0.6,-,7,,,,,
2025/2026,A3,Regular_Season_Group_Bianco,1st,6,1033,23/11/2025 ,18:00 ,574 ,€ 1.150 ,O,Negrini CTE Acqui Terme ,Acqui Terme,0,3,5,8,16,15,18,21,21,25,5,8,12,16,19,21,24,26,6,8,14,16,20,21,25,27,-,-,-,-,-,-,-,-,-,-,-,-,-,-,-,-,53,17,5,72,15,7,63,3,0.49,0.25,87,6,7,41,0.47,-,5,,,,,
2025/2026,A3,Regular_Season_Group_Bianco,1st,6,1034,22/11/2025 ,17:00 ,286 ,€ 671 ,C,Sarlux Sarroch ,Sarroch,0,3,5,8,10,16,12,21,15,25,5,8,13,16,19,21,23,25,7,8,12,16,13,21,17,25,-,-,-,-,-,-,-,-,-,-,-,-,-,-,-,-,44,8,-3,57,12,1,66,3,0.44,0.36,98,11,8,39,0.4,-,4,,,,,
2025/2026,A3,Regular_Season_Group_Bianco,1st,6,1034,22/11/2025 ,17:00 ,286 ,€ 671 ,O,Conad Reggio Emilia ,Reggio Emilia,3,0,8,5,16,10,21,12,25,15,8,5,16,13,21,19,25,23,8,7,16,12,21,13,25,17,-,-,-,-,-,-,-,-,-,-,-,-,-,-,-,-,51,21,19,73,7,3,45,1,0.36,0.29,90,4,4,40,0.44,-,8,,,,,
2025/2026,A3,Regular_Season_Group_Bianco,1st,6,1035,22/11/2025 ,18:00 ,278 ,€ 462 ,C,Sav Trebaseleghe ,Trebaseleghe,3,2,4,8,11,16,18,21,26,28,8,7,15,16,21,19,27,25,8,5,16,11,21,17,25,23,6,8,10,16,10,21,16,25,5,3,0,0,0,0,23,21,88,33,22,117,14,10,103,6,0.6,0.36,162,10,15,69,0.43,-,9,,,,,
2025/2026,A3,Regular_Season_Group_Bianco,1st,6,1035,22/11/2025 ,18:00 ,278 ,€ 462 ,O,Monge Gerbaudo Savigliano ,Savigliano ,2,3,8,4,16,11,21,18,28,26,7,8,16,15,19,21,25,27,5,8,11,16,17,21,23,25,8,6,16,10,21,10,25,16,3,5,0,0,0,0,21,23,97,37,19,122,19,4,103,10,0.47,0.26,156,8,9,78,0.5,-,15,,,,,
2025/2026,A3,Regular_Season_Group_Bianco,1st,7,1037,30/11/2025 ,16:00 ,303 ,€ 831 ,C,Conad Reggio Emilia ,Reggio Emilia,3,1,8,4,16,14,21,16,25,16,8,4,16,10,21,20,23,25,5,8,16,12,21,16,25,20,8,3,16,10,21,16,25,18,-,-,-,-,-,-,-,-,75,31,29,97,12,5,67,7,0.36,0.12,115,5,9,62,0.54,-,8,,,,,
2025/2026,A3,Regular_Season_Group_Bianco,1st,7,1037,30/11/2025 ,16:00 ,303 ,€ 831 ,O,Gabbiano FarmaMed Mantova ,Mantova Top Team,1,3,4,8,14,16,16,21,16,25,4,8,10,16,20,21,25,23,8,5,12,16,16,21,20,25,3,8,10,16,16,21,18,25,-,-,-,-,-,-,-,-,61,18,13,80,13,6,85,5,0.49,0.14,106,9,8,46,0.43,-,9,,,,,
2025/2026,A3,Regular_Season_Group_Bianco,1st,7,1038,30/11/2025 ,18:00 ,230 ,€ 224 ,C,Negrini CTE Acqui Terme ,Acqui Terme,3,1,8,6,15,16,18,21,23,25,8,2,16,10,21,15,25,23,7,8,16,13,21,15,25,18,7,8,16,10,21,13,25,16,-,-,-,-,-,-,-,-,82,33,38,97,16,9,72,5,0.44,0.26,97,4,7,61,0.63,-,12,,,,,
2025/2026,A3,Regular_Season_Group_Bianco,1st,7,1038,30/11/2025 ,18:00 ,230 ,€ 224 ,O,Stadium Mirandola ,Mirandola,1,3,6,8,16,15,21,18,25,23,2,8,10,16,15,21,23,25,8,7,13,16,15,21,18,25,8,7,10,16,13,21,16,25,-,-,-,-,-,-,-,-,57,18,-2,83,11,3,81,9,0.42,0.17,107,5,12,47,0.44,-,7,,,,,
2025/2026,A3,Regular_Season_Group_Bianco,1st,7,1039,29/11/2025 ,18:30 ,287 ,€ 390 ,C,Monge Gerbaudo Savigliano ,Savigliano ,0,3,6,8,10,16,15,21,20,25,6,8,10,16,16,21,20,25,6,8,13,16,17,21,23,25,-,-,-,-,-,-,-,-,-,-,-,-,-,-,-,-,49,12,2,65,12,1,65,5,0.45,0.25,88,4,6,40,0.45,-,8,,,,,
2025/2026,A3,Regular_Season_Group_Bianco,1st,7,1039,29/11/2025 ,18:30 ,287 ,€ 390 ,O,ErmGroup Altotevere San Giustino ,San Giustino Pallavolo,3,0,8,6,16,10,21,15,25,20,8,6,16,10,21,16,25,20,8,6,16,13,21,17,25,23,-,-,-,-,-,-,-,-,-,-,-,-,-,-,-,-,58,21,22,73,8,5,53,1,0.53,0.32,87,5,8,47,0.54,-,6,,,,,
2025/2026,A3,Regular_Season_Group_Bianco,1st,7,1040,29/11/2025 ,19:00 ,318 ,€ 289 ,C,CUS Cagliari ,Cagliari Cus,3,1,7,8,15,16,20,21,25,23,8,7,15,16,21,20,25,23,7,8,13,16,14,21,19,25,6,8,11,16,20,21,28,26,-,-,-,-,-,-,-,-,77,24,19,95,12,2,86,2,0.49,0.09,145,11,12,60,0.41,-,15,,,,,
2025/2026,A3,Regular_Season_Group_Bianco,1st,7,1040,29/11/2025 ,19:00 ,318 ,€ 289 ,O,Belluno Volley ,Belluno,1,3,8,7,16,15,21,20,23,25,7,8,16,15,20,21,23,25,8,7,16,13,21,14,25,19,8,6,16,11,21,20,26,28,-,-,-,-,-,-,-,-,71,22,19,97,11,1,83,3,0.64,0.2,141,6,15,58,0.41,-,12,,,,,
2025/2026,A3,Regular_Season_Group_Bianco,1st,7,1041,29/11/2025 ,18:00 ,250 ,€ 362 ,C,Sav Trebaseleghe ,Trebaseleghe,0,3,3,8,13,16,17,21,20,25,7,8,14,16,18,21,21,25,5,8,12,16,19,21,21,25,-,-,-,-,-,-,-,-,-,-,-,-,-,-,-,-,38,13,-7,64,7,3,58,3,0.64,0.29,89,9,12,29,0.33,-,6,,,,,
2025/2026,A3,Regular_Season_Group_Bianco,1st,7,1041,29/11/2025 ,18:00 ,250 ,€ 362 ,O,Sarlux Sarroch ,Sarroch,3,0,8,3,16,13,21,17,25,20,8,7,16,14,21,18,25,21,8,5,16,12,21,19,25,21,-,-,-,-,-,-,-,-,-,-,-,-,-,-,-,-,59,24,10,73,15,3,57,3,0.65,0.26,104,8,6,44,0.42,-,12,,,,,
2025/2026,A3,Regular_Season_Group_Bianco,1st,8,1043,7/12/2025 ,18:00 ,394 ,€ 635 ,C,Personal Time San Donà di Piave ,San Donà di Piave,0,3,8,4,14,16,16,21,20,25,6,8,11,16,16,21,21,25,7,8,13,16,17,21,22,25,-,-,-,-,-,-,-,-,-,-,-,-,-,-,-,-,46,10,3,64,11,1,61,6,0.41,0.2,87,9,9,42,0.48,-,3,,,,,
2025/2026,A3,Regular_Season_Group_Bianco,1st,8,1043,7/12/2025 ,18:00 ,394 ,€ 635 ,O,Conad Reggio Emilia ,Reggio Emilia,3,0,4,8,16,14,21,16,25,20,8,6,16,11,21,16,25,21,8,7,16,13,21,17,25,22,-,-,-,-,-,-,-,-,-,-,-,-,-,-,-,-,52,18,20,74,13,6,53,1,0.45,0.13,81,2,3,37,0.46,-,9,,,,,
2025/2026,A3,Regular_Season_Group_Bianco,1st,8,1044,7/12/2025 ,19:00 ,240 ,€ 247 ,C,Negrini CTE Acqui Terme ,Acqui Terme,0,3,7,8,12,16,18,21,18,25,6,8,13,16,19,21,22,25,6,8,13,16,15,21,19,25,-,-,-,-,-,-,-,-,-,-,-,-,-,-,-,-,40,10,-,60,9,3,59,4,0.58,0.29,78,6,9,30,0.38,-,7,,,,,
2025/2026,A3,Regular_Season_Group_Bianco,1st,8,1044,7/12/2025 ,19:00 ,240 ,€ 247 ,O,Belluno Volley ,Belluno,3,0,8,7,16,12,21,18,25,18,8,6,16,13,21,19,25,22,8,6,16,13,21,15,25,19,-,-,-,-,-,-,-,-,-,-,-,-,-,-,-,-,55,19,15,74,15,4,51,3,0.55,0.24,86,3,7,42,0.49,-,9,,,,,
2025/2026,A3,Regular_Season_Group_Bianco,1st,8,1045,7/12/2025 ,18:00 ,602 ,€ 1.115 ,C,ErmGroup Altotevere San Giustino ,San Giustino Pallavolo,3,0,8,6,16,11,21,12,25,17,8,7,16,10,21,13,25,14,8,7,16,14,21,17,25,22,-,-,-,-,-,-,-,-,-,-,-,-,-,-,-,-,57,28,26,73,9,9,46,2,0.39,0.24,84,3,2,41,0.49,-,7,,,,,
2025/2026,A3,Regular_Season_Group_Bianco,1st,8,1045,7/12/2025 ,18:00 ,602 ,€ 1.115 ,O,Sav Trebaseleghe ,Trebaseleghe,0,3,6,8,11,16,12,21,17,25,7,8,10,16,13,21,14,25,7,8,14,16,17,21,22,25,-,-,-,-,-,-,-,-,-,-,-,-,-,-,-,-,38,11,-5,55,9,2,64,9,0.42,0.19,100,9,7,34,0.34,-,2,,,,,
2025/2026,A3,Regular_Season_Group_Bianco,1st,8,1046,6/12/2025 ,16:00 ,293 ,€ 651 ,C,Sarlux Sarroch ,Sarroch,3,1,8,6,16,12,21,16,25,21,8,5,16,9,21,12,25,16,8,7,12,16,18,21,22,25,8,5,16,9,21,16,25,18,-,-,-,-,-,-,-,-,78,35,30,96,11,4,69,8,0.57,0.35,101,5,6,52,0.51,-,22,,,,,
2025/2026,A3,Regular_Season_Group_Bianco,1st,8,1046,6/12/2025 ,16:00 ,293 ,€ 651 ,O,Monge Gerbaudo Savigliano ,Savigliano ,1,3,6,8,12,16,16,21,21,25,5,8,9,16,12,21,16,25,7,8,16,12,21,18,25,22,5,8,9,16,16,21,18,25,-,-,-,-,-,-,-,-,62,23,-3,80,11,8,85,5,0.48,0.35,123,6,22,48,0.39,-,6,,,,,
2025/2026,A3,Regular_Season_Group_Bianco,1st,8,1047,6/12/2025 ,21:00 ,449 ,€ 955 ,C,Stadium Mirandola ,Mirandola,2,3,8,3,16,12,21,17,25,21,8,6,16,15,17,21,22,25,8,7,16,13,21,17,25,20,7,8,12,16,21,20,24,26,4,5,0,0,0,0,19,21,86,32,11,115,9,4,96,4,0.59,0.49,168,18,15,71,0.42,-,11,,,,,
2025/2026,A3,Regular_Season_Group_Bianco,1st,8,1047,6/12/2025 ,21:00 ,449 ,€ 955 ,O,CUS Cagliari ,Cagliari Cus,3,2,3,8,12,16,17,21,21,25,6,8,15,16,21,17,25,22,7,8,13,16,17,21,20,25,8,7,16,12,20,21,26,24,5,4,0,0,0,0,21,19,80,21,17,112,16,2,106,6,0.52,0.31,165,9,11,63,0.38,-,15,,,,,
2025/2026,A3,Regular_Season_Group_Bianco,1st,9,1049,14/12/2025 ,19:00 ,561 ,€ 2.382 ,C,Belluno Volley ,Belluno,2,3,6,8,14,16,18,21,21,25,6,8,15,16,18,21,23,25,8,6,16,15,21,20,32,30,8,7,16,13,21,16,25,20,2,5,0,0,0,0,13,15,84,23,19,114,16,4,89,1,0.6,0.28,142,9,11,68,0.48,-,12,,,,,
2025/2026,A3,Regular_Season_Group_Bianco,1st,9,1049,14/12/2025 ,19:00 ,561 ,€ 2.382 ,O,Sarlux Sarroch ,Sarroch,3,2,8,6,16,14,21,18,25,21,8,6,16,15,21,18,25,23,6,8,15,16,20,21,30,32,7,8,13,16,16,21,20,25,5,2,0,0,0,0,15,13,89,18,24,115,26,1,98,4,0.57,0.26,152,2,12,77,0.51,-,11,,,,,
2025/2026,A3,Regular_Season_Group_Bianco,1st,9,1050,13/12/2025 ,17:00 ,226 ,€ 426 ,C,Gabbiano FarmaMed Mantova ,Mantova Top Team,1,3,7,8,15,16,18,21,24,26,8,5,16,14,21,17,25,20,8,3,15,16,18,21,21,25,2,8,8,16,12,21,13,25,-,-,-,-,-,-,-,-,64,23,-6,84,17,3,83,14,0.43,0.22,110,11,5,44,0.4,-,17,,,,,
2025/2026,A3,Regular_Season_Group_Bianco,1st,9,1050,13/12/2025 ,17:00 ,226 ,€ 426 ,O,ErmGroup Altotevere San Giustino ,San Giustino Pallavolo,3,1,8,7,16,15,21,18,26,24,5,8,14,16,17,21,20,25,3,8,16,15,21,18,25,21,8,2,16,8,21,12,25,13,-,-,-,-,-,-,-,-,66,29,8,95,12,13,67,4,0.42,0.21,123,7,17,48,0.39,-,5,,,,,
2025/2026,A3,Regular_Season_Group_Bianco,1st,9,1051,13/12/2025 ,18:30 ,265 ,€ 268 ,C,Monge Gerbaudo Savigliano ,Savigliano ,0,3,8,5,16,12,21,16,30,32,7,8,12,16,18,21,22,25,7,8,16,15,19,21,22,25,-,-,-,-,-,-,-,-,-,-,-,-,-,-,-,-,55,12,9,75,8,1,70,3,0.64,0.4,89,3,8,48,0.54,-,6,,,,,
2025/2026,A3,Regular_Season_Group_Bianco,1st,9,1051,13/12/2025 ,18:30 ,265 ,€ 268 ,O,Stadium Mirandola ,Mirandola,3,0,5,8,12,16,16,21,32,30,8,7,16,12,21,18,25,22,8,7,15,16,21,19,25,22,-,-,-,-,-,-,-,-,-,-,-,-,-,-,-,-,71,24,27,81,11,2,67,1,0.49,0.3,110,7,6,61,0.55,-,8,,,,,
2025/2026,A3,Regular_Season_Group_Bianco,1st,9,1052,13/12/2025 ,17:00 ,300 ,€ 228 ,C,CUS Cagliari ,Cagliari Cus,3,0,8,5,16,13,19,21,25,22,8,6,14,16,21,20,25,22,8,7,16,15,20,21,27,25,-,-,-,-,-,-,-,-,-,-,-,-,-,-,-,-,60,18,18,75,5,1,62,8,0.53,0.23,89,6,6,46,0.52,-,13,,,,,
2025/2026,A3,Regular_Season_Group_Bianco,1st,9,1052,13/12/2025 ,17:00 ,300 ,€ 228 ,O,Personal Time San Donà di Piave ,San Donà di Piave,0,3,5,8,13,16,21,19,22,25,6,8,16,14,20,21,22,25,7,8,15,16,21,20,25,27,-,-,-,-,-,-,-,-,-,-,-,-,-,-,-,-,56,14,10,70,8,5,70,1,0.51,0.13,104,8,13,45,0.43,-,6,,,,,
2025/2026,A3,Regular_Season_Group_Bianco,1st,9,1053,13/12/2025 ,18:00 ,286 ,€ 543 ,C,Sav Trebaseleghe ,Trebaseleghe,3,0,5,8,16,14,21,18,25,21,8,3,16,11,21,16,25,22,8,7,16,13,21,17,25,19,-,-,-,-,-,-,-,-,-,-,-,-,-,-,-,-,49,18,6,74,12,1,48,4,0.56,0.4,86,8,8,43,0.5,-,5,,,,,
2025/2026,A3,Regular_Season_Group_Bianco,1st,9,1053,13/12/2025 ,18:00 ,286 ,€ 543 ,O,Negrini CTE Acqui Terme ,Acqui Terme,0,3,8,5,14,16,18,21,21,25,3,8,11,16,16,21,22,25,7,8,13,16,17,21,19,25,-,-,-,-,-,-,-,-,-,-,-,-,-,-,-,-,41,9,-11,63,15,4,62,3,0.55,0.34,84,11,5,29,0.35,-,8,,,,,
2025/2026,A3,Regular_Season_Group_Bianco,1st,10,1055,20/12/2025 ,20:30 ,197 ,€ 136 ,C,Negrini CTE Acqui Terme ,Acqui Terme,0,3,8,6,16,13,18,21,21,25,8,6,16,14,20,21,20,25,5,8,11,16,15,21,17,25,-,-,-,-,-,-,-,-,-,-,-,-,-,-,-,-,41,14,-7,59,14,6,61,5,0.46,0.28,81,7,12,32,0.4,-,3,,,,,
2025/2026,A3,Regular_Season_Group_Bianco,1st,10,1055,20/12/2025 ,20:30 ,197 ,€ 136 ,O,Conad Reggio Emilia ,Reggio Emilia,3,0,6,8,13,16,21,18,25,21,6,8,14,16,21,20,25,20,8,5,16,11,21,15,25,17,-,-,-,-,-,-,-,-,-,-,-,-,-,-,-,-,51,26,12,74,13,4,45,6,0.29,0.11,69,4,3,35,0.51,-,12,,,,,
2025/2026,A3,Regular_Season_Group_Bianco,1st,10,1056,21/12/2025 ,18:00 ,573 ,€ 1.161 ,C,ErmGroup Altotevere San Giustino ,San Giustino Pallavolo,3,0,7,8,16,12,21,18,25,22,7,8,16,15,21,18,25,20,8,6,16,15,21,17,25,19,-,-,-,-,-,-,-,-,-,-,-,-,-,-,-,-,59,23,18,73,15,10,54,1,0.57,0.28,90,10,5,42,0.47,-,7,,,,,
2025/2026,A3,Regular_Season_Group_Bianco,1st,10,1056,21/12/2025 ,18:00 ,573 ,€ 1.161 ,O,Personal Time San Donà di Piave ,San Donà di Piave,0,3,8,7,12,16,18,21,22,25,8,7,15,16,18,21,20,25,6,8,15,16,17,21,19,25,-,-,-,-,-,-,-,-,-,-,-,-,-,-,-,-,36,11,-6,63,9,1,58,11,0.45,0.24,84,6,7,30,0.36,-,5,,,,,
2025/2026,A3,Regular_Season_Group_Bianco,1st,10,1057,20/12/2025 ,17:00 ,298 ,€ 666 ,C,Sarlux Sarroch ,Sarroch,0,3,5,8,11,16,15,21,20,25,7,8,15,16,21,19,31,33,7,8,15,16,16,21,19,25,-,-,-,-,-,-,-,-,-,-,-,-,-,-,-,-,51,11,-1,72,14,-,68,6,0.5,0.35,97,6,8,45,0.46,-,6,,,,,
2025/2026,A3,Regular_Season_Group_Bianco,1st,10,1057,20/12/2025 ,17:00 ,298 ,€ 666 ,O,Gabbiano FarmaMed Mantova ,Mantova Top Team,3,0,8,5,16,11,21,15,25,20,8,7,16,15,19,21,33,31,8,7,16,15,21,16,25,19,-,-,-,-,-,-,-,-,-,-,-,-,-,-,-,-,60,21,21,81,13,6,58,1,0.66,0.6,98,4,6,46,0.47,-,8,,,,,
2025/2026,A3,Regular_Season_Group_Bianco,1st,10,1058,20/12/2025 ,19:00 ,299 ,€ 418 ,C,Monge Gerbaudo Savigliano ,Savigliano ,3,0,8,4,16,8,21,15,25,18,8,6,16,12,21,17,25,22,8,7,16,13,21,19,25,21,-,-,-,-,-,-,-,-,-,-,-,-,-,-,-,-,61,25,27,74,9,8,53,4,0.53,0.26,79,5,2,48,0.61,-,5,,,,,
2025/2026,A3,Regular_Season_Group_Bianco,1st,10,1058,20/12/2025 ,19:00 ,299 ,€ 418 ,O,CUS Cagliari ,Cagliari Cus,0,3,4,8,8,16,15,21,18,25,6,8,12,16,17,21,22,25,7,8,13,16,19,21,21,25,-,-,-,-,-,-,-,-,-,-,-,-,-,-,-,-,46,14,1,62,9,4,65,9,0.46,0.17,80,5,5,40,0.5,-,2,,,,,
2025/2026,A3,Regular_Season_Group_Bianco,1st,10,1059,21/12/2025 ,19:00 ,475 ,€ 1.052 ,C,Stadium Mirandola ,Mirandola,0,3,5,8,7,16,12,21,13,25,8,6,14,16,18,21,23,25,7,8,9,16,17,21,19,25,-,-,-,-,-,-,-,-,-,-,-,-,-,-,-,-,41,12,-3,57,8,2,66,1,0.56,0.38,100,10,9,33,0.33,-,6,,,,,
2025/2026,A3,Regular_Season_Group_Bianco,1st,10,1059,21/12/2025 ,19:00 ,475 ,€ 1.052 ,O,Belluno Volley ,Belluno,3,0,8,5,16,7,21,12,25,13,6,8,16,14,21,18,25,23,8,7,16,9,21,17,25,19,-,-,-,-,-,-,-,-,-,-,-,-,-,-,-,-,55,25,20,73,7,-,49,2,0.67,0.47,95,5,6,46,0.48,-,9,,,,,
2025/2026,A3,Regular_Season_Group_Bianco,1st,11,1061,28/12/2025 ,18:00 ,582 ,€ 1.801 ,C,Conad Reggio Emilia ,Reggio Emilia,3,1,8,4,16,12,21,20,22,25,8,5,16,7,21,10,25,13,8,5,16,11,21,17,25,20,8,7,16,11,21,15,25,21,-,-,-,-,-,-,-,-,76,33,36,96,15,11,66,1,0.55,0.24,107,7,5,52,0.49,-,13,,,,,
2025/2026,A3,Regular_Season_Group_Bianco,1st,11,1061,28/12/2025 ,18:00 ,582 ,€ 1.801 ,O,Stadium Mirandola ,Mirandola,1,3,4,8,12,16,20,21,25,22,5,8,7,16,10,21,13,25,5,8,11,16,17,21,20,25,7,8,11,16,15,21,21,25,-,-,-,-,-,-,-,-,55,16,4,80,14,-,81,11,0.47,0.19,122,5,13,50,0.41,-,5,,,,,
2025/2026,A3,Regular_Season_Group_Bianco,1st,11,1062,28/12/2025 ,18:00 ,409 ,€ 860 ,C,Personal Time San Donà di Piave ,San Donà di Piave,3,0,7,8,16,15,20,21,26,24,6,8,14,16,21,17,25,21,8,5,16,11,21,17,25,21,-,-,-,-,-,-,-,-,-,-,-,-,-,-,-,-,57,26,22,75,15,4,55,3,0.25,0.09,90,1,7,46,0.51,-,7,,,,,
2025/2026,A3,Regular_Season_Group_Bianco,1st,11,1062,28/12/2025 ,18:00 ,409 ,€ 860 ,O,Negrini CTE Acqui Terme ,Acqui Terme,0,3,8,7,15,16,21,20,24,26,8,6,16,14,17,21,21,25,5,8,11,16,17,21,21,25,-,-,-,-,-,-,-,-,-,-,-,-,-,-,-,-,46,20,3,67,12,3,60,4,0.4,0.18,95,7,7,36,0.38,-,7,,,,,
2025/2026,A3,Regular_Season_Group_Bianco,1st,11,1063,28/12/2025 ,16:00 ,632 ,€ 2.624 ,C,Belluno Volley ,Belluno,3,0,8,5,16,8,21,12,25,15,8,2,16,7,21,9,25,16,8,7,16,15,21,19,25,21,-,-,-,-,-,-,-,-,-,-,-,-,-,-,-,-,54,26,24,74,9,3,39,4,0.46,0.1,74,3,2,42,0.57,-,9,,,,,
2025/2026,A3,Regular_Season_Group_Bianco,1st,11,1063,28/12/2025 ,16:00 ,632 ,€ 2.624 ,O,Monge Gerbaudo Savigliano ,Savigliano ,0,3,5,8,8,16,12,21,15,25,2,8,7,16,9,21,16,25,7,8,15,16,19,21,21,25,-,-,-,-,-,-,-,-,-,-,-,-,-,-,-,-,40,8,-8,53,14,3,65,5,0.42,0.09,97,6,9,35,0.36,-,2,,,,,
2025/2026,A3,Regular_Season_Group_Bianco,1st,11,1064,28/12/2025 ,19:00 ,253 ,€ 737 ,C,Gabbiano FarmaMed Mantova ,Mantova Top Team,3,0,8,6,16,11,21,15,25,18,8,6,16,15,21,16,25,20,8,6,16,10,21,12,25,16,-,-,-,-,-,-,-,-,-,-,-,-,-,-,-,-,53,23,23,73,9,6,47,-,0.55,0.36,80,9,4,39,0.49,-,8,,,,,
2025/2026,A3,Regular_Season_Group_Bianco,1st,11,1064,28/12/2025 ,19:00 ,253 ,€ 737 ,O,Sav Trebaseleghe ,Trebaseleghe,0,3,6,8,11,16,15,21,18,25,6,8,15,16,16,21,20,25,6,8,10,16,12,21,16,25,-,-,-,-,-,-,-,-,-,-,-,-,-,-,-,-,34,9,-11,56,9,-,64,6,0.39,0.25,84,11,8,30,0.36,-,4,,,,,
2025/2026,A3,Regular_Season_Group_Bianco,1st,11,1065,28/12/2025 ,18:00 ,895 ,€ 2.183 ,C,CUS Cagliari ,Cagliari Cus,3,2,8,5,15,16,18,21,21,25,7,8,15,16,19,21,25,23,6,8,11,16,13,21,16,25,3,8,15,16,21,17,25,21,5,2,0,0,0,0,15,13,70,26,8,101,9,7,89,9,0.44,0.15,126,8,12,53,0.42,-,10,,,,,
2025/2026,A3,Regular_Season_Group_Bianco,1st,11,1065,28/12/2025 ,18:00 ,895 ,€ 2.183 ,O,Sarlux Sarroch ,Sarroch,2,3,5,8,16,15,21,18,25,21,8,7,16,15,21,19,23,25,8,6,16,11,21,13,25,16,8,3,16,15,17,21,21,25,2,5,0,0,0,0,13,15,86,35,19,108,19,8,92,8,0.55,0.17,138,10,10,66,0.48,-,12,,,,,
2025/2026,A3,Regular_Season_Group_Bianco,2nd,1,1067,3/1/2026 ,18:30 ,299 ,€ 385 ,C,Monge Gerbaudo Savigliano ,Savigliano ,0,3,5,8,16,13,21,20,23,25,7,8,13,16,15,21,17,25,6,8,16,14,19,21,22,25,-,-,-,-,-,-,-,-,-,-,-,-,-,-,-,-,44,15,-1,64,12,4,60,5,0.48,0.28,93,4,6,34,0.37,-,6,,,,,
2025/2026,A3,Regular_Season_Group_Bianco,2nd,1,1067,3/1/2026 ,18:30 ,299 ,€ 385 ,O,Conad Reggio Emilia ,Reggio Emilia,3,0,8,5,13,16,20,21,25,23,8,7,16,13,21,15,25,17,8,6,14,16,21,19,25,22,-,-,-,-,-,-,-,-,-,-,-,-,-,-,-,-,57,21,19,73,13,5,52,4,0.4,0.15,94,5,6,46,0.49,-,6,,,,,
2025/2026,A3,Regular_Season_Group_Bianco,2nd,1,1068,3/1/2026 ,18:00 ,308 ,€ 608 ,C,Sav Trebaseleghe ,Trebaseleghe,1,3,8,7,16,11,21,14,25,19,8,7,12,16,14,21,19,25,5,8,9,16,13,21,16,25,5,8,11,16,14,21,17,25,-,-,-,-,-,-,-,-,57,15,5,78,10,2,79,7,0.57,0.29,123,12,11,53,0.43,-,2,,,,,
2025/2026,A3,Regular_Season_Group_Bianco,2nd,1,1068,3/1/2026 ,18:00 ,308 ,€ 608 ,O,Personal Time San Donà di Piave ,San Donà di Piave,3,1,7,8,11,16,14,21,19,25,7,8,16,12,21,14,25,19,8,5,16,9,21,13,25,16,8,5,16,11,21,14,25,17,-,-,-,-,-,-,-,-,69,26,19,93,14,7,68,2,0.59,0.29,107,6,2,51,0.48,-,11,,,,,
2025/2026,A3,Regular_Season_Group_Bianco,2nd,1,1069,3/1/2026 ,20:30 ,493 ,€ 1.211 ,C,ErmGroup Altotevere San Giustino ,San Giustino Pallavolo,0,3,4,8,8,16,12,21,15,25,4,8,12,16,13,21,16,25,5,8,10,16,14,21,16,25,-,-,-,-,-,-,-,-,-,-,-,-,-,-,-,-,35,4,-18,48,12,-,65,6,0.37,0.17,84,7,10,32,0.38,-,3,,,,,
2025/2026,A3,Regular_Season_Group_Bianco,2nd,1,1069,3/1/2026 ,20:30 ,493 ,€ 1.211 ,O,Belluno Volley ,Belluno,3,0,8,4,16,8,21,12,25,15,8,4,16,12,21,13,25,16,8,5,16,10,21,14,25,16,-,-,-,-,-,-,-,-,-,-,-,-,-,-,-,-,55,25,24,74,9,5,36,-,0.75,0.39,69,3,3,40,0.58,-,10,,,,,
2025/2026,A3,Regular_Season_Group_Bianco,2nd,1,1070,3/1/2026 ,20:30 ,491 ,€ 1.215 ,C,Stadium Mirandola ,Mirandola,1,3,3,8,9,16,12,21,13,25,8,7,14,16,18,21,21,25,5,8,14,16,21,18,25,20,7,8,16,15,19,21,20,25,-,-,-,-,-,-,-,-,52,18,-13,80,8,4,79,12,0.33,0.27,118,10,9,38,0.32,-,10,,,,,
2025/2026,A3,Regular_Season_Group_Bianco,2nd,1,1070,3/1/2026 ,20:30 ,491 ,€ 1.215 ,O,Gabbiano FarmaMed Mantova ,Mantova Top Team,3,1,8,3,16,9,21,12,25,13,7,8,16,14,21,18,25,21,8,5,16,14,18,21,20,25,8,7,15,16,21,19,25,20,-,-,-,-,-,-,-,-,75,32,26,94,15,11,72,4,0.56,0.35,127,7,10,55,0.43,-,9,,,,,
2025/2026,A3,Regular_Season_Group_Bianco,2nd,1,1071,3/1/2026 ,20:00 ,212 ,€ 153 ,C,Negrini CTE Acqui Terme ,Acqui Terme,3,0,8,7,16,14,21,19,25,21,7,8,16,14,21,20,25,22,8,7,16,15,21,20,25,21,-,-,-,-,-,-,-,-,-,-,-,-,-,-,-,-,49,18,11,73,14,5,55,6,0.45,0.18,85,3,6,35,0.41,-,9,,,,,
2025/2026,A3,Regular_Season_Group_Bianco,2nd,1,1071,3/1/2026 ,20:00 ,212 ,€ 153 ,O,CUS Cagliari ,Cagliari Cus,0,3,7,8,14,16,19,21,21,25,8,7,14,16,20,21,22,25,7,8,15,16,20,21,21,25,-,-,-,-,-,-,-,-,-,-,-,-,-,-,-,-,46,18,-4,66,11,5,59,6,0.37,0.24,94,14,9,35,0.37,-,6,,,,,
2025/2026,A3,Regular_Season_Group_Bianco,2nd,2,1073,5/1/2026 ,20:30 ,310 ,€ 796 ,C,Sarlux Sarroch ,Sarroch,3,0,8,7,16,13,21,17,25,20,8,1,16,9,21,11,25,15,7,8,16,13,21,19,25,20,-,-,-,-,-,-,-,-,-,-,-,-,-,-,-,-,56,27,23,74,15,9,42,3,0.55,0.43,61,4,2,37,0.61,-,10,,,,,
2025/2026,A3,Regular_Season_Group_Bianco,2nd,2,1073,5/1/2026 ,20:30 ,310 ,€ 796 ,O,Negrini CTE Acqui Terme ,Acqui Terme,0,3,7,8,13,16,17,21,20,25,1,8,9,16,11,21,15,25,8,7,13,16,19,21,20,25,-,-,-,-,-,-,-,-,-,-,-,-,-,-,-,-,33,7,-22,56,14,3,59,9,0.37,0.25,72,5,10,28,0.39,-,2,,,,,
2025/2026,A3,Regular_Season_Group_Bianco,2nd,2,1074,6/1/2026 ,18:00 ,510 ,€ 1.217 ,C,Conad Reggio Emilia ,Reggio Emilia,3,0,8,3,16,8,21,18,25,19,8,6,16,12,21,14,25,18,8,7,16,14,21,17,25,22,-,-,-,-,-,-,-,-,-,-,-,-,-,-,-,-,51,25,13,73,11,5,45,5,0.44,0.18,83,6,3,37,0.45,-,9,,,,,
2025/2026,A3,Regular_Season_Group_Bianco,2nd,2,1074,6/1/2026 ,18:00 ,510 ,€ 1.217 ,O,ErmGroup Altotevere San Giustino ,San Giustino Pallavolo,0,3,3,8,8,16,18,21,19,25,6,8,12,16,14,21,18,25,7,8,14,16,17,21,22,25,-,-,-,-,-,-,-,-,-,-,-,-,-,-,-,-,42,14,-2,60,15,4,62,5,0.37,0.15,96,9,9,35,0.36,-,3,,,,,
2025/2026,A3,Regular_Season_Group_Bianco,2nd,2,1075,6/1/2026 ,17:00 ,240 ,€ 514 ,C,Gabbiano FarmaMed Mantova ,Mantova Top Team,3,0,8,5,16,8,21,10,25,11,8,4,16,12,21,15,25,18,8,7,16,15,21,18,25,21,-,-,-,-,-,-,-,-,-,-,-,-,-,-,-,-,57,30,28,73,10,6,41,1,0.56,0.37,74,4,4,38,0.51,-,13,,,,,
2025/2026,A3,Regular_Season_Group_Bianco,2nd,2,1075,6/1/2026 ,17:00 ,240 ,€ 514 ,O,Monge Gerbaudo Savigliano ,Savigliano ,0,3,5,8,8,16,10,21,11,25,4,8,12,16,15,21,18,25,7,8,15,16,18,21,21,25,-,-,-,-,-,-,-,-,-,-,-,-,-,-,-,-,34,9,-15,51,10,1,63,8,0.52,0.3,77,7,13,29,0.38,-,4,,,,,
2025/2026,A3,Regular_Season_Group_Bianco,2nd,2,1076,6/1/2026 ,18:00 ,675 ,€ 2.888 ,C,Belluno Volley ,Belluno,3,1,5,8,13,16,16,21,23,25,8,4,16,8,21,12,25,14,7,8,16,12,21,16,25,19,8,6,16,13,21,17,25,21,-,-,-,-,-,-,-,-,73,26,22,97,12,3,67,2,0.61,0.19,115,10,3,57,0.5,-,13,,,,,
2025/2026,A3,Regular_Season_Group_Bianco,2nd,2,1076,6/1/2026 ,18:00 ,675 ,€ 2.888 ,O,Sav Trebaseleghe ,Trebaseleghe,1,3,8,5,16,13,21,16,25,23,4,8,8,16,12,21,14,25,8,7,12,16,16,21,19,25,6,8,13,16,17,21,21,25,-,-,-,-,-,-,-,-,57,13,2,80,13,2,85,3,0.54,0.22,131,11,13,52,0.4,-,3,,,,,
2025/2026,A3,Regular_Season_Group_Bianco,2nd,2,1077,6/1/2026 ,18:00 ,398 ,€ 630 ,C,Personal Time San Donà di Piave ,San Donà di Piave,3,2,6,8,16,14,21,19,25,22,8,7,14,16,18,21,19,25,8,7,14,16,21,19,25,23,4,8,11,16,17,21,20,25,5,3,0,0,0,0,17,15,75,18,9,106,17,2,99,3,0.51,0.32,148,12,14,66,0.45,-,7,,,,,
2025/2026,A3,Regular_Season_Group_Bianco,2nd,2,1077,6/1/2026 ,18:00 ,398 ,€ 630 ,O,Stadium Mirandola ,Mirandola,2,3,8,6,14,16,19,21,22,25,7,8,16,14,21,18,25,19,7,8,16,14,19,21,23,25,8,4,16,11,21,17,25,20,3,5,0,0,0,0,15,17,77,24,19,110,11,2,89,3,0.53,0.19,145,13,7,61,0.42,-,14,,,,,
2025/2026,A3,Regular_Season_Group_Bianco,2nd,3,1079,10/1/2026 ,20:00 ,324 ,€ 290 ,C,CUS Cagliari ,Cagliari Cus,2,3,8,4,16,8,21,9,25,10,8,6,16,14,20,21,23,25,8,6,16,14,21,18,25,22,6,8,13,16,14,21,19,25,4,5,0,0,0,0,9,15,79,22,13,101,23,1,85,5,0.53,0.11,142,4,18,70,0.49,-,8,,,,,
2025/2026,A3,Regular_Season_Group_Bianco,2nd,3,1079,10/1/2026 ,20:00 ,324 ,€ 290 ,O,Conad Reggio Emilia ,Reggio Emilia,3,2,4,8,8,16,9,21,10,25,6,8,14,16,21,20,25,23,6,8,14,16,18,21,22,25,8,6,16,13,21,14,25,19,5,4,0,0,0,0,15,9,69,23,12,97,12,5,78,2,0.56,0.17,126,10,8,46,0.37,-,18,,,,,
2025/2026,A3,Regular_Season_Group_Bianco,2nd,3,1080,10/1/2026 ,18:30 ,281 ,€ 427 ,C,Monge Gerbaudo Savigliano ,Savigliano ,3,1,7,8,15,16,19,21,25,27,8,3,16,11,21,14,25,18,5,8,16,14,21,16,25,18,7,8,16,15,21,19,25,21,-,-,-,-,-,-,-,-,76,31,21,99,12,3,72,4,0.44,0.32,121,11,6,65,0.54,-,8,,,,,
2025/2026,A3,Regular_Season_Group_Bianco,2nd,3,1080,10/1/2026 ,18:30 ,281 ,€ 427 ,O,Personal Time San Donà di Piave ,San Donà di Piave,1,3,8,7,16,15,21,19,27,25,3,8,11,16,14,21,18,25,8,5,14,16,16,21,18,25,8,7,15,16,19,21,21,25,-,-,-,-,-,-,-,-,60,16,-,85,13,4,87,7,0.49,0.21,118,9,8,50,0.42,-,6,,,,,
2025/2026,A3,Regular_Season_Group_Bianco,2nd,3,1081,11/1/2026 ,17:00 ,270 ,€ 847 ,C,Gabbiano FarmaMed Mantova ,Mantova Top Team,0,3,5,8,13,16,15,21,18,25,6,8,13,16,13,21,17,25,7,8,15,16,21,20,24,26,-,-,-,-,-,-,-,-,-,-,-,-,-,-,-,-,48,16,-11,61,20,6,68,2,0.44,0.18,106,12,11,32,0.3,-,10,,,,,
2025/2026,A3,Regular_Season_Group_Bianco,2nd,3,1081,11/1/2026 ,17:00 ,270 ,€ 847 ,O,Belluno Volley ,Belluno,3,0,8,5,16,13,21,15,25,18,8,6,16,13,21,13,25,17,8,7,16,15,20,21,26,24,-,-,-,-,-,-,-,-,-,-,-,-,-,-,-,-,44,23,-,74,6,2,41,6,0.37,0.22,83,5,10,31,0.37,-,11,,,,,
2025/2026,A3,Regular_Season_Group_Bianco,2nd,3,1082,11/1/2026 ,18:00 ,564 ,€ 1.071 ,C,ErmGroup Altotevere San Giustino ,San Giustino Pallavolo,2,3,7,8,16,14,19,21,23,25,6,8,11,16,17,21,19,25,8,7,16,14,21,18,25,21,7,8,16,14,21,19,25,20,2,5,0,0,0,0,11,15,80,19,11,104,22,1,91,7,0.67,0.24,143,6,11,68,0.48,-,11,,,,,
2025/2026,A3,Regular_Season_Group_Bianco,2nd,3,1082,11/1/2026 ,18:00 ,564 ,€ 1.071 ,O,Sarlux Sarroch ,Sarroch,3,2,8,7,14,16,21,19,25,23,8,6,16,11,21,17,25,19,7,8,14,16,18,21,21,25,8,7,14,16,19,21,20,25,5,2,0,0,0,0,15,11,76,23,20,104,13,7,82,2,0.6,0.2,124,9,11,58,0.47,-,11,,,,,
2025/2026,A3,Regular_Season_Group_Bianco,2nd,3,1083,10/1/2026 ,18:00 ,257 ,€ 277 ,C,Sav Trebaseleghe ,Trebaseleghe,1,3,2,8,8,16,17,21,19,25,5,8,11,16,14,21,16,25,7,8,14,16,21,19,25,22,8,4,16,9,20,21,24,26,-,-,-,-,-,-,-,-,65,21,-3,85,17,1,90,8,0.64,0.44,123,8,14,54,0.44,-,10,,,,,
2025/2026,A3,Regular_Season_Group_Bianco,2nd,3,1083,10/1/2026 ,18:00 ,257 ,€ 277 ,O,Stadium Mirandola ,Mirandola,3,1,8,2,16,8,21,17,25,19,8,5,16,11,21,14,25,16,8,7,16,14,19,21,22,25,4,8,9,16,21,20,26,24,-,-,-,-,-,-,-,-,71,35,12,97,7,7,68,5,0.56,0.25,108,10,10,50,0.46,-,14,,,,,
2025/2026,A3,Regular_Season_Group_Bianco,2nd,4,1085,18/1/2026 ,18:00 ,412 ,€ 327 ,C,Personal Time San Donà di Piave ,San Donà di Piave,3,2,6,8,12,16,16,21,18,25,0,8,7,16,11,21,13,25,6,8,15,16,21,20,25,22,8,5,16,11,21,17,25,20,5,4,0,0,0,0,15,10,70,27,13,96,14,4,89,6,0.44,0.17,137,7,15,53,0.39,-,13,,,,,
2025/2026,A3,Regular_Season_Group_Bianco,2nd,4,1085,18/1/2026 ,18:00 ,412 ,€ 327 ,O,Gabbiano FarmaMed Mantova ,Mantova Top Team,2,3,8,6,16,12,21,16,25,18,8,0,16,7,21,11,25,13,8,6,16,15,20,21,22,25,5,8,11,16,17,21,20,25,4,5,0,0,0,0,10,15,74,37,17,102,13,5,82,5,0.54,0.23,143,11,13,54,0.38,-,15,,,,,
2025/2026,A3,Regular_Season_Group_Bianco,2nd,4,1086,17/1/2026 ,17:00 ,304 ,€ 280 ,C,CUS Cagliari ,Cagliari Cus,3,1,8,7,15,16,21,20,25,21,6,8,14,16,18,21,23,25,7,8,14,16,19,21,25,23,8,6,16,13,21,15,25,19,-,-,-,-,-,-,-,-,76,29,27,97,18,9,72,3,0.53,0.19,118,7,7,58,0.49,-,9,,,,,
2025/2026,A3,Regular_Season_Group_Bianco,2nd,4,1086,17/1/2026 ,17:00 ,304 ,€ 280 ,O,ErmGroup Altotevere San Giustino ,San Giustino Pallavolo,1,3,7,8,16,15,20,21,21,25,8,6,16,14,21,18,25,23,8,7,16,14,21,19,23,25,6,8,13,16,15,21,19,25,-,-,-,-,-,-,-,-,61,16,3,89,17,2,79,9,0.53,0.16,110,4,9,52,0.47,-,7,,,,,
2025/2026,A3,Regular_Season_Group_Bianco,2nd,4,1087,18/1/2026 ,15:00 ,462 ,€ 1.043 ,C,Stadium Mirandola ,Mirandola,2,3,8,3,16,7,21,11,25,16,8,6,14,16,17,21,20,25,8,4,16,8,21,12,25,15,3,8,9,16,14,21,17,25,5,4,0,0,0,0,12,15,75,28,4,99,12,6,85,9,0.47,0.28,132,10,15,57,0.43,-,12,,,,,
2025/2026,A3,Regular_Season_Group_Bianco,2nd,4,1087,18/1/2026 ,15:00 ,462 ,€ 1.043 ,O,Sarlux Sarroch ,Sarroch,3,2,3,8,7,16,11,21,16,25,6,8,16,14,21,17,25,20,4,8,8,16,12,21,15,25,8,3,16,9,21,14,25,17,4,5,0,0,0,0,15,12,73,29,9,96,11,9,87,7,0.61,0.39,125,9,12,49,0.39,-,15,,,,,
2025/2026,A3,Regular_Season_Group_Bianco,2nd,4,1088,18/1/2026 ,18:00 ,213 ,€ 113 ,C,Negrini CTE Acqui Terme ,Acqui Terme,3,2,6,8,16,13,21,17,25,19,8,6,14,16,19,21,21,25,6,8,12,16,14,21,16,25,8,5,16,14,21,15,25,23,4,5,0,0,0,0,18,16,77,29,10,103,15,8,93,5,0.59,0.34,135,14,7,62,0.46,-,7,,,,,
2025/2026,A3,Regular_Season_Group_Bianco,2nd,4,1088,18/1/2026 ,18:00 ,213 ,€ 113 ,O,Monge Gerbaudo Savigliano ,Savigliano ,2,3,8,6,13,16,17,21,19,25,6,8,16,14,21,19,25,21,8,6,16,12,21,14,25,16,5,8,14,16,15,21,23,25,5,4,0,0,0,0,16,18,76,27,9,108,15,4,88,8,0.43,0.25,134,12,7,65,0.49,-,7,,,,,
2025/2026,A3,Regular_Season_Group_Bianco,2nd,4,1089,18/1/2026 ,19:00 ,433 ,€ 784 ,C,Conad Reggio Emilia ,Reggio Emilia,3,0,6,8,16,14,21,17,25,23,8,3,16,6,21,10,25,20,8,3,16,8,21,10,25,15,-,-,-,-,-,-,-,-,-,-,-,-,-,-,-,-,54,23,17,73,10,6,50,4,0.6,0.26,89,7,4,39,0.44,-,9,,,,,
2025/2026,A3,Regular_Season_Group_Bianco,2nd,4,1089,18/1/2026 ,19:00 ,433 ,€ 784 ,O,Sav Trebaseleghe ,Trebaseleghe,0,3,8,6,14,16,17,21,23,25,3,8,6,16,10,21,20,25,3,8,8,16,10,21,15,25,-,-,-,-,-,-,-,-,-,-,-,-,-,-,-,-,41,12,-3,60,10,3,63,6,0.57,0.25,100,11,9,34,0.34,-,4,,,,,
2025/2026,A3,Regular_Season_Group_Bianco,2nd,5,1091,24/1/2026 ,20:00 ,788 ,€ 3.793 ,C,Belluno Volley ,Belluno,1,3,5,8,9,16,12,21,16,25,4,8,11,16,16,21,20,25,8,5,16,13,21,17,25,19,6,8,13,16,18,21,22,25,-,-,-,-,-,-,-,-,54,19,-4,84,13,5,73,9,0.47,0.19,103,9,7,46,0.45,-,3,,,,,
2025/2026,A3,Regular_Season_Group_Bianco,2nd,5,1091,24/1/2026 ,20:00 ,788 ,€ 3.793 ,O,Conad Reggio Emilia ,Reggio Emilia,3,1,8,5,16,9,21,12,25,16,8,4,16,11,21,16,25,20,5,8,13,16,17,21,19,25,8,6,16,13,21,18,25,22,-,-,-,-,-,-,-,-,69,26,8,93,20,9,71,5,0.41,0.14,116,8,3,53,0.46,-,7,,,,,
2025/2026,A3,Regular_Season_Group_Bianco,2nd,5,1092,24/1/2026 ,16:00 ,297 ,€ 721 ,C,Sarlux Sarroch ,Sarroch,3,2,8,3,12,16,15,21,21,25,8,6,16,10,21,14,25,15,5,8,16,14,20,21,21,25,8,6,16,13,21,17,25,20,5,2,0,0,0,0,15,8,74,39,1,106,21,6,75,8,0.56,0.23,129,13,9,54,0.42,-,14,,,,,
2025/2026,A3,Regular_Season_Group_Bianco,2nd,5,1092,24/1/2026 ,16:00 ,297 ,€ 721 ,O,Personal Time San Donà di Piave ,San Donà di Piave,2,3,3,8,16,12,21,15,25,21,6,8,10,16,14,21,15,25,8,5,14,16,21,20,25,21,6,8,13,16,17,21,20,25,2,5,0,0,0,0,8,15,58,23,-13,94,19,8,85,8,0.33,0.09,121,12,14,41,0.34,-,9,,,,,
2025/2026,A3,Regular_Season_Group_Bianco,2nd,5,1093,25/1/2026 ,17:00 ,235 ,€ 531 ,C,Gabbiano FarmaMed Mantova ,Mantova Top Team,3,1,8,7,16,14,21,16,25,20,6,8,16,12,21,16,25,19,8,6,13,16,18,21,22,25,8,7,16,12,21,16,25,22,-,-,-,-,-,-,-,-,66,26,16,96,20,9,68,5,0.6,0.31,107,4,4,50,0.47,-,7,,,,,
2025/2026,A3,Regular_Season_Group_Bianco,2nd,5,1093,25/1/2026 ,17:00 ,235 ,€ 531 ,O,Negrini CTE Acqui Terme ,Acqui Terme,1,3,7,8,14,16,16,21,20,25,8,6,12,16,16,21,19,25,6,8,16,13,21,18,25,22,7,8,12,16,16,21,22,25,-,-,-,-,-,-,-,-,58,19,-10,87,19,5,76,9,0.39,0.13,120,12,7,49,0.41,-,4,,,,,
2025/2026,A3,Regular_Season_Group_Bianco,2nd,5,1094,24/1/2026 ,18:00 ,315 ,€ 537 ,C,Sav Trebaseleghe ,Trebaseleghe,3,1,5,8,13,16,19,21,22,25,8,5,16,14,21,19,25,20,6,8,16,15,21,18,25,20,8,5,16,15,21,20,25,23,-,-,-,-,-,-,-,-,72,31,16,96,12,6,72,1,0.67,0.44,132,10,6,61,0.46,-,5,,,,,
2025/2026,A3,Regular_Season_Group_Bianco,2nd,5,1094,24/1/2026 ,18:00 ,315 ,€ 537 ,O,CUS Cagliari ,Cagliari Cus,1,3,8,5,16,13,21,19,25,22,5,8,14,16,19,21,20,25,8,6,15,16,18,21,20,25,5,8,15,16,20,21,23,25,-,-,-,-,-,-,-,-,64,19,3,89,17,1,84,7,0.5,0.24,112,7,5,57,0.51,-,6,,,,,
2025/2026,A3,Regular_Season_Group_Bianco,2nd,5,1095,25/1/2026 ,16:00 ,595 ,€ 1.241 ,C,ErmGroup Altotevere San Giustino ,San Giustino Pallavolo,3,2,6,8,16,14,20,21,25,23,7,8,16,14,21,19,29,27,8,7,14,16,17,21,18,25,4,8,12,16,21,20,24,26,5,4,0,0,0,0,15,13,94,27,19,110,20,5,107,12,0.47,0.15,163,6,16,82,0.5,-,7,,,,,
2025/2026,A3,Regular_Season_Group_Bianco,2nd,5,1095,25/1/2026 ,16:00 ,595 ,€ 1.241 ,O,Stadium Mirandola ,Mirandola,2,3,8,6,14,16,21,20,23,25,8,7,14,16,19,21,27,29,7,8,16,14,21,17,25,18,8,4,16,12,20,21,26,24,4,5,0,0,0,0,13,15,87,34,32,115,8,10,90,7,0.51,0.2,138,7,7,61,0.44,-,16,,,,,
2025/2026,A3,Regular_Season_Group_Bianco,2nd,6,1097,1/2/2026 ,18:00 ,437 ,€ 990 ,C,Personal Time San Donà di Piave ,San Donà di Piave,0,3,4,8,14,16,16,21,20,25,5,8,16,15,17,21,21,25,7,8,9,16,11,21,15,25,-,-,-,-,-,-,-,-,-,-,-,-,-,-,-,-,46,14,-,58,13,4,67,9,0.49,0.3,89,6,12,34,0.38,-,8,,,,,
2025/2026,A3,Regular_Season_Group_Bianco,2nd,6,1097,1/2/2026 ,18:00 ,437 ,€ 990 ,O,Belluno Volley ,Belluno,3,0,8,4,16,14,21,16,25,20,8,5,15,16,21,17,25,21,8,7,16,9,21,11,25,15,-,-,-,-,-,-,-,-,-,-,-,-,-,-,-,-,55,29,22,73,6,8,45,4,0.47,0.24,81,3,8,35,0.43,-,12,,,,,
2025/2026,A3,Regular_Season_Group_Bianco,2nd,6,1098,31/1/2026 ,20:00 ,304 ,€ 248 ,C,CUS Cagliari ,Cagliari Cus,3,1,8,5,16,13,21,16,25,19,7,8,15,16,18,21,19,25,8,7,16,13,21,17,25,20,5,8,16,13,21,17,25,19,-,-,-,-,-,-,-,-,74,31,31,93,17,4,71,4,0.42,0.06,110,3,8,53,0.48,-,17,,,,,
2025/2026,A3,Regular_Season_Group_Bianco,2nd,6,1098,31/1/2026 ,20:00 ,304 ,€ 248 ,O,Gabbiano FarmaMed Mantova ,Mantova Top Team,1,3,5,8,13,16,16,21,19,25,8,7,16,15,21,18,25,19,7,8,13,16,17,21,20,25,8,5,13,16,17,21,19,25,-,-,-,-,-,-,-,-,61,18,6,84,13,4,76,4,0.61,0.17,116,2,17,49,0.42,-,8,,,,,
2025/2026,A3,Regular_Season_Group_Bianco,2nd,6,1099,1/2/2026 ,18:00 ,230 ,€ 187 ,C,Negrini CTE Acqui Terme ,Acqui Terme,3,2,2,8,9,16,15,21,18,25,8,7,14,16,19,21,22,25,8,5,16,12,21,14,25,19,8,7,16,13,21,16,25,20,5,4,0,0,0,0,15,9,78,31,19,105,15,8,76,5,0.51,0.21,123,10,7,56,0.46,-,14,,,,,
2025/2026,A3,Regular_Season_Group_Bianco,2nd,6,1099,1/2/2026 ,18:00 ,230 ,€ 187 ,O,ErmGroup Altotevere San Giustino ,San Giustino Pallavolo,2,3,8,2,16,9,21,15,25,18,7,8,16,14,21,19,25,22,5,8,12,16,14,21,19,25,7,8,13,16,16,21,20,25,4,5,0,0,0,0,9,15,70,19,1,97,21,4,90,8,0.43,0.24,132,6,14,59,0.45,-,7,,,,,
2025/2026,A3,Regular_Season_Group_Bianco,2nd,6,1100,1/2/2026 ,16:00 ,474 ,€ 976 ,C,Conad Reggio Emilia ,Reggio Emilia,3,2,8,4,16,8,21,13,25,16,8,7,16,11,21,17,25,21,4,8,13,16,21,20,22,25,8,7,15,16,20,21,21,25,5,2,0,0,0,0,15,8,77,30,24,108,13,3,79,5,0.56,0.22,137,8,11,60,0.44,-,14,,,,,
2025/2026,A3,Regular_Season_Group_Bianco,2nd,6,1100,1/2/2026 ,16:00 ,474 ,€ 976 ,O,Sarlux Sarroch ,Sarroch,2,3,4,8,8,16,13,21,16,25,7,8,11,16,17,21,21,25,8,4,16,13,20,21,25,22,7,8,16,15,21,20,25,21,2,5,0,0,0,0,8,15,72,21,15,95,16,5,95,4,0.56,0.22,144,14,14,56,0.39,-,11,,,,,
2025/2026,A3,Regular_Season_Group_Bianco,2nd,6,1101,31/1/2026 ,18:30 ,331 ,€ 809 ,C,Monge Gerbaudo Savigliano ,Savigliano ,3,0,5,8,16,14,21,19,25,22,8,5,16,10,21,15,25,19,8,7,16,10,21,11,25,14,-,-,-,-,-,-,-,-,-,-,-,-,-,-,-,-,63,29,28,74,8,9,52,2,0.63,0.27,84,2,7,47,0.56,-,7,,,,,
2025/2026,A3,Regular_Season_Group_Bianco,2nd,6,1101,31/1/2026 ,18:30 ,331 ,€ 809 ,O,Sav Trebaseleghe ,Trebaseleghe,0,3,8,5,14,16,19,21,22,25,5,8,10,16,15,21,19,25,7,8,10,16,11,21,14,25,-,-,-,-,-,-,-,-,-,-,-,-,-,-,-,-,45,16,2,56,4,2,66,9,0.45,0.17,76,8,7,36,0.47,-,7,,,,,
2025/2026,A3,Regular_Season_Group_Bianco,2nd,7,1103,8/2/2026 ,16:00 ,270 ,€ 839 ,C,Gabbiano FarmaMed Mantova ,Mantova Top Team,2,3,8,6,15,16,20,21,25,21,6,8,11,16,15,21,17,25,8,5,16,14,21,18,25,20,6,8,16,14,18,21,20,25,5,4,0,0,0,0,12,15,80,29,11,99,29,5,93,11,0.47,0.3,127,9,6,58,0.46,-,17,,,,,
2025/2026,A3,Regular_Season_Group_Bianco,2nd,7,1103,8/2/2026 ,16:00 ,270 ,€ 839 ,O,Conad Reggio Emilia ,Reggio Emilia,3,2,6,8,16,15,21,20,21,25,8,6,16,11,21,15,25,17,5,8,14,16,18,21,20,25,8,6,14,16,21,18,25,20,4,5,0,0,0,0,15,12,67,31,9,105,12,11,70,5,0.49,0.2,125,6,17,50,0.4,-,6,,,,,
2025/2026,A3,Regular_Season_Group_Bianco,2nd,7,1104,8/2/2026 ,18:00 ,523 ,€ 1.451 ,C,Stadium Mirandola ,Mirandola,3,0,8,4,16,10,21,15,25,19,7,8,16,15,21,20,25,23,6,8,15,16,21,18,25,23,-,-,-,-,-,-,-,-,-,-,-,-,-,-,-,-,58,18,20,73,10,3,59,-,0.54,0.39,95,7,5,52,0.55,-,3,,,,,
2025/2026,A3,Regular_Season_Group_Bianco,2nd,7,1104,8/2/2026 ,18:00 ,523 ,€ 1.451 ,O,Negrini CTE Acqui Terme ,Acqui Terme,0,3,4,8,10,16,15,21,19,25,8,7,15,16,20,21,23,25,8,6,16,15,18,21,23,25,-,-,-,-,-,-,-,-,-,-,-,-,-,-,-,-,48,10,5,67,8,-,63,5,0.57,0.33,94,7,3,43,0.46,-,5,,,,,
2025/2026,A3,Regular_Season_Group_Bianco,2nd,7,1105,8/2/2026 ,18:00 ,545 ,€ 1.101 ,C,ErmGroup Altotevere San Giustino ,San Giustino Pallavolo,2,3,8,5,14,16,19,21,23,25,7,8,16,13,21,15,25,21,8,5,16,8,21,15,25,18,4,8,13,16,18,21,19,25,3,5,0,0,0,0,15,17,88,31,33,107,17,6,93,5,0.6,0.31,142,5,5,70,0.49,-,12,,,,,
2025/2026,A3,Regular_Season_Group_Bianco,2nd,7,1105,8/2/2026 ,18:00 ,545 ,€ 1.101 ,O,Monge Gerbaudo Savigliano ,Savigliano ,3,2,5,8,16,14,21,19,25,23,8,7,13,16,15,21,21,25,5,8,8,16,15,21,18,25,8,4,16,13,21,18,25,19,5,3,0,0,0,0,17,15,82,31,26,106,13,2,90,6,0.5,0.22,151,5,12,75,0.5,-,5,,,,,
2025/2026,A3,Regular_Season_Group_Bianco,2nd,7,1106,8/2/2026 ,16:00 ,519 ,€ 1.956 ,C,Belluno Volley ,Belluno,3,0,8,5,16,11,21,14,25,18,6,8,16,15,21,19,25,22,8,7,16,13,21,17,25,22,-,-,-,-,-,-,-,-,-,-,-,-,-,-,-,-,55,25,19,74,9,3,47,2,0.62,0.32,87,8,6,42,0.48,-,10,,,,,
2025/2026,A3,Regular_Season_Group_Bianco,2nd,7,1106,8/2/2026 ,16:00 ,519 ,€ 1.956 ,O,CUS Cagliari ,Cagliari Cus,0,3,5,8,11,16,14,21,18,25,8,6,15,16,19,21,22,25,7,8,13,16,17,21,22,25,-,-,-,-,-,-,-,-,-,-,-,-,-,-,-,-,44,13,-9,63,16,1,65,6,0.51,0.15,86,4,10,37,0.43,-,6,,,,,
2025/2026,A3,Regular_Season_Group_Bianco,2nd,7,1107,7/2/2026 ,16:00 ,297 ,€ 731 ,C,Sarlux Sarroch ,Sarroch,3,1,4,8,16,11,21,17,25,21,7,8,16,10,21,14,25,16,7,8,13,16,16,21,19,25,6,8,16,11,21,14,25,20,-,-,-,-,-,-,-,-,74,27,19,93,13,1,74,-,0.54,0.3,116,8,10,58,0.5,-,15,,,,,
2025/2026,A3,Regular_Season_Group_Bianco,2nd,7,1107,7/2/2026 ,16:00 ,297 ,€ 731 ,O,Sav Trebaseleghe ,Trebaseleghe,1,3,8,4,11,16,17,21,21,25,8,7,10,16,14,21,16,25,8,7,16,13,21,16,25,19,8,6,11,16,14,21,20,25,-,-,-,-,-,-,-,-,59,18,1,83,9,-,80,2,0.46,0.24,124,8,15,49,0.4,-,10,,,,,
2025/2026,A3,Regular_Season_Group_Bianco,2nd,8,1109,15/2/2026 ,18:00 ,436 ,€ 719 ,C,Conad Reggio Emilia ,Reggio Emilia,3,1,8,6,16,8,21,14,25,17,8,7,16,14,18,21,21,25,8,7,16,12,21,15,25,18,8,5,16,9,21,13,25,17,-,-,-,-,-,-,-,-,66,27,20,95,12,3,59,4,0.63,0.24,108,9,5,58,0.54,-,5,,,,,
2025/2026,A3,Regular_Season_Group_Bianco,2nd,8,1109,15/2/2026 ,18:00 ,436 ,€ 719 ,O,Personal Time San Donà di Piave ,San Donà di Piave,1,3,6,8,8,16,14,21,17,25,7,8,14,16,21,18,25,21,7,8,12,16,15,21,18,25,5,8,9,16,13,21,17,25,-,-,-,-,-,-,-,-,55,13,10,77,18,2,83,3,0.49,0.24,114,9,5,48,0.42,-,5,,,,,
2025/2026,A3,Regular_Season_Group_Bianco,2nd,8,1110,15/2/2026 ,18:00 ,519 ,€ 1.956 ,C,Belluno Volley ,Belluno,3,0,8,6,14,16,20,21,30,28,8,5,16,8,21,12,25,16,8,5,16,12,21,16,25,20,-,-,-,-,-,-,-,-,-,-,-,-,-,-,-,-,55,21,17,79,11,5,47,2,0.51,0.32,77,5,4,39,0.51,-,11,,,,,
2025/2026,A3,Regular_Season_Group_Bianco,2nd,8,1110,15/2/2026 ,18:00 ,519 ,€ 1.956 ,O,Negrini CTE Acqui Terme ,Acqui Terme,0,3,6,8,16,14,21,20,28,30,5,8,8,16,12,21,16,25,5,8,12,16,16,21,20,25,-,-,-,-,-,-,-,-,-,-,-,-,-,-,-,-,46,10,-12,65,18,2,68,5,0.4,0.25,96,6,11,40,0.42,-,4,,,,,
2025/2026,A3,Regular_Season_Group_Bianco,2nd,8,1111,14/2/2026 ,18:00 ,254 ,€ 345 ,C,Sav Trebaseleghe ,Trebaseleghe,0,3,8,4,16,15,21,19,25,27,6,8,9,16,15,21,19,25,6,8,16,14,21,18,24,26,-,-,-,-,-,-,-,-,-,-,-,-,-,-,-,-,47,17,8,70,9,3,62,2,0.48,0.21,93,5,9,39,0.42,-,5,,,,,
2025/2026,A3,Regular_Season_Group_Bianco,2nd,8,1111,14/2/2026 ,18:00 ,254 ,€ 345 ,O,ErmGroup Altotevere San Giustino ,San Giustino Pallavolo,3,0,4,8,15,16,19,21,27,25,8,6,16,9,21,15,25,19,8,6,14,16,18,21,26,24,-,-,-,-,-,-,-,-,-,-,-,-,-,-,-,-,63,24,21,76,14,1,61,4,0.56,0.34,102,6,5,53,0.52,-,9,,,,,
2025/2026,A3,Regular_Season_Group_Bianco,2nd,8,1112,14/2/2026 ,18:30 ,301 ,€ 624 ,C,Monge Gerbaudo Savigliano ,Savigliano ,2,3,8,7,16,15,19,21,25,23,6,8,16,13,21,18,24,26,8,5,14,16,17,21,20,25,8,5,16,9,21,13,25,18,5,3,0,0,0,0,12,15,74,22,1,106,17,4,87,5,0.57,0.39,125,8,14,59,0.47,-,11,,,,,
2025/2026,A3,Regular_Season_Group_Bianco,2nd,8,1112,14/2/2026 ,18:30 ,301 ,€ 624 ,O,Sarlux Sarroch ,Sarroch,3,2,7,8,15,16,21,19,23,25,8,6,13,16,18,21,26,24,5,8,16,14,21,17,25,20,5,8,9,16,13,21,18,25,3,5,0,0,0,0,15,12,81,25,16,107,20,5,89,4,0.56,0.3,116,9,11,62,0.53,-,14,,,,,
2025/2026,A3,Regular_Season_Group_Bianco,2nd,8,1113,14/2/2026 ,20:00 ,293 ,€ 249 ,C,CUS Cagliari ,Cagliari Cus,3,0,8,5,16,10,21,15,25,19,8,4,16,11,21,15,25,20,8,5,16,12,20,21,27,25,-,-,-,-,-,-,-,-,-,-,-,-,-,-,-,-,59,20,21,76,6,5,54,1,0.56,0.3,88,6,6,45,0.51,-,9,,,,,
2025/2026,A3,Regular_Season_Group_Bianco,2nd,8,1113,14/2/2026 ,20:00 ,293 ,€ 249 ,O,Stadium Mirandola ,Mirandola,0,3,5,8,10,16,15,21,19,25,4,8,11,16,15,21,20,25,5,8,12,16,21,20,25,27,-,-,-,-,-,-,-,-,-,-,-,-,-,-,-,-,52,11,13,65,11,1,70,5,0.39,0.24,93,4,9,45,0.48,-,6,,,,,
2025/2026,A3,Regular_Season_Group_Bianco,2nd,9,1115,21/2/2026 ,16:00 ,315 ,€ 786 ,C,Sarlux Sarroch ,Sarroch,3,0,8,4,16,10,21,16,25,19,8,6,16,12,21,15,25,17,8,7,16,15,21,17,25,19,-,-,-,-,-,-,-,-,-,-,-,-,-,-,-,-,56,24,22,74,11,6,46,2,0.43,0.3,68,-,7,43,0.63,-,7,,,,,
2025/2026,A3,Regular_Season_Group_Bianco,2nd,9,1115,21/2/2026 ,16:00 ,315 ,€ 786 ,O,Belluno Volley ,Belluno,0,3,4,8,10,16,16,21,19,25,6,8,12,16,15,21,17,25,7,8,15,16,17,21,19,25,-,-,-,-,-,-,-,-,-,-,-,-,-,-,-,-,42,11,-7,56,10,2,63,9,0.46,0.32,75,6,7,33,0.44,-,7,,,,,
2025/2026,A3,Regular_Season_Group_Bianco,2nd,9,1116,22/2/2026 ,18:00 ,623 ,€ 1.461 ,C,ErmGroup Altotevere San Giustino ,San Giustino Pallavolo,3,2,8,6,13,16,14,21,21,25,2,8,10,16,18,21,23,25,6,8,15,16,20,21,29,27,8,6,16,12,21,14,25,18,5,4,0,0,0,0,22,20,87,34,16,119,24,3,96,4,0.41,0.21,156,10,13,72,0.46,-,12,,,,,
2025/2026,A3,Regular_Season_Group_Bianco,2nd,9,1116,22/2/2026 ,18:00 ,623 ,€ 1.461 ,O,Gabbiano FarmaMed Mantova ,Mantova Top Team,2,3,6,8,16,13,21,14,25,21,8,2,16,10,21,18,25,23,8,6,16,15,21,20,27,29,6,8,12,16,14,21,18,25,4,5,0,0,0,0,20,22,75,25,6,116,21,4,95,4,0.55,0.24,152,10,12,58,0.38,-,13,,,,,
2025/2026,A3,Regular_Season_Group_Bianco,2nd,9,1117,22/2/2026 ,18:00 ,523 ,€ 1.451 ,C,Stadium Mirandola ,Mirandola,2,3,8,7,16,14,18,21,21,25,2,8,8,16,10,21,12,25,8,3,16,11,21,15,25,16,7,8,15,16,21,20,25,23,1,5,0,0,0,0,11,15,75,26,2,94,19,6,94,7,0.51,0.27,136,9,14,62,0.46,-,7,,,,,
2025/2026,A3,Regular_Season_Group_Bianco,2nd,9,1117,22/2/2026 ,18:00 ,523 ,€ 1.451 ,O,Monge Gerbaudo Savigliano ,Savigliano ,3,2,7,8,14,16,21,18,25,21,8,2,16,8,21,10,25,12,3,8,11,16,15,21,16,25,8,7,16,15,20,21,23,25,5,1,0,0,0,0,15,11,74,33,15,104,10,7,75,7,0.52,0.36,122,6,7,53,0.43,-,14,,,,,
2025/2026,A3,Regular_Season_Group_Bianco,2nd,9,1118,21/2/2026 ,20:30 ,376 ,€ 395 ,C,Personal Time San Donà di Piave ,San Donà di Piave,3,0,8,5,16,11,21,13,25,14,8,6,16,14,21,20,25,22,8,5,16,10,21,18,25,21,-,-,-,-,-,-,-,-,-,-,-,-,-,-,-,-,58,31,21,74,13,4,48,1,0.5,0.23,93,5,6,41,0.44,-,13,,,,,
2025/2026,A3,Regular_Season_Group_Bianco,2nd,9,1118,21/2/2026 ,20:30 ,376 ,€ 395 ,O,CUS Cagliari ,Cagliari Cus,0,3,5,8,11,16,13,21,14,25,6,8,14,16,20,21,22,25,5,8,10,16,18,21,21,25,-,-,-,-,-,-,-,-,-,-,-,-,-,-,-,-,39,14,-8,58,10,1,61,5,0.28,0.1,88,7,13,32,0.36,-,6,,,,,
2025/2026,A3,Regular_Season_Group_Bianco,2nd,9,1119,22/2/2026 ,18:00 ,230 ,€ 255 ,C,Negrini CTE Acqui Terme ,Acqui Terme,3,0,5,8,12,16,14,21,30,28,8,4,16,6,21,10,25,11,8,6,15,16,21,19,25,21,-,-,-,-,-,-,-,-,-,-,-,-,-,-,-,-,56,25,17,78,11,5,50,4,0.42,0.2,95,6,6,43,0.45,-,8,,,,,
2025/2026,A3,Regular_Season_Group_Bianco,2nd,9,1119,22/2/2026 ,18:00 ,230 ,€ 255 ,O,Sav Trebaseleghe ,Trebaseleghe,0,3,8,5,16,12,21,14,28,30,4,8,6,16,10,21,11,25,6,8,16,15,19,21,21,25,-,-,-,-,-,-,-,-,-,-,-,-,-,-,-,-,40,14,-12,62,12,4,67,7,0.46,0.18,97,9,8,30,0.31,-,6,,,,,
2025/2026,A3,Regular_Season_Group_Bianco,2nd,10,1121,1/3/2026 ,18:00 ,488 ,€ 837 ,C,Conad Reggio Emilia ,Reggio Emilia,3,2,7,8,14,16,20,21,22,25,7,8,16,12,21,18,25,20,8,7,14,16,18,21,20,25,8,1,16,6,21,8,25,12,2,5,0,0,0,0,23,21,83,30,35,115,16,3,82,3,0.52,0.26,138,4,9,68,0.49,-,12,,,,,
2025/2026,A3,Regular_Season_Group_Bianco,2nd,10,1121,1/3/2026 ,18:00 ,488 ,€ 837 ,O,Negrini CTE Acqui Terme ,Acqui Terme,2,3,8,7,16,14,21,20,25,22,8,7,12,16,18,21,20,25,7,8,16,14,21,18,25,20,1,8,6,16,8,21,12,25,5,2,0,0,0,0,21,23,81,22,15,103,21,3,99,3,0.52,0.28,152,9,12,69,0.45,-,9,,,,,
2025/2026,A3,Regular_Season_Group_Bianco,2nd,10,1122,1/3/2026 ,19:00 ,383 ,€ 406 ,C,Personal Time San Donà di Piave ,San Donà di Piave,2,3,8,7,13,16,14,21,16,25,8,4,16,11,21,15,25,19,8,6,16,11,21,15,25,20,8,6,15,16,21,20,23,25,4,5,0,0,0,0,13,15,69,27,9,103,18,10,83,10,0.36,0.17,107,8,8,51,0.48,-,8,,,,,
2025/2026,A3,Regular_Season_Group_Bianco,2nd,10,1122,1/3/2026 ,19:00 ,383 ,€ 406 ,O,ErmGroup Altotevere San Giustino ,San Giustino Pallavolo,3,2,7,8,16,13,21,14,25,16,4,8,11,16,15,21,19,25,6,8,11,16,15,21,20,25,6,8,16,15,20,21,25,23,5,4,0,0,0,0,15,13,76,28,8,104,21,8,85,11,0.42,0.19,111,11,8,60,0.54,-,8,,,,,
2025/2026,A3,Regular_Season_Group_Bianco,2nd,10,1123,1/3/2026 ,16:00 ,250 ,€ 474 ,C,Gabbiano FarmaMed Mantova ,Mantova Top Team,3,0,8,6,16,11,21,18,25,22,8,7,16,15,21,16,25,17,8,7,16,13,21,18,25,21,-,-,-,-,-,-,-,-,-,-,-,-,-,-,-,-,53,21,15,73,13,4,49,2,0.55,0.37,82,5,3,42,0.51,-,7,,,,,
2025/2026,A3,Regular_Season_Group_Bianco,2nd,10,1123,1/3/2026 ,16:00 ,250 ,€ 474 ,O,Sarlux Sarroch ,Sarroch,0,3,6,8,11,16,18,21,22,25,7,8,15,16,16,21,17,25,7,8,13,16,18,21,21,25,-,-,-,-,-,-,-,-,-,-,-,-,-,-,-,-,39,9,-8,62,13,2,60,5,0.47,0.27,84,7,7,34,0.4,-,3,,,,,
2025/2026,A3,Regular_Season_Group_Bianco,2nd,10,1124,28/2/2026 ,17:00 ,323 ,€ 309 ,C,CUS Cagliari ,Cagliari Cus,3,0,7,8,16,15,21,20,25,23,8,6,16,12,21,15,25,16,8,7,16,13,21,19,25,20,-,-,-,-,-,-,-,-,-,-,-,-,-,-,-,-,57,21,18,73,14,3,52,2,0.52,0.08,96,3,5,50,0.52,-,4,,,,,
2025/2026,A3,Regular_Season_Group_Bianco,2nd,10,1124,28/2/2026 ,17:00 ,323 ,€ 309 ,O,Monge Gerbaudo Savigliano ,Savigliano ,0,3,8,7,15,16,20,21,23,25,6,8,12,16,15,21,16,25,7,8,13,16,19,21,20,25,-,-,-,-,-,-,-,-,-,-,-,-,-,-,-,-,42,12,-1,61,9,2,59,3,0.54,0.15,89,6,4,35,0.39,-,5,,,,,
2025/2026,A3,Regular_Season_Group_Bianco,2nd,10,1125,1/3/2026 ,18:00 ,530 ,€ 1.993 ,C,Belluno Volley ,Belluno,3,0,7,8,16,13,21,17,25,20,8,5,16,9,21,14,25,18,8,4,16,10,21,17,25,21,-,-,-,-,-,-,-,-,-,-,-,-,-,-,-,-,55,26,16,74,16,1,45,1,0.6,0.31,78,2,7,43,0.55,-,11,,,,,
2025/2026,A3,Regular_Season_Group_Bianco,2nd,10,1125,1/3/2026 ,18:00 ,530 ,€ 1.993 ,O,Stadium Mirandola ,Mirandola,0,3,8,7,13,16,17,21,20,25,5,8,9,16,14,21,18,25,4,8,10,16,17,21,21,25,-,-,-,-,-,-,-,-,-,-,-,-,-,-,-,-,40,12,-13,60,15,1,58,2,0.38,0.22,80,5,11,32,0.4,-,7,,,,,
2025/2026,A3,Regular_Season_Group_Bianco,2nd,11,1127,15/3/2026 ,18:00 ,527 ,€ 1.479 ,C,Stadium Mirandola ,Mirandola,0,3,8,7,16,15,21,20,22,25,8,6,13,16,15,21,18,25,2,8,6,16,10,21,15,25,-,-,-,-,-,-,-,-,-,-,-,-,-,-,-,-,43,13,-,56,7,2,64,4,0.52,0.31,90,9,9,37,0.41,-,4,,,,,
2025/2026,A3,Regular_Season_Group_Bianco,2nd,11,1127,15/3/2026 ,18:00 ,527 ,€ 1.479 ,O,Conad Reggio Emilia ,Reggio Emilia,3,0,7,8,15,16,20,21,25,22,6,8,16,13,21,15,25,18,8,2,16,6,21,10,25,15,-,-,-,-,-,-,-,-,-,-,-,-,-,-,-,-,56,25,25,74,10,4,49,2,0.53,0.41,85,2,4,43,0.51,-,9,,,,,
2025/2026,A3,Regular_Season_Group_Bianco,2nd,11,1128,15/3/2026 ,18:00 ,269 ,€ 511 ,C,Negrini CTE Acqui Terme ,Acqui Terme,3,1,7,8,15,16,21,20,25,21,6,8,12,16,17,21,17,25,7,8,16,12,21,16,25,21,8,5,16,9,21,11,25,14,-,-,-,-,-,-,-,-,59,25,6,91,19,4,65,4,0.42,0.18,102,11,6,43,0.42,-,12,,,,,
2025/2026,A3,Regular_Season_Group_Bianco,2nd,11,1128,15/3/2026 ,18:00 ,269 ,€ 511 ,O,Personal Time San Donà di Piave ,San Donà di Piave,1,3,8,7,16,15,20,21,21,25,8,6,16,12,21,17,25,17,8,7,12,16,16,21,21,25,5,8,9,16,11,21,14,25,-,-,-,-,-,-,-,-,45,17,-17,80,15,4,72,5,0.31,0.18,98,14,12,35,0.36,-,6,,,,,
2025/2026,A3,Regular_Season_Group_Bianco,2nd,11,1129,15/3/2026 ,18:00 ,301 ,€ 624 ,C,Monge Gerbaudo Savigliano ,Savigliano ,1,3,7,8,16,15,21,18,28,26,7,8,16,14,19,21,23,25,8,6,15,16,21,20,23,25,8,5,13,16,18,21,22,25,-,-,-,-,-,-,-,-,62,27,-,97,16,10,74,18,0.39,0.18,82,5,8,43,0.52,-,9,,,,,
2025/2026,A3,Regular_Season_Group_Bianco,2nd,11,1129,15/3/2026 ,18:00 ,301 ,€ 624 ,O,Belluno Volley ,Belluno,3,1,8,7,15,16,18,21,26,28,8,7,14,16,21,19,25,23,6,8,16,15,20,21,25,23,5,8,16,13,21,18,25,22,-,-,-,-,-,-,-,-,79,33,10,100,26,15,81,11,0.47,0.2,116,7,9,56,0.48,-,8,,,,,
2025/2026,A3,Regular_Season_Group_Bianco,2nd,11,1130,15/3/2026 ,18:00 ,348 ,€ 752 ,C,Sav Trebaseleghe ,Trebaseleghe,3,1,8,3,16,10,21,15,25,19,5,8,14,16,18,21,23,25,8,5,16,13,21,17,25,20,8,6,16,13,21,15,25,19,-,-,-,-,-,-,-,-,73,28,28,97,12,6,69,5,0.58,0.25,120,5,7,60,0.5,-,7,,,,,
2025/2026,A3,Regular_Season_Group_Bianco,2nd,11,1130,15/3/2026 ,18:00 ,348 ,€ 752 ,O,Gabbiano FarmaMed Mantova ,Mantova Top Team,1,3,3,8,10,16,15,21,19,25,8,5,16,14,21,18,25,23,5,8,13,16,17,21,20,25,6,8,13,16,15,21,19,25,-,-,-,-,-,-,-,-,66,20,3,84,15,5,85,8,0.39,0.14,124,9,7,54,0.44,-,7,,,,,
2025/2026,A3,Regular_Season_Group_Bianco,2nd,11,1131,15/3/2026 ,18:00 ,452 ,€ 1.796 ,C,Sarlux Sarroch ,Sarroch,3,1,8,4,16,8,21,15,25,19,8,4,16,10,21,13,25,18,8,4,16,14,21,20,28,30,6,8,16,14,21,17,25,20,-,-,-,-,-,-,-,-,74,25,16,102,24,9,68,3,0.57,0.34,111,6,9,57,0.51,-,8,,,,,
2025/2026,A3,Regular_Season_Group_Bianco,2nd,11,1131,15/3/2026 ,18:00 ,452 ,€ 1.796 ,O,CUS Cagliari ,Cagliari Cus,1,3,4,8,8,16,15,21,19,25,4,8,10,16,13,21,18,25,4,8,14,16,20,21,30,28,8,6,14,16,17,21,20,25,-,-,-,-,-,-,-,-,55,12,-10,88,20,3,78,10,0.42,0.24,98,7,8,43,0.44,-,9,,,,,
2025/2026,A3,Regular_Season_Group_Blu,1st,1,1201,26/10/2025 ,18:00 ,1.252 ,€ 4.844 ,C,JV Gioia Del Colle ,Gioia Del Colle ,3,2,8,6,13,16,18,21,23,25,7,8,15,16,18,21,21,25,8,6,16,15,21,18,25,22,8,4,16,11,21,16,25,21,5,2,0,0,0,0,15,11,76,27,7,108,18,5,86,4,0.56,0.37,148,8,11,62,0.42,-,9,,,,,
2025/2026,A3,Regular_Season_Group_Blu,1st,1,1201,26/10/2025 ,18:00 ,1.252 ,€ 4.844 ,O,Gaia Energy Napoli ,Napoli,2,3,6,8,16,13,21,18,25,23,8,7,16,15,21,18,25,21,6,8,15,16,18,21,22,25,4,8,11,16,16,21,21,25,2,5,0,0,0,0,11,15,78,23,17,105,19,4,90,5,0.53,0.36,143,13,9,63,0.44,-,11,,,,,
2025/2026,A3,Regular_Season_Group_Blu,1st,1,1202,26/10/2025 ,18:00 ,427 ,€ 1.572 ,C,Viridex Sabaudia ,Sabaudia,3,2,7,8,12,16,18,21,22,25,6,8,16,15,21,19,25,22,5,8,14,16,19,21,22,25,8,5,16,13,21,17,25,19,5,1,0,0,0,0,19,17,86,29,13,113,26,4,91,4,0.63,0.37,136,7,16,75,0.55,-,7,,,,,
2025/2026,A3,Regular_Season_Group_Blu,1st,1,1202,26/10/2025 ,18:00 ,427 ,€ 1.572 ,O,Terni Volley Academy ,Terni Volley Academy,2,3,8,7,16,12,21,18,25,22,8,6,15,16,19,21,22,25,8,5,16,14,21,19,25,22,5,8,13,16,17,21,19,25,1,5,0,0,0,0,17,19,75,28,9,108,17,4,87,6,0.41,0.21,127,9,7,55,0.43,-,16,,,,,
2025/2026,A3,Regular_Season_Group_Blu,1st,1,1203,26/10/2025 ,18:00 ,507 ,€ 961 ,C,BCC Tecbus Castellana Grotte ,Castellana Grotte New Mater,3,0,6,8,14,16,21,20,25,22,8,6,16,12,21,19,25,22,5,8,14,16,19,21,25,23,-,-,-,-,-,-,-,-,-,-,-,-,-,-,-,-,54,20,6,73,18,7,58,4,0.52,0.14,97,11,6,39,0.4,-,8,,,,,
2025/2026,A3,Regular_Season_Group_Blu,1st,1,1203,26/10/2025 ,18:00 ,507 ,€ 961 ,O,Aurispa DFV Lecce ,Alessano Lecce,0,3,8,6,16,14,20,21,22,25,6,8,12,16,19,21,22,25,8,5,16,14,21,19,23,25,-,-,-,-,-,-,-,-,-,-,-,-,-,-,-,-,38,13,-20,68,10,1,55,9,0.55,0.29,77,10,8,31,0.4,-,6,,,,,
2025/2026,A3,Regular_Season_Group_Blu,1st,1,1204,25/10/2025 ,17:00 ,204 ,€ 163 ,C,EnergyTime Campobasso ,Campobasso,3,2,8,6,13,16,18,21,22,25,3,8,14,16,20,21,24,26,8,7,15,16,21,18,25,19,8,7,16,12,21,17,25,18,4,5,0,0,0,0,15,10,88,34,30,111,20,9,87,2,0.7,0.26,141,6,13,68,0.48,-,11,,,,,
2025/2026,A3,Regular_Season_Group_Blu,1st,1,1204,25/10/2025 ,17:00 ,204 ,€ 163 ,O,Avimecc Modica ,Modica,2,3,6,8,16,13,21,18,25,22,8,3,16,14,21,20,26,24,7,8,16,15,18,21,19,25,7,8,12,16,17,21,18,25,5,4,0,0,0,0,10,15,70,21,-4,98,11,2,91,10,0.52,0.25,123,11,11,55,0.45,-,13,,,,,
2025/2026,A3,Regular_Season_Group_Blu,1st,1,1205,26/10/2025 ,18:00 ,309 ,€ 845 ,C,Green Volley Galatone ,Galatone,0,3,8,7,16,15,20,21,22,25,2,8,7,16,14,21,17,25,5,8,10,16,12,21,16,25,-,-,-,-,-,-,-,-,-,-,-,-,-,-,-,-,37,11,-13,57,18,2,61,8,0.36,0.21,70,4,9,29,0.41,-,6,,,,,
2025/2026,A3,Regular_Season_Group_Blu,1st,1,1205,26/10/2025 ,18:00 ,309 ,€ 845 ,O,Domotek Reggio Calabria ,Reggio Calabria,3,0,7,8,15,16,21,20,25,22,8,2,16,7,21,14,25,17,8,5,16,10,21,12,25,16,-,-,-,-,-,-,-,-,-,-,-,-,-,-,-,-,52,28,22,73,12,4,39,2,0.62,0.21,73,5,6,39,0.53,-,9,,,,,
2025/2026,A3,Regular_Season_Group_Blu,1st,2,1206,2/11/2025 ,18:00 ,962 ,€ 2.841 ,C,Domotek Reggio Calabria ,Reggio Calabria,2,3,6,8,12,16,16,21,21,25,8,5,16,9,21,13,25,15,8,5,15,16,17,21,19,25,8,7,16,13,21,20,25,23,1,5,0,0,0,0,10,15,67,19,-1,101,18,3,84,7,0.7,0.43,104,9,7,53,0.51,-,11,,,,,
2025/2026,A3,Regular_Season_Group_Blu,1st,2,1206,2/11/2025 ,18:00 ,962 ,€ 2.841 ,O,BCC Tecbus Castellana Grotte ,Castellana Grotte New Mater,3,2,8,6,16,12,21,16,25,21,5,8,9,16,13,21,15,25,5,8,16,15,21,17,25,19,7,8,13,16,20,21,23,25,5,1,0,0,0,0,15,10,75,26,13,102,18,7,83,3,0.6,0.35,112,12,11,61,0.54,-,7,,,,,
2025/2026,A3,Regular_Season_Group_Blu,1st,2,1207,2/11/2025 ,18:00 ,343 ,€ 1.081 ,C,Avimecc Modica ,Modica,3,1,6,8,16,12,21,16,25,21,8,5,16,14,21,17,25,18,8,7,14,16,17,21,20,25,8,6,14,16,18,21,25,23,-,-,-,-,-,-,-,-,68,27,10,94,5,5,68,6,0.51,0.29,115,10,10,48,0.42,-,15,,,,,
2025/2026,A3,Regular_Season_Group_Blu,1st,2,1207,2/11/2025 ,18:00 ,343 ,€ 1.081 ,O,Green Volley Galatone ,Galatone,1,3,8,6,12,16,16,21,21,25,5,8,14,16,17,21,18,25,7,8,16,14,21,17,25,20,6,8,16,14,21,18,23,25,-,-,-,-,-,-,-,-,70,20,-,88,20,6,89,5,0.4,0.18,123,7,15,54,0.44,-,10,,,,,
2025/2026,A3,Regular_Season_Group_Blu,1st,2,1208,2/11/2025 ,18:00 ,401 ,€ 1.649 ,C,Aurispa DFV Lecce ,Alessano Lecce,3,0,8,6,16,12,21,17,25,20,6,8,16,14,20,21,25,22,7,8,15,16,21,17,25,17,-,-,-,-,-,-,-,-,-,-,-,-,-,-,-,-,56,24,13,73,18,9,53,2,0.64,0.32,84,3,8,37,0.44,-,10,,,,,
2025/2026,A3,Regular_Season_Group_Blu,1st,2,1208,2/11/2025 ,18:00 ,401 ,€ 1.649 ,O,JV Gioia Del Colle ,Gioia Del Colle ,0,3,6,8,12,16,17,21,20,25,8,6,14,16,21,20,22,25,8,7,16,15,17,21,17,25,-,-,-,-,-,-,-,-,-,-,-,-,-,-,-,-,38,15,-11,61,8,2,55,9,0.44,0.18,93,10,10,28,0.3,-,8,,,,,
2025/2026,A3,Regular_Season_Group_Blu,1st,2,1209,2/11/2025 ,18:00 ,379 ,€ 687 ,C,Gaia Energy Napoli ,Napoli,0,3,6,8,10,16,18,21,20,25,6,8,15,16,19,21,23,25,5,8,12,16,17,21,21,25,-,-,-,-,-,-,-,-,-,-,-,-,-,-,-,-,43,11,-6,65,9,2,59,5,0.51,0.31,77,11,6,37,0.48,-,4,,,,,
2025/2026,A3,Regular_Season_Group_Blu,1st,2,1209,2/11/2025 ,18:00 ,379 ,€ 687 ,O,Viridex Sabaudia ,Sabaudia,3,0,8,6,16,10,21,18,25,20,8,6,16,15,21,19,25,23,8,5,16,12,21,17,25,21,-,-,-,-,-,-,-,-,-,-,-,-,-,-,-,-,54,15,17,74,15,5,56,4,0.52,0.25,84,6,4,43,0.51,-,6,,,,,
2025/2026,A3,Regular_Season_Group_Blu,1st,2,1210,1/11/2025 ,18:00 ,1.272 ,€ 9.587 ,C,Terni Volley Academy ,Terni Volley Academy,1,3,7,8,13,16,19,21,23,25,8,4,16,12,21,18,29,27,4,8,10,16,13,21,18,25,3,8,11,16,16,21,17,25,-,-,-,-,-,-,-,-,64,22,-,88,15,4,87,4,0.54,0.32,137,12,13,47,0.34,-,13,,,,,
2025/2026,A3,Regular_Season_Group_Blu,1st,2,1210,1/11/2025 ,18:00 ,1.272 ,€ 9.587 ,O,EnergyTime Campobasso ,Campobasso,3,1,8,7,16,13,21,19,25,23,4,8,12,16,18,21,27,29,8,4,16,10,21,13,25,18,8,3,16,11,21,16,25,17,-,-,-,-,-,-,-,-,74,33,15,101,14,4,73,4,0.52,0.23,135,7,13,57,0.42,-,13,,,,,
2025/2026,A3,Regular_Season_Group_Blu,1st,3,1211,8/11/2025 ,19:00 ,238 ,€ 435 ,C,Avimecc Modica ,Modica,0,3,8,7,15,16,19,21,22,25,8,7,12,16,18,21,23,25,7,8,13,16,20,21,27,29,-,-,-,-,-,-,-,-,-,-,-,-,-,-,-,-,53,13,12,74,10,5,66,-,0.67,0.42,98,11,5,41,0.42,-,7,,,,,
2025/2026,A3,Regular_Season_Group_Blu,1st,3,1211,8/11/2025 ,19:00 ,238 ,€ 435 ,O,Domotek Reggio Calabria ,Reggio Calabria,3,0,7,8,16,15,21,19,25,22,7,8,16,12,21,18,25,23,8,7,16,13,21,20,29,27,-,-,-,-,-,-,-,-,-,-,-,-,-,-,-,-,57,12,12,77,11,-,64,5,0.5,0.28,98,8,7,52,0.53,-,5,,,,,
2025/2026,A3,Regular_Season_Group_Blu,1st,3,1212,9/11/2025 ,18:00 ,277 ,€ 347 ,C,Viridex Sabaudia ,Sabaudia,1,3,6,8,16,15,19,21,28,30,8,3,16,10,21,14,25,19,8,7,12,16,18,21,20,25,6,8,11,16,15,21,21,25,-,-,-,-,-,-,-,-,61,25,-6,95,14,7,76,3,0.42,0.22,122,13,10,45,0.37,-,9,,,,,
2025/2026,A3,Regular_Season_Group_Blu,1st,3,1212,9/11/2025 ,18:00 ,277 ,€ 347 ,O,BCC Tecbus Castellana Grotte ,Castellana Grotte New Mater,3,1,8,6,15,16,21,19,30,28,3,8,10,16,14,21,19,25,7,8,16,12,21,18,25,20,8,6,16,11,21,15,25,21,-,-,-,-,-,-,-,-,71,25,4,98,22,3,81,8,0.51,0.22,118,9,9,58,0.49,-,10,,,,,
2025/2026,A3,Regular_Season_Group_Blu,1st,3,1213,8/11/2025 ,18:00 ,277 ,€ 410 ,C,EnergyTime Campobasso ,Campobasso,3,1,8,5,16,14,21,20,25,21,8,7,13,16,21,19,27,29,6,8,16,14,20,21,25,23,7,8,16,14,21,18,25,21,-,-,-,-,-,-,-,-,68,21,13,99,15,1,79,4,0.66,0.29,122,7,8,53,0.43,-,14,,,,,
2025/2026,A3,Regular_Season_Group_Blu,1st,3,1213,8/11/2025 ,18:00 ,277 ,€ 410 ,O,JV Gioia Del Colle ,Gioia Del Colle ,1,3,5,8,14,16,20,21,21,25,7,8,16,13,19,21,29,27,8,6,14,16,21,20,23,25,8,7,14,16,18,21,21,25,-,-,-,-,-,-,-,-,71,21,7,95,16,4,84,1,0.64,0.12,146,14,14,59,0.4,-,8,,,,,
2025/2026,A3,Regular_Season_Group_Blu,1st,3,1214,9/11/2025 ,19:00 ,-,-,C,Green Volley Galatone ,Galatone,3,1,8,3,16,8,21,10,25,12,5,8,11,16,17,21,20,25,8,7,14,16,16,21,27,25,8,7,16,14,21,19,25,22,-,-,-,-,-,-,-,-,67,28,12,95,18,7,67,3,0.57,0.3,110,12,13,51,0.46,-,9,,,,,
2025/2026,A3,Regular_Season_Group_Blu,1st,3,1214,9/11/2025 ,19:00 ,-,-,O,Aurispa DFV Lecce ,Alessano Lecce,1,3,3,8,8,16,10,21,12,25,8,5,16,11,21,17,25,20,7,8,16,14,21,16,25,27,7,8,14,16,19,21,22,25,-,-,-,-,-,-,-,-,52,18,-5,85,18,3,77,8,0.56,0.36,89,6,9,36,0.4,-,13,,,,,
2025/2026,A3,Regular_Season_Group_Blu,1st,3,1215,9/11/2025 ,16:00 ,925 ,€ 6.093 ,C,Terni Volley Academy ,Terni Volley Academy,3,0,8,4,16,13,21,15,25,17,8,4,16,13,21,16,25,20,8,5,16,12,21,17,25,21,-,-,-,-,-,-,-,-,-,-,-,-,-,-,-,-,55,20,26,73,9,4,51,2,0.61,0.31,97,4,1,47,0.48,-,4,,,,,
2025/2026,A3,Regular_Season_Group_Blu,1st,3,1215,9/11/2025 ,16:00 ,925 ,€ 6.093 ,O,Gaia Energy Napoli ,Napoli,0,3,4,8,13,16,15,21,17,25,4,8,13,16,16,21,20,25,5,8,12,16,17,21,21,25,-,-,-,-,-,-,-,-,-,-,-,-,-,-,-,-,42,13,-3,60,9,2,64,5,0.41,0.19,95,9,4,39,0.41,-,1,,,,,
2025/2026,A3,Regular_Season_Group_Blu,1st,4,1216,16/11/2025 ,18:00 ,957 ,€ 2.655 ,C,Domotek Reggio Calabria ,Reggio Calabria,3,0,8,7,16,14,21,16,25,20,8,6,16,13,20,21,25,23,8,7,16,12,21,18,25,21,-,-,-,-,-,-,-,-,-,-,-,-,-,-,-,-,55,21,12,74,12,4,52,1,0.77,0.56,95,9,7,46,0.48,-,5,,,,,
2025/2026,A3,Regular_Season_Group_Blu,1st,4,1216,16/11/2025 ,18:00 ,957 ,€ 2.655 ,O,EnergyTime Campobasso ,Campobasso,0,3,7,8,14,16,16,21,20,25,6,8,13,16,21,20,23,25,7,8,12,16,18,21,21,25,-,-,-,-,-,-,-,-,-,-,-,-,-,-,-,-,42,13,-2,65,13,-,62,4,0.6,0.5,83,7,5,35,0.42,-,7,,,,,
2025/2026,A3,Regular_Season_Group_Blu,1st,4,1217,16/11/2025 ,18:00 ,1.086 ,€ 4.006 ,C,JV Gioia Del Colle ,Gioia Del Colle ,2,3,8,6,16,14,21,20,29,27,3,8,16,14,20,21,23,25,8,5,10,16,16,21,23,25,8,5,16,12,21,17,25,17,1,5,0,0,0,0,13,15,83,36,2,113,14,3,92,11,0.35,0.13,148,11,13,66,0.45,-,14,,,,,
2025/2026,A3,Regular_Season_Group_Blu,1st,4,1217,16/11/2025 ,18:00 ,1.086 ,€ 4.006 ,O,Viridex Sabaudia ,Sabaudia,3,2,6,8,14,16,20,21,27,29,8,3,14,16,21,20,25,23,5,8,16,10,21,16,25,23,5,8,12,16,17,21,17,25,5,1,0,0,0,0,15,13,84,35,13,108,16,9,99,6,0.42,0.19,158,12,14,62,0.39,-,13,,,,,
2025/2026,A3,Regular_Season_Group_Blu,1st,4,1218,16/11/2025 ,19:00 ,427 ,€ 1.790 ,C,Aurispa DFV Lecce ,Alessano Lecce,3,1,7,8,15,16,19,21,23,25,6,8,11,16,20,21,26,24,8,6,16,14,21,18,25,20,5,8,16,14,21,19,25,22,-,-,-,-,-,-,-,-,78,30,13,98,13,10,81,1,0.68,0.36,117,12,9,55,0.47,-,13,,,,,
2025/2026,A3,Regular_Season_Group_Blu,1st,4,1218,16/11/2025 ,19:00 ,427 ,€ 1.790 ,O,Terni Volley Academy ,Terni Volley Academy,1,3,8,7,16,15,21,19,25,23,8,6,16,11,21,20,24,26,6,8,14,16,18,21,20,25,8,5,14,16,19,21,22,25,-,-,-,-,-,-,-,-,65,17,-,92,11,1,85,10,0.54,0.14,114,8,13,55,0.48,-,9,,,,,
2025/2026,A3,Regular_Season_Group_Blu,1st,4,1219,16/11/2025 ,17:00 ,397 ,€ 261 ,C,BCC Tecbus Castellana Grotte ,Castellana Grotte New Mater,3,1,6,8,16,13,21,19,25,22,8,7,16,13,21,15,25,17,3,8,13,16,17,21,20,25,4,8,15,16,21,19,25,23,-,-,-,-,-,-,-,-,74,30,13,94,18,5,72,4,0.76,0.43,110,7,10,57,0.52,-,12,,,,,
2025/2026,A3,Regular_Season_Group_Blu,1st,4,1219,16/11/2025 ,17:00 ,397 ,€ 261 ,O,Avimecc Modica ,Modica,1,3,8,6,13,16,19,21,22,25,7,8,13,16,15,21,17,25,8,3,16,13,21,17,25,20,8,4,16,15,19,21,23,25,-,-,-,-,-,-,-,-,62,21,4,88,16,4,76,6,0.61,0.25,110,7,12,48,0.44,-,10,,,,,
2025/2026,A3,Regular_Season_Group_Blu,1st,4,1220,16/11/2025 ,18:00 ,284 ,€ 398 ,C,Gaia Energy Napoli ,Napoli,3,0,8,4,16,11,21,15,25,18,6,8,16,15,20,21,25,23,8,5,15,16,21,20,25,23,-,-,-,-,-,-,-,-,-,-,-,-,-,-,-,-,58,20,21,73,8,7,60,3,0.53,0.2,88,5,3,47,0.53,-,4,,,,,
2025/2026,A3,Regular_Season_Group_Blu,1st,4,1220,16/11/2025 ,18:00 ,284 ,€ 398 ,O,Green Volley Galatone ,Galatone,0,3,4,8,11,16,15,21,18,25,8,6,15,16,21,20,23,25,5,8,16,15,20,21,23,25,-,-,-,-,-,-,-,-,-,-,-,-,-,-,-,-,49,14,-3,66,6,3,65,9,0.37,0.26,84,10,4,43,0.51,-,3,,,,,
2025/2026,A3,Regular_Season_Group_Blu,1st,5,1221,23/11/2025 ,16:00 ,302 ,€ 685 ,C,Avimecc Modica ,Modica,1,3,7,8,16,14,20,21,23,25,3,8,13,16,19,21,23,25,8,7,16,13,21,17,25,21,7,8,14,16,19,21,23,25,-,-,-,-,-,-,-,-,62,17,5,94,17,5,79,2,0.48,0.24,120,8,11,50,0.42,-,7,,,,,
2025/2026,A3,Regular_Season_Group_Blu,1st,5,1221,23/11/2025 ,16:00 ,302 ,€ 685 ,O,Aurispa DFV Lecce ,Alessano Lecce,3,1,8,7,14,16,21,20,25,23,8,3,16,13,21,19,25,23,7,8,13,16,17,21,21,25,8,7,16,14,21,19,25,23,-,-,-,-,-,-,-,-,66,19,-,95,16,2,77,6,0.47,0.21,121,14,7,53,0.44,-,11,,,,,
2025/2026,A3,Regular_Season_Group_Blu,1st,5,1222,22/11/2025 ,16:00 ,258 ,€ 176 ,C,Viridex Sabaudia ,Sabaudia,3,2,8,6,16,13,21,17,25,21,8,4,16,11,21,18,25,20,7,8,13,16,18,21,21,25,7,8,14,16,17,21,22,25,4,5,0,0,0,0,15,8,84,27,21,108,15,4,86,6,0.52,0.27,135,10,6,72,0.53,-,8,,,,,
2025/2026,A3,Regular_Season_Group_Blu,1st,5,1222,22/11/2025 ,16:00 ,258 ,€ 176 ,O,Domotek Reggio Calabria ,Reggio Calabria,2,3,6,8,13,16,17,21,21,25,4,8,11,16,18,21,20,25,8,7,16,13,21,18,25,21,8,7,16,14,21,17,25,22,5,4,0,0,0,0,8,15,74,20,5,99,13,4,93,6,0.54,0.27,133,10,8,64,0.48,-,6,,,,,
2025/2026,A3,Regular_Season_Group_Blu,1st,5,1223,22/11/2025 ,18:00 ,239 ,€ 290 ,C,EnergyTime Campobasso ,Campobasso,3,1,8,7,16,15,19,21,26,24,8,4,16,7,21,10,25,16,4,8,5,16,6,21,10,25,5,8,14,16,21,19,25,22,-,-,-,-,-,-,-,-,69,25,22,85,10,3,78,2,0.58,0.24,148,7,11,54,0.36,-,12,,,,,
2025/2026,A3,Regular_Season_Group_Blu,1st,5,1223,22/11/2025 ,18:00 ,239 ,€ 290 ,O,Gaia Energy Napoli ,Napoli,1,3,7,8,15,16,21,19,24,26,4,8,7,16,10,21,16,25,8,4,16,5,21,6,25,10,8,5,16,14,19,21,22,25,-,-,-,-,-,-,-,-,65,25,9,87,9,2,75,3,0.57,0.21,125,8,12,52,0.42,-,11,,,,,
2025/2026,A3,Regular_Season_Group_Blu,1st,5,1224,22/11/2025 ,20:30 ,-,-,C,Green Volley Galatone ,Galatone,3,0,8,7,15,16,17,21,26,24,8,3,16,12,21,18,25,23,8,3,16,6,21,9,25,17,-,-,-,-,-,-,-,-,-,-,-,-,-,-,-,-,61,27,18,74,12,8,57,6,0.4,0.28,103,5,7,47,0.46,-,6,,,,,
2025/2026,A3,Regular_Season_Group_Blu,1st,5,1224,22/11/2025 ,20:30 ,-,-,O,JV Gioia Del Colle ,Gioia Del Colle ,0,3,7,8,16,15,21,17,24,26,3,8,12,16,18,21,23,25,3,8,6,16,9,21,17,25,-,-,-,-,-,-,-,-,-,-,-,-,-,-,-,-,45,19,-2,66,9,2,62,8,0.45,0.34,97,6,6,36,0.37,-,7,,,,,
2025/2026,A3,Regular_Season_Group_Blu,1st,5,1225,23/11/2025 ,19:00 ,901 ,€ 5.474 ,C,Terni Volley Academy ,Terni Volley Academy,0,3,6,8,13,16,18,21,21,25,8,7,14,16,19,21,22,25,4,8,13,16,14,21,17,25,-,-,-,-,-,-,-,-,-,-,-,-,-,-,-,-,46,12,6,62,11,3,64,6,0.42,0.17,84,2,8,40,0.48,-,3,,,,,
2025/2026,A3,Regular_Season_Group_Blu,1st,5,1225,23/11/2025 ,19:00 ,901 ,€ 5.474 ,O,BCC Tecbus Castellana Grotte ,Castellana Grotte New Mater,3,0,8,6,16,13,21,18,25,21,7,8,16,14,21,19,25,22,8,4,16,13,21,14,25,17,-,-,-,-,-,-,-,-,-,-,-,-,-,-,-,-,58,25,21,73,9,5,51,3,0.45,0.2,93,5,3,45,0.48,-,8,,,,,
2025/2026,A3,Regular_Season_Group_Blu,1st,6,1226,30/11/2025 ,18:00 ,1.090 ,€ 3.181 ,C,Domotek Reggio Calabria ,Reggio Calabria,3,0,8,5,16,14,21,18,25,22,6,8,15,16,18,21,25,21,8,5,16,15,21,18,25,20,-,-,-,-,-,-,-,-,-,-,-,-,-,-,-,-,63,22,18,73,12,6,58,1,0.64,0.28,79,4,4,51,0.65,-,6,,,,,
2025/2026,A3,Regular_Season_Group_Blu,1st,6,1226,30/11/2025 ,18:00 ,1.090 ,€ 3.181 ,O,Gaia Energy Napoli ,Napoli,0,3,5,8,14,16,18,21,22,25,8,6,16,15,21,18,21,25,5,8,15,16,18,21,20,25,-,-,-,-,-,-,-,-,-,-,-,-,-,-,-,-,46,13,5,65,7,1,61,6,0.59,0.31,76,4,6,41,0.54,-,4,,,,,
2025/2026,A3,Regular_Season_Group_Blu,1st,6,1227,30/11/2025 ,16:00 ,1.069 ,€ 4.125 ,C,JV Gioia Del Colle ,Gioia Del Colle ,3,2,4,8,10,16,20,21,25,27,8,7,15,16,21,18,25,21,8,6,14,16,16,21,24,26,8,7,16,11,21,14,25,19,4,5,0,0,0,0,15,12,82,33,14,114,19,3,88,3,0.58,0.39,151,12,13,61,0.4,-,18,,,,,
2025/2026,A3,Regular_Season_Group_Blu,1st,6,1227,30/11/2025 ,16:00 ,1.069 ,€ 4.125 ,O,Terni Volley Academy ,Terni Volley Academy,2,3,8,4,16,10,21,20,27,25,7,8,16,15,18,21,21,25,6,8,16,14,21,16,26,24,7,8,11,16,14,21,19,25,5,4,0,0,0,0,12,15,74,28,-,105,17,3,95,4,0.53,0.42,151,13,18,58,0.38,-,13,,,,,
2025/2026,A3,Regular_Season_Group_Blu,1st,6,1228,29/11/2025 ,19:30 ,267 ,€ 726 ,C,Aurispa DFV Lecce ,Alessano Lecce,3,0,8,6,16,11,21,16,25,21,8,7,16,15,21,17,25,22,8,7,16,10,21,13,25,17,-,-,-,-,-,-,-,-,-,-,-,-,-,-,-,-,58,25,19,75,12,1,49,2,0.55,0.29,85,2,4,43,0.51,-,14,,,,,
2025/2026,A3,Regular_Season_Group_Blu,1st,6,1228,29/11/2025 ,19:30 ,267 ,€ 726 ,O,EnergyTime Campobasso ,Campobasso,0,3,6,8,11,16,16,21,21,25,7,8,15,16,17,21,22,25,7,8,10,16,13,21,17,25,-,-,-,-,-,-,-,-,-,-,-,-,-,-,-,-,46,12,2,60,11,2,63,1,0.6,0.3,96,4,14,40,0.42,-,4,,,,,
2025/2026,A3,Regular_Season_Group_Blu,1st,6,1229,30/11/2025 ,16:00 ,380 ,€ 892 ,C,Viridex Sabaudia ,Sabaudia,1,3,5,8,8,16,13,21,14,25,8,6,16,11,21,17,25,23,8,6,14,16,17,21,20,25,5,8,13,16,18,21,22,25,-,-,-,-,-,-,-,-,56,18,-12,83,10,3,79,6,0.53,0.28,115,9,14,45,0.39,-,8,,,,,
2025/2026,A3,Regular_Season_Group_Blu,1st,6,1229,30/11/2025 ,16:00 ,380 ,€ 892 ,O,Avimecc Modica ,Modica,3,1,8,5,16,8,21,13,25,14,6,8,11,16,17,21,23,25,6,8,16,14,21,17,25,20,8,5,16,13,21,18,25,22,-,-,-,-,-,-,-,-,74,27,26,96,17,6,73,3,0.53,0.25,106,6,8,54,0.51,-,14,,,,,
2025/2026,A3,Regular_Season_Group_Blu,1st,6,1230,30/11/2025 ,18:00 ,409 ,€ 286 ,C,BCC Tecbus Castellana Grotte ,Castellana Grotte New Mater,3,0,7,8,16,15,21,17,25,19,7,8,13,16,21,20,25,22,8,2,16,14,21,19,29,27,-,-,-,-,-,-,-,-,-,-,-,-,-,-,-,-,57,19,8,77,13,4,57,3,0.61,0.42,82,3,4,46,0.56,-,7,,,,,
2025/2026,A3,Regular_Season_Group_Blu,1st,6,1230,30/11/2025 ,18:00 ,409 ,€ 286 ,O,Green Volley Galatone ,Galatone,0,3,8,7,15,16,17,21,19,25,8,7,16,13,20,21,22,25,2,8,14,16,19,21,27,29,-,-,-,-,-,-,-,-,-,-,-,-,-,-,-,-,51,15,4,70,13,3,64,5,0.42,0.22,80,8,7,44,0.55,-,4,,,,,
2025/2026,A3,Regular_Season_Group_Blu,1st,7,1231,7/12/2025 ,18:00 ,935 ,€ 3.326 ,C,JV Gioia Del Colle ,Gioia Del Colle ,3,0,7,8,16,13,21,15,25,20,8,4,16,11,21,14,25,18,8,3,16,7,21,9,25,11,-,-,-,-,-,-,-,-,-,-,-,-,-,-,-,-,62,33,33,74,11,3,41,2,0.61,0.51,88,3,4,46,0.52,-,13,,,,,
2025/2026,A3,Regular_Season_Group_Blu,1st,7,1231,7/12/2025 ,18:00 ,935 ,€ 3.326 ,O,Avimecc Modica ,Modica,0,3,8,7,13,16,15,21,20,25,4,8,11,16,14,21,18,25,3,8,7,16,9,21,11,25,-,-,-,-,-,-,-,-,-,-,-,-,-,-,-,-,35,9,-9,50,9,2,63,4,0.52,0.4,88,3,13,29,0.33,-,4,,,,,
2025/2026,A3,Regular_Season_Group_Blu,1st,7,1232,6/12/2025 ,18:00 ,239 ,€ 277 ,C,Gaia Energy Napoli ,Napoli,2,3,8,6,15,16,21,17,25,21,7,8,16,15,19,21,22,25,8,4,16,15,21,20,25,22,6,8,10,16,13,21,16,25,5,2,0,0,0,0,15,17,76,28,19,103,16,3,96,5,0.61,0.3,152,6,15,63,0.41,-,10,,,,,
2025/2026,A3,Regular_Season_Group_Blu,1st,7,1232,6/12/2025 ,18:00 ,239 ,€ 277 ,O,Aurispa DFV Lecce ,Alessano Lecce,3,2,6,8,16,15,17,21,21,25,8,7,15,16,21,19,25,22,4,8,15,16,20,21,22,25,8,6,16,10,21,13,25,16,2,5,0,0,0,0,17,15,87,41,21,110,14,5,87,4,0.63,0.31,150,12,10,67,0.45,-,15,,,,,
2025/2026,A3,Regular_Season_Group_Blu,1st,7,1233,6/12/2025 ,18:00 ,226 ,€ 248 ,C,EnergyTime Campobasso ,Campobasso,1,3,7,8,12,16,18,21,20,25,8,6,16,10,21,14,25,16,8,7,16,15,21,18,26,28,4,8,10,16,14,21,19,25,-,-,-,-,-,-,-,-,69,20,5,91,20,6,79,5,0.59,0.24,118,8,9,56,0.47,-,7,,,,,
2025/2026,A3,Regular_Season_Group_Blu,1st,7,1233,6/12/2025 ,18:00 ,226 ,€ 248 ,O,BCC Tecbus Castellana Grotte ,Castellana Grotte New Mater,3,1,8,7,16,12,21,18,25,20,6,8,10,16,14,21,16,25,7,8,15,16,18,21,28,26,8,4,16,10,21,14,25,19,-,-,-,-,-,-,-,-,65,20,4,93,14,5,71,6,0.63,0.23,103,6,7,51,0.5,-,9,,,,,
2025/2026,A3,Regular_Season_Group_Blu,1st,7,1234,7/12/2025 ,18:00 ,-,-,C,Green Volley Galatone ,Galatone,1,3,8,4,16,9,21,18,25,23,5,8,13,16,13,21,16,25,5,8,16,13,21,17,23,25,5,8,13,16,18,21,22,25,-,-,-,-,-,-,-,-,62,20,8,87,11,3,85,5,0.56,0.44,108,16,9,43,0.4,-,16,,,,,
2025/2026,A3,Regular_Season_Group_Blu,1st,7,1234,7/12/2025 ,18:00 ,-,-,O,Viridex Sabaudia ,Sabaudia,3,1,4,8,9,16,18,21,23,25,8,5,16,13,21,13,25,16,8,5,13,16,17,21,25,23,8,5,16,13,21,18,25,22,-,-,-,-,-,-,-,-,69,22,17,97,12,5,76,4,0.5,0.29,119,7,16,55,0.46,-,9,,,,,
2025/2026,A3,Regular_Season_Group_Blu,1st,7,1235,7/12/2025 ,16:00 ,732 ,€ 4.140 ,C,Terni Volley Academy ,Terni Volley Academy,1,3,8,5,16,11,21,17,25,21,3,8,8,16,12,21,14,25,3,8,9,16,12,21,14,25,8,7,15,16,20,21,23,25,-,-,-,-,-,-,-,-,56,13,-2,77,12,-,79,3,0.57,0.34,114,9,13,48,0.42,-,8,,,,,
2025/2026,A3,Regular_Season_Group_Blu,1st,7,1235,7/12/2025 ,16:00 ,732 ,€ 4.140 ,O,Domotek Reggio Calabria ,Reggio Calabria,3,1,5,8,11,16,17,21,21,25,8,3,16,8,21,12,25,14,8,3,16,9,21,12,25,14,7,8,16,15,21,20,25,23,-,-,-,-,-,-,-,-,75,28,28,95,16,3,65,1,0.54,0.31,105,4,8,59,0.56,-,13,,,,,
2025/2026,A3,Regular_Season_Group_Blu,1st,8,1236,14/12/2025 ,18:00 ,1.029 ,€ 2.940 ,C,Domotek Reggio Calabria ,Reggio Calabria,3,2,8,6,9,16,12,21,16,25,7,8,16,10,21,16,25,21,8,4,16,9,21,13,25,16,6,8,14,16,19,21,22,25,5,2,0,0,0,0,15,13,80,34,17,102,13,6,88,5,0.56,0.4,157,13,10,66,0.42,-,8,,,,,
2025/2026,A3,Regular_Season_Group_Blu,1st,8,1236,14/12/2025 ,18:00 ,1.029 ,€ 2.940 ,O,JV Gioia Del Colle ,Gioia Del Colle ,2,3,6,8,16,9,21,12,25,16,8,7,10,16,16,21,21,25,4,8,9,16,13,21,16,25,8,6,16,14,21,19,25,22,2,5,0,0,0,0,13,15,72,26,4,101,13,4,89,6,0.47,0.38,152,9,8,58,0.38,-,10,,,,,
2025/2026,A3,Regular_Season_Group_Blu,1st,8,1237,14/12/2025 ,16:00 ,355 ,€ 925 ,C,Avimecc Modica ,Modica,3,0,8,5,16,12,21,15,25,23,8,6,16,10,21,14,25,17,6,8,16,13,21,17,25,19,-,-,-,-,-,-,-,-,-,-,-,-,-,-,-,-,58,26,24,74,10,2,51,2,0.71,0.45,91,7,3,45,0.49,-,11,,,,,
2025/2026,A3,Regular_Season_Group_Blu,1st,8,1237,14/12/2025 ,16:00 ,355 ,€ 925 ,O,Terni Volley Academy ,Terni Volley Academy,0,3,5,8,12,16,15,21,23,25,6,8,10,16,14,21,17,25,8,6,13,16,17,21,19,25,-,-,-,-,-,-,-,-,-,-,-,-,-,-,-,-,38,11,-12,60,9,2,64,2,0.67,0.33,88,8,11,33,0.38,-,3,,,,,
2025/2026,A3,Regular_Season_Group_Blu,1st,8,1238,13/12/2025 ,17:00 ,256 ,€ 110 ,C,Viridex Sabaudia ,Sabaudia,3,1,8,5,14,16,21,18,25,22,6,8,15,16,17,21,22,25,5,8,16,13,21,17,25,22,8,6,16,14,21,14,25,16,-,-,-,-,-,-,-,-,64,29,17,96,10,6,66,9,0.45,0.21,112,5,7,52,0.46,-,6,,,,,
2025/2026,A3,Regular_Season_Group_Blu,1st,8,1238,13/12/2025 ,17:00 ,256 ,€ 110 ,O,Aurispa DFV Lecce ,Alessano Lecce,1,3,5,8,16,14,18,21,22,25,8,6,16,15,21,17,25,22,8,5,13,16,17,21,22,25,6,8,14,16,14,21,16,25,-,-,-,-,-,-,-,-,69,24,-1,86,20,9,86,7,0.48,0.17,121,12,6,53,0.44,-,7,,,,,
2025/2026,A3,Regular_Season_Group_Blu,1st,8,1239,14/12/2025 ,16:00 ,386 ,€ 66 ,C,BCC Tecbus Castellana Grotte ,Castellana Grotte New Mater,3,1,7,8,14,16,18,21,21,25,4,8,16,15,21,19,25,21,8,6,16,15,21,20,25,23,8,2,16,7,21,8,25,11,-,-,-,-,-,-,-,-,71,24,27,95,13,4,66,1,0.79,0.45,106,10,5,57,0.54,-,10,,,,,
2025/2026,A3,Regular_Season_Group_Blu,1st,8,1239,14/12/2025 ,16:00 ,386 ,€ 66 ,O,Gaia Energy Napoli ,Napoli,1,3,8,7,16,14,21,18,25,21,8,4,15,16,19,21,21,25,6,8,15,16,20,21,23,25,2,8,7,16,8,21,11,25,-,-,-,-,-,-,-,-,55,11,-1,81,15,1,82,4,0.55,0.26,111,9,10,49,0.44,-,5,,,,,
2025/2026,A3,Regular_Season_Group_Blu,1st,8,1240,14/12/2025 ,18:00 ,-,-,C,Green Volley Galatone ,Galatone,2,3,6,8,16,12,21,17,25,18,8,6,15,16,19,21,21,25,8,5,16,10,21,17,25,23,6,8,16,15,18,21,20,25,2,5,0,0,0,0,15,17,89,34,19,107,15,9,97,3,0.46,0.28,140,13,14,66,0.47,-,14,,,,,
2025/2026,A3,Regular_Season_Group_Blu,1st,8,1240,14/12/2025 ,18:00 ,-,-,O,EnergyTime Campobasso ,Campobasso,3,2,8,6,12,16,17,21,18,25,6,8,16,15,21,19,25,21,5,8,10,16,17,21,23,25,8,6,15,16,21,18,25,20,5,2,0,0,0,0,17,15,80,28,12,107,10,3,92,11,0.55,0.3,136,7,14,63,0.46,-,14,,,,,
2025/2026,A3,Regular_Season_Group_Blu,1st,9,1241,21/12/2025 ,19:00 ,1.501 ,€ 6.253 ,C,JV Gioia Del Colle ,Gioia Del Colle ,3,0,8,7,16,14,21,18,25,21,8,6,16,13,21,18,27,25,8,6,14,16,21,19,25,23,-,-,-,-,-,-,-,-,-,-,-,-,-,-,-,-,56,20,12,76,13,5,55,3,0.6,0.4,96,9,6,43,0.45,-,8,,,,,
2025/2026,A3,Regular_Season_Group_Blu,1st,9,1241,21/12/2025 ,19:00 ,1.501 ,€ 6.253 ,O,BCC Tecbus Castellana Grotte ,Castellana Grotte New Mater,0,3,7,8,14,16,18,21,21,25,6,8,13,16,18,21,25,27,6,8,16,14,19,21,23,25,-,-,-,-,-,-,-,-,-,-,-,-,-,-,-,-,47,13,1,70,15,3,63,5,0.54,0.43,92,5,8,38,0.41,-,6,,,,,
2025/2026,A3,Regular_Season_Group_Blu,1st,9,1242,21/12/2025 ,18:00 ,317 ,€ 1.064 ,C,Aurispa DFV Lecce ,Alessano Lecce,2,3,8,5,13,16,19,21,21,25,8,6,16,9,21,16,25,19,8,6,16,8,21,10,25,13,8,7,14,16,20,21,28,30,1,5,0,0,0,0,8,15,80,28,7,108,18,8,91,3,0.43,0.24,136,16,10,64,0.47,-,8,,,,,
2025/2026,A3,Regular_Season_Group_Blu,1st,9,1242,21/12/2025 ,18:00 ,317 ,€ 1.064 ,O,Domotek Reggio Calabria ,Reggio Calabria,3,2,5,8,16,13,21,19,25,21,6,8,9,16,16,21,19,25,6,8,8,16,10,21,13,25,7,8,16,14,21,20,30,28,5,1,0,0,0,0,15,8,66,25,6,101,10,3,90,8,0.46,0.21,126,16,8,53,0.42,-,10,,,,,
2025/2026,A3,Regular_Season_Group_Blu,1st,9,1243,21/12/2025 ,16:00 ,246 ,€ 190 ,C,Gaia Energy Napoli ,Napoli,1,3,7,8,15,16,18,21,20,25,5,8,12,16,16,21,21,25,7,8,14,16,19,21,27,25,8,4,16,14,20,21,22,25,-,-,-,-,-,-,-,-,59,12,1,91,13,-,82,6,0.57,0.39,117,4,13,53,0.45,-,6,,,,,
2025/2026,A3,Regular_Season_Group_Blu,1st,9,1243,21/12/2025 ,16:00 ,246 ,€ 190 ,O,Avimecc Modica ,Modica,3,1,8,7,16,15,21,18,25,20,8,5,16,12,21,16,25,21,8,7,16,14,21,19,25,27,4,8,14,16,21,20,25,22,-,-,-,-,-,-,-,-,82,27,24,99,17,6,78,-,0.62,0.36,126,12,6,63,0.5,-,13,,,,,
2025/2026,A3,Regular_Season_Group_Blu,1st,9,1244,20/12/2025 ,18:00 ,242 ,€ 305 ,C,EnergyTime Campobasso ,Campobasso,3,1,8,7,16,11,21,20,23,25,8,2,16,8,21,10,25,14,8,3,16,7,21,10,25,17,8,3,16,10,21,17,25,21,-,-,-,-,-,-,-,-,78,35,33,97,15,5,67,3,0.58,0.24,105,8,9,62,0.59,-,11,,,,,
2025/2026,A3,Regular_Season_Group_Blu,1st,9,1244,20/12/2025 ,18:00 ,242 ,€ 305 ,O,Viridex Sabaudia ,Sabaudia,1,3,7,8,11,16,20,21,25,23,2,8,8,16,10,21,14,25,3,8,7,16,10,21,17,25,3,8,10,16,17,21,21,25,-,-,-,-,-,-,-,-,54,15,-18,78,11,2,82,9,0.45,0.1,99,9,11,43,0.43,-,9,,,,,
2025/2026,A3,Regular_Season_Group_Blu,1st,9,1245,21/12/2025 ,20:30 ,656 ,€ 2.897 ,C,Terni Volley Academy ,Terni Volley Academy,3,2,8,6,16,12,21,15,26,28,6,8,16,15,21,17,25,19,8,4,16,11,21,17,25,19,3,8,4,16,9,21,14,25,2,5,0,0,0,0,15,10,68,28,8,103,8,3,88,2,0.52,0.24,143,11,13,49,0.34,-,16,,,,,
2025/2026,A3,Regular_Season_Group_Blu,1st,9,1245,21/12/2025 ,20:30 ,656 ,€ 2.897 ,O,Green Volley Galatone ,Galatone,2,3,6,8,12,16,15,21,28,26,8,6,15,16,17,21,19,25,4,8,11,16,17,21,19,25,8,3,16,4,21,9,25,14,5,2,0,0,0,0,10,15,82,30,13,102,14,2,95,4,0.47,0.22,156,19,16,67,0.43,-,13,,,,,
2025/2026,A3,Regular_Season_Group_Blu,2nd,1,1246,5/1/2026 ,18:00 ,245 ,€ 293 ,C,Gaia Energy Napoli ,Napoli,0,3,6,8,14,16,18,21,20,25,7,8,12,16,16,21,16,25,8,7,15,16,20,21,23,25,-,-,-,-,-,-,-,-,-,-,-,-,-,-,-,-,41,9,-4,60,9,2,61,3,0.54,0.28,85,7,10,32,0.38,-,7,,,,,
2025/2026,A3,Regular_Season_Group_Blu,2nd,1,1246,5/1/2026 ,18:00 ,245 ,€ 293 ,O,JV Gioia Del Colle ,Gioia Del Colle ,3,0,8,6,16,14,21,18,25,20,8,7,16,12,21,16,25,16,7,8,16,15,21,20,25,23,-,-,-,-,-,-,-,-,-,-,-,-,-,-,-,-,58,22,27,74,13,3,51,2,0.55,0.35,81,4,7,45,0.56,-,10,,,,,
2025/2026,A3,Regular_Season_Group_Blu,2nd,1,1247,4/1/2026 ,18:00 ,729 ,€ 4.019 ,C,Terni Volley Academy ,Terni Volley Academy,1,3,5,8,9,16,12,21,14,25,8,6,13,16,15,21,21,25,8,6,16,11,21,17,25,19,5,8,11,16,14,21,18,25,-,-,-,-,-,-,-,-,57,17,-1,79,8,4,79,6,0.44,0.14,125,14,10,46,0.37,-,7,,,,,
2025/2026,A3,Regular_Season_Group_Blu,2nd,1,1247,4/1/2026 ,18:00 ,729 ,€ 4.019 ,O,Viridex Sabaudia ,Sabaudia,3,1,8,5,16,9,21,12,25,14,6,8,16,13,21,15,25,21,6,8,11,16,17,21,19,25,8,5,16,11,21,14,25,18,-,-,-,-,-,-,-,-,72,28,20,93,14,5,71,4,0.46,0.14,129,7,7,57,0.44,-,10,,,,,
2025/2026,A3,Regular_Season_Group_Blu,2nd,1,1248,4/1/2026 ,18:00 ,323 ,€ 1.105 ,C,Aurispa DFV Lecce ,Alessano Lecce,0,3,7,8,15,16,18,21,25,27,8,7,11,16,16,21,23,25,8,7,12,16,15,21,19,25,-,-,-,-,-,-,-,-,-,-,-,-,-,-,-,-,53,18,9,68,16,1,64,6,0.66,0.28,92,7,5,46,0.5,-,6,,,,,
2025/2026,A3,Regular_Season_Group_Blu,2nd,1,1248,4/1/2026 ,18:00 ,323 ,€ 1.105 ,O,BCC Tecbus Castellana Grotte ,Castellana Grotte New Mater,3,0,8,7,16,15,21,18,27,25,7,8,16,11,21,16,25,23,7,8,16,12,21,15,25,19,-,-,-,-,-,-,-,-,-,-,-,-,-,-,-,-,51,21,10,76,12,6,52,1,0.67,0.35,85,2,6,40,0.47,-,5,,,,,
2025/2026,A3,Regular_Season_Group_Blu,2nd,1,1249,4/1/2026 ,16:00 ,273 ,€ 520 ,C,Avimecc Modica ,Modica,3,1,6,8,14,16,19,21,26,24,8,7,16,15,21,19,25,19,8,6,16,14,21,17,29,31,8,6,16,11,21,16,25,19,-,-,-,-,-,-,-,-,76,25,23,104,12,4,74,3,0.64,0.3,117,5,13,62,0.53,-,10,,,,,
2025/2026,A3,Regular_Season_Group_Blu,2nd,1,1249,4/1/2026 ,16:00 ,273 ,€ 520 ,O,EnergyTime Campobasso ,Campobasso,1,3,8,6,16,14,21,19,24,26,7,8,15,16,19,21,19,25,6,8,14,16,17,21,31,29,6,8,11,16,16,21,19,25,-,-,-,-,-,-,-,-,70,17,7,94,17,3,89,5,0.55,0.22,122,9,10,54,0.44,-,13,,,,,
2025/2026,A3,Regular_Season_Group_Blu,2nd,1,1250,4/1/2026 ,18:00 ,1.057 ,€ 3.124 ,C,Domotek Reggio Calabria ,Reggio Calabria,3,0,7,8,16,14,21,19,25,22,8,6,16,14,21,17,25,22,8,7,16,15,21,18,25,21,-,-,-,-,-,-,-,-,-,-,-,-,-,-,-,-,43,16,5,73,9,2,48,4,0.5,0.29,73,3,8,30,0.41,-,11,,,,,
2025/2026,A3,Regular_Season_Group_Blu,2nd,1,1250,4/1/2026 ,18:00 ,1.057 ,€ 3.124 ,O,Green Volley Galatone ,Galatone,0,3,8,7,14,16,19,21,22,25,6,8,14,16,17,21,22,25,7,8,15,16,18,21,21,25,-,-,-,-,-,-,-,-,-,-,-,-,-,-,-,-,52,13,-1,67,19,4,64,2,0.59,0.38,87,13,11,40,0.46,-,8,,,,,
2025/2026,A3,Regular_Season_Group_Blu,2nd,2,1251,17/1/2026 ,20:00 ,418 ,€ 354 ,C,BCC Tecbus Castellana Grotte ,Castellana Grotte New Mater,0,3,6,8,11,16,15,21,19,25,7,8,13,16,19,21,24,26,5,8,9,16,12,21,18,25,-,-,-,-,-,-,-,-,-,-,-,-,-,-,-,-,47,12,-4,63,13,3,64,5,0.75,0.48,97,6,11,38,0.39,-,6,,,,,
2025/2026,A3,Regular_Season_Group_Blu,2nd,2,1251,17/1/2026 ,20:00 ,418 ,€ 354 ,O,Domotek Reggio Calabria ,Reggio Calabria,3,0,8,6,16,11,21,15,25,19,8,7,16,13,21,19,26,24,8,5,16,9,21,12,25,18,-,-,-,-,-,-,-,-,-,-,-,-,-,-,-,-,56,24,21,74,10,4,50,4,0.64,0.28,82,3,6,41,0.5,-,11,,,,,
2025/2026,A3,Regular_Season_Group_Blu,2nd,2,1252,18/1/2026 ,18:00 ,-,-,C,Green Volley Galatone ,Galatone,2,3,4,8,9,16,15,21,17,25,8,5,16,14,21,18,25,20,7,8,16,15,21,18,25,21,8,7,16,13,19,21,21,25,2,5,0,0,0,0,13,15,76,25,2,102,19,3,89,4,0.52,0.33,144,14,14,66,0.46,-,7,,,,,
2025/2026,A3,Regular_Season_Group_Blu,2nd,2,1252,18/1/2026 ,18:00 ,-,-,O,Avimecc Modica ,Modica,3,2,8,4,16,9,21,15,25,17,5,8,14,16,18,21,20,25,8,7,15,16,18,21,21,25,7,8,13,16,21,19,25,21,5,2,0,0,0,0,15,13,70,25,2,105,16,2,83,6,0.58,0.39,132,7,7,54,0.41,-,14,,,,,
2025/2026,A3,Regular_Season_Group_Blu,2nd,2,1253,18/1/2026 ,18:00 ,1.143 ,€ 4.259 ,C,JV Gioia Del Colle ,Gioia Del Colle ,3,1,5,8,9,16,13,21,15,25,8,6,16,12,21,14,25,18,7,8,16,13,21,20,25,20,2,8,16,12,21,18,25,22,-,-,-,-,-,-,-,-,64,25,8,89,19,4,70,4,0.51,0.39,127,9,11,48,0.38,-,12,,,,,
2025/2026,A3,Regular_Season_Group_Blu,2nd,2,1253,18/1/2026 ,18:00 ,1.143 ,€ 4.259 ,O,Aurispa DFV Lecce ,Alessano Lecce,1,3,8,5,16,9,21,13,25,15,6,8,12,16,14,21,18,25,8,7,13,16,20,21,20,25,8,2,12,16,18,21,22,25,-,-,-,-,-,-,-,-,56,22,-8,85,15,3,70,5,0.51,0.33,113,10,12,42,0.37,-,11,,,,,
2025/2026,A3,Regular_Season_Group_Blu,2nd,2,1254,18/1/2026 ,19:00 ,271 ,€ 212 ,C,Viridex Sabaudia ,Sabaudia,3,1,5,8,10,16,18,21,20,25,8,1,16,6,21,10,25,14,8,7,15,16,21,19,25,23,8,5,16,9,21,16,25,20,-,-,-,-,-,-,-,-,63,26,10,94,15,5,68,4,0.75,0.32,114,12,5,51,0.45,-,7,,,,,
2025/2026,A3,Regular_Season_Group_Blu,2nd,2,1254,18/1/2026 ,19:00 ,271 ,€ 212 ,O,Gaia Energy Napoli ,Napoli,1,3,8,5,16,10,21,18,25,20,1,8,6,16,10,21,14,25,7,8,16,15,19,21,23,25,5,8,9,16,16,21,20,25,-,-,-,-,-,-,-,-,55,20,-11,83,15,4,79,6,0.52,0.19,118,14,7,46,0.39,-,5,,,,,
2025/2026,A3,Regular_Season_Group_Blu,2nd,2,1255,17/1/2026 ,18:00 ,249 ,€ 444 ,C,EnergyTime Campobasso ,Campobasso,3,1,6,8,16,15,21,18,25,21,6,8,12,16,21,20,23,25,8,7,16,14,21,19,26,24,8,4,16,7,21,9,25,12,-,-,-,-,-,-,-,-,76,28,22,97,14,10,70,3,0.64,0.26,113,10,6,56,0.5,-,10,,,,,
2025/2026,A3,Regular_Season_Group_Blu,2nd,2,1255,17/1/2026 ,18:00 ,249 ,€ 444 ,O,Terni Volley Academy ,Terni Volley Academy,1,3,8,6,15,16,18,21,21,25,8,6,16,12,20,21,25,23,7,8,14,16,19,21,24,26,4,8,7,16,9,21,12,25,-,-,-,-,-,-,-,-,54,11,-8,82,12,2,83,10,0.57,0.18,103,8,10,46,0.45,-,6,,,,,
2025/2026,A3,Regular_Season_Group_Blu,2nd,3,1256,25/1/2026 ,19:00 ,1.021 ,€ 2.918 ,C,Domotek Reggio Calabria ,Reggio Calabria,3,0,8,4,16,13,21,18,25,20,8,5,16,10,21,16,25,19,8,6,16,13,21,17,25,21,-,-,-,-,-,-,-,-,-,-,-,-,-,-,-,-,53,21,12,74,11,3,47,1,0.7,0.43,77,7,5,41,0.53,-,9,,,,,
2025/2026,A3,Regular_Season_Group_Blu,2nd,3,1256,25/1/2026 ,19:00 ,1.021 ,€ 2.918 ,O,Avimecc Modica ,Modica,0,3,4,8,13,16,18,21,20,25,5,8,10,16,16,21,19,25,6,8,13,16,17,21,21,25,-,-,-,-,-,-,-,-,-,-,-,-,-,-,-,-,41,8,-3,61,14,1,63,3,0.59,0.29,81,8,9,35,0.43,-,5,,,,,
2025/2026,A3,Regular_Season_Group_Blu,2nd,3,1257,25/1/2026 ,18:00 ,432 ,€ 502 ,C,BCC Tecbus Castellana Grotte ,Castellana Grotte New Mater,3,0,8,6,16,12,21,16,25,19,8,7,14,16,20,21,25,23,8,6,16,13,21,18,25,18,-,-,-,-,-,-,-,-,-,-,-,-,-,-,-,-,60,27,20,73,9,5,49,3,0.57,0.29,89,5,6,47,0.53,-,8,,,,,
2025/2026,A3,Regular_Season_Group_Blu,2nd,3,1257,25/1/2026 ,18:00 ,432 ,€ 502 ,O,Viridex Sabaudia ,Sabaudia,0,3,6,8,12,16,16,21,19,25,7,8,16,14,21,20,23,25,6,8,13,16,18,21,18,25,-,-,-,-,-,-,-,-,-,-,-,-,-,-,-,-,46,11,-3,62,13,2,64,7,0.55,0.27,81,2,8,38,0.47,-,6,,,,,
2025/2026,A3,Regular_Season_Group_Blu,2nd,3,1258,24/1/2026 ,18:00 ,987 ,€ 3.499 ,C,JV Gioia Del Colle ,Gioia Del Colle ,3,0,8,5,16,12,21,19,25,23,8,3,16,10,21,14,25,19,8,5,16,10,21,14,25,16,-,-,-,-,-,-,-,-,-,-,-,-,-,-,-,-,53,24,16,74,10,4,46,4,0.57,0.39,75,6,5,36,0.48,-,13,,,,,
2025/2026,A3,Regular_Season_Group_Blu,2nd,3,1258,24/1/2026 ,18:00 ,987 ,€ 3.499 ,O,EnergyTime Campobasso ,Campobasso,0,3,5,8,12,16,19,21,23,25,3,8,10,16,14,21,19,25,5,8,10,16,14,21,16,25,-,-,-,-,-,-,-,-,-,-,-,-,-,-,-,-,42,12,-10,59,13,3,64,4,0.48,0.31,83,6,13,34,0.41,-,5,,,,,
2025/2026,A3,Regular_Season_Group_Blu,2nd,3,1259,25/1/2026 ,16:00 ,371 ,€ 1.424 ,C,Aurispa DFV Lecce ,Alessano Lecce,3,0,8,5,16,14,21,17,25,19,8,3,16,8,21,15,25,20,8,7,15,16,21,20,25,23,-,-,-,-,-,-,-,-,-,-,-,-,-,-,-,-,61,28,19,73,11,6,56,1,0.61,0.3,91,8,7,41,0.45,-,14,,,,,
2025/2026,A3,Regular_Season_Group_Blu,2nd,3,1259,25/1/2026 ,16:00 ,371 ,€ 1.424 ,O,Green Volley Galatone ,Galatone,0,3,5,8,14,16,17,21,19,25,3,8,8,16,15,21,20,25,7,8,16,15,20,21,23,25,-,-,-,-,-,-,-,-,-,-,-,-,-,-,-,-,41,14,-9,64,8,1,62,6,0.56,0.21,86,6,14,33,0.38,-,7,,,,,
2025/2026,A3,Regular_Season_Group_Blu,2nd,3,1260,24/1/2026 ,18:00 ,348 ,€ 930 ,C,Gaia Energy Napoli ,Napoli,2,3,8,7,16,13,21,17,25,17,5,8,10,16,13,21,17,25,7,8,15,16,21,18,25,21,8,5,16,15,21,19,24,26,2,5,0,0,0,0,11,15,75,27,17,102,18,4,90,7,0.43,0.19,136,12,11,56,0.41,-,15,,,,,
2025/2026,A3,Regular_Season_Group_Blu,2nd,3,1260,24/1/2026 ,18:00 ,348 ,€ 930 ,O,Terni Volley Academy ,Terni Volley Academy,3,2,7,8,13,16,17,21,17,25,8,5,16,10,21,13,25,17,8,7,16,15,18,21,21,25,5,8,15,16,19,21,26,24,5,2,0,0,0,0,15,11,72,30,10,102,12,7,84,4,0.56,0.37,140,12,15,54,0.39,-,11,,,,,
2025/2026,A3,Regular_Season_Group_Blu,2nd,4,1261,31/1/2026 ,18:00 ,253 ,€ 454 ,C,EnergyTime Campobasso ,Campobasso,1,3,7,8,13,16,19,21,23,25,5,8,10,16,15,21,20,25,7,8,14,16,17,21,28,26,4,8,11,16,16,21,19,25,-,-,-,-,-,-,-,-,66,21,4,91,13,7,85,5,0.6,0.27,129,10,9,53,0.41,-,6,,,,,
2025/2026,A3,Regular_Season_Group_Blu,2nd,4,1261,31/1/2026 ,18:00 ,253 ,€ 454 ,O,Domotek Reggio Calabria ,Reggio Calabria,3,1,8,7,16,13,21,19,25,23,8,5,16,10,21,15,25,20,8,7,16,14,21,17,26,28,8,4,16,11,21,16,25,19,-,-,-,-,-,-,-,-,77,29,20,100,15,4,78,7,0.55,0.13,123,8,6,64,0.52,-,9,,,,,
2025/2026,A3,Regular_Season_Group_Blu,2nd,4,1262,31/1/2026 ,18:00 ,315 ,€ 502 ,C,Viridex Sabaudia ,Sabaudia,0,3,7,8,16,15,21,19,24,26,3,8,8,16,15,21,18,25,6,8,13,16,15,21,21,25,-,-,-,-,-,-,-,-,-,-,-,-,-,-,-,-,45,15,-12,65,11,4,63,5,0.57,0.3,95,10,7,36,0.38,-,5,,,,,
2025/2026,A3,Regular_Season_Group_Blu,2nd,4,1262,31/1/2026 ,18:00 ,315 ,€ 502 ,O,JV Gioia Del Colle ,Gioia Del Colle ,3,0,8,7,15,16,19,21,26,24,8,3,16,8,21,15,25,18,8,6,16,13,21,15,25,21,-,-,-,-,-,-,-,-,-,-,-,-,-,-,-,-,55,24,13,74,11,4,54,4,0.54,0.31,99,5,5,44,0.44,-,7,,,,,
2025/2026,A3,Regular_Season_Group_Blu,2nd,4,1263,1/2/2026 ,18:00 ,733 ,€ 3.836 ,C,Terni Volley Academy ,Terni Volley Academy,0,3,8,4,13,16,16,21,17,25,8,7,16,12,20,21,24,26,4,8,11,16,13,21,17,25,-,-,-,-,-,-,-,-,-,-,-,-,-,-,-,-,35,11,-14,60,9,4,63,3,0.44,0.3,100,7,15,29,0.29,-,2,,,,,
2025/2026,A3,Regular_Season_Group_Blu,2nd,4,1263,1/2/2026 ,18:00 ,733 ,€ 3.836 ,O,Aurispa DFV Lecce ,Alessano Lecce,3,0,4,8,16,13,21,16,25,17,7,8,12,16,21,20,26,24,8,4,16,11,21,13,25,17,-,-,-,-,-,-,-,-,-,-,-,-,-,-,-,-,60,31,15,74,11,3,51,5,0.33,0.2,91,11,2,42,0.46,-,15,,,,,
2025/2026,A3,Regular_Season_Group_Blu,2nd,4,1264,1/2/2026 ,17:00 ,280 ,€ 550 ,C,Avimecc Modica ,Modica,0,3,6,8,13,16,18,21,23,25,6,8,12,16,16,21,19,25,8,7,16,15,19,21,23,25,-,-,-,-,-,-,-,-,-,-,-,-,-,-,-,-,47,15,2,67,8,2,61,4,0.61,0.31,93,8,12,38,0.41,-,7,,,,,
2025/2026,A3,Regular_Season_Group_Blu,2nd,4,1264,1/2/2026 ,17:00 ,280 ,€ 550 ,O,BCC Tecbus Castellana Grotte ,Castellana Grotte New Mater,3,0,8,6,16,13,21,18,25,23,8,6,16,12,21,16,25,19,7,8,15,16,21,19,25,23,-,-,-,-,-,-,-,-,-,-,-,-,-,-,-,-,59,22,11,73,12,3,59,3,0.53,0.15,90,4,7,44,0.49,-,12,,,,,
2025/2026,A3,Regular_Season_Group_Blu,2nd,4,1265,1/2/2026 ,18:00 ,-,-,C,Green Volley Galatone ,Galatone,3,0,8,7,16,13,21,17,25,20,8,5,16,10,21,18,25,23,8,3,16,8,21,17,25,23,-,-,-,-,-,-,-,-,-,-,-,-,-,-,-,-,54,23,9,74,9,1,55,5,0.51,0.25,81,6,7,39,0.48,-,14,,,,,
2025/2026,A3,Regular_Season_Group_Blu,2nd,4,1265,1/2/2026 ,18:00 ,-,-,O,Gaia Energy Napoli ,Napoli,0,3,7,8,13,16,17,21,20,25,5,8,10,16,18,21,23,25,3,8,8,16,17,21,23,25,-,-,-,-,-,-,-,-,-,-,-,-,-,-,-,-,50,18,-,67,12,5,65,1,0.46,0.29,104,8,14,38,0.37,-,7,,,,,
2025/2026,A3,Regular_Season_Group_Blu,2nd,5,1266,8/2/2026 ,18:00 ,301 ,€ 930 ,C,Aurispa DFV Lecce ,Alessano Lecce,2,3,4,8,12,16,17,21,20,25,6,8,12,16,19,21,23,25,8,6,16,12,21,14,25,20,8,4,16,9,21,12,25,15,2,5,0,0,0,0,10,15,74,30,10,101,14,11,86,4,0.62,0.36,128,15,13,50,0.39,-,13,,,,,
2025/2026,A3,Regular_Season_Group_Blu,2nd,5,1266,8/2/2026 ,18:00 ,301 ,€ 930 ,O,Avimecc Modica ,Modica,3,2,8,4,16,12,21,17,25,20,8,6,16,12,21,19,25,23,6,8,12,16,14,21,20,25,4,8,9,16,12,21,15,25,5,2,0,0,0,0,15,10,67,28,-7,99,13,4,87,11,0.52,0.23,133,14,13,50,0.38,-,13,,,,,
2025/2026,A3,Regular_Season_Group_Blu,2nd,5,1267,8/2/2026 ,16:00 ,1.022 ,€ 2.902 ,C,Domotek Reggio Calabria ,Reggio Calabria,3,0,8,7,16,13,21,20,25,21,7,8,15,16,21,17,25,19,7,8,14,16,18,21,25,23,-,-,-,-,-,-,-,-,-,-,-,-,-,-,-,-,56,22,10,73,11,3,51,8,0.55,0.29,80,5,6,50,0.63,-,3,,,,,
2025/2026,A3,Regular_Season_Group_Blu,2nd,5,1267,8/2/2026 ,16:00 ,1.022 ,€ 2.902 ,O,Viridex Sabaudia ,Sabaudia,0,3,7,8,13,16,20,21,21,25,8,7,16,15,17,21,19,25,8,7,16,14,21,18,23,25,-,-,-,-,-,-,-,-,-,-,-,-,-,-,-,-,47,14,4,65,14,7,62,6,0.55,0.37,82,3,3,34,0.41,-,6,,,,,
2025/2026,A3,Regular_Season_Group_Blu,2nd,5,1268,8/2/2026 ,18:00 ,214 ,€ 144 ,C,Gaia Energy Napoli ,Napoli,2,3,7,8,11,16,17,21,23,25,8,5,16,14,21,18,25,20,6,8,12,16,21,20,27,25,8,6,16,15,20,21,23,25,4,5,0,0,0,0,14,16,84,25,14,113,20,7,96,3,0.52,0.25,150,13,14,65,0.43,-,12,,,,,
2025/2026,A3,Regular_Season_Group_Blu,2nd,5,1268,8/2/2026 ,18:00 ,214 ,€ 144 ,O,EnergyTime Campobasso ,Campobasso,3,2,8,7,16,11,21,17,25,23,5,8,14,16,18,21,20,25,8,6,16,12,20,21,25,27,6,8,15,16,21,20,25,23,5,4,0,0,0,0,16,14,75,22,11,109,13,3,93,8,0.55,0.4,137,14,12,58,0.42,-,14,,,,,
2025/2026,A3,Regular_Season_Group_Blu,2nd,5,1269,8/2/2026 ,18:00 ,1.266 ,€ 4.862 ,C,JV Gioia Del Colle ,Gioia Del Colle ,3,0,5,8,16,15,21,15,25,17,8,6,16,12,21,19,25,23,8,7,16,14,21,15,25,18,-,-,-,-,-,-,-,-,-,-,-,-,-,-,-,-,50,26,9,74,8,3,44,3,0.55,0.48,85,4,10,37,0.44,-,10,,,,,
2025/2026,A3,Regular_Season_Group_Blu,2nd,5,1269,8/2/2026 ,18:00 ,1.266 ,€ 4.862 ,O,Green Volley Galatone ,Galatone,0,3,8,5,15,16,15,21,17,25,6,8,12,16,19,21,23,25,7,8,14,16,15,21,18,25,-,-,-,-,-,-,-,-,-,-,-,-,-,-,-,-,45,14,-7,59,15,2,66,4,0.52,0.35,83,8,10,33,0.4,-,10,,,,,
2025/2026,A3,Regular_Season_Group_Blu,2nd,5,1270,8/2/2026 ,18:00 ,467 ,€ 751 ,C,BCC Tecbus Castellana Grotte ,Castellana Grotte New Mater,3,2,8,7,16,12,21,15,25,21,8,3,16,8,21,10,25,15,7,8,13,16,19,21,23,25,5,8,11,16,15,21,19,25,5,3,0,0,0,0,15,12,74,32,5,107,15,6,74,7,0.47,0.3,122,13,10,54,0.44,-,14,,,,,
2025/2026,A3,Regular_Season_Group_Blu,2nd,5,1270,8/2/2026 ,18:00 ,467 ,€ 751 ,O,Terni Volley Academy ,Terni Volley Academy,2,3,7,8,12,16,15,21,21,25,3,8,8,16,10,21,15,25,8,7,16,13,21,19,25,23,8,5,16,11,21,15,25,19,3,5,0,0,0,0,12,15,70,22,-,98,24,7,92,6,0.57,0.3,127,6,14,53,0.42,-,10,,,,,
2025/2026,A3,Regular_Season_Group_Blu,2nd,6,1271,14/2/2026 ,18:00 ,218 ,€ 134 ,C,Gaia Energy Napoli ,Napoli,1,3,3,8,11,16,15,21,20,25,6,8,16,15,19,21,21,25,6,8,16,13,21,17,25,22,8,3,14,16,17,21,19,25,-,-,-,-,-,-,-,-,69,22,19,86,11,4,87,5,0.66,0.33,132,8,13,57,0.43,-,8,,,,,
2025/2026,A3,Regular_Season_Group_Blu,2nd,6,1271,14/2/2026 ,18:00 ,218 ,€ 134 ,O,Domotek Reggio Calabria ,Reggio Calabria,3,1,8,3,16,11,21,15,25,20,8,6,15,16,21,19,25,21,8,6,13,16,17,21,22,25,3,8,16,14,21,17,25,19,-,-,-,-,-,-,-,-,75,29,33,96,9,3,75,6,0.59,0.33,114,6,8,59,0.52,-,13,,,,,
2025/2026,A3,Regular_Season_Group_Blu,2nd,6,1272,15/2/2026 ,18:00 ,641 ,€ 3.331 ,C,Terni Volley Academy ,Terni Volley Academy,2,3,8,5,16,9,21,15,25,19,8,5,16,14,21,16,25,19,4,8,10,16,15,21,19,25,5,8,11,16,17,21,21,25,5,3,0,0,0,0,14,16,78,30,18,104,15,6,90,2,0.58,0.29,158,5,15,62,0.39,-,10,,,,,
2025/2026,A3,Regular_Season_Group_Blu,2nd,6,1272,15/2/2026 ,18:00 ,641 ,€ 3.331 ,O,JV Gioia Del Colle ,Gioia Del Colle ,3,2,5,8,9,16,15,21,19,25,5,8,14,16,16,21,19,25,8,4,16,10,21,15,25,19,8,5,16,11,21,17,25,21,3,5,0,0,0,0,16,14,82,29,17,104,14,2,89,6,0.39,0.17,144,11,10,65,0.45,-,15,,,,,
2025/2026,A3,Regular_Season_Group_Blu,2nd,6,1273,14/2/2026 ,18:00 ,245 ,€ 424 ,C,EnergyTime Campobasso ,Campobasso,0,3,5,8,12,16,20,21,26,28,3,8,16,15,21,19,30,32,7,8,16,14,21,19,23,25,-,-,-,-,-,-,-,-,-,-,-,-,-,-,-,-,51,17,-7,80,14,5,70,6,0.5,0.19,93,13,7,37,0.4,-,9,,,,,
2025/2026,A3,Regular_Season_Group_Blu,2nd,6,1273,14/2/2026 ,18:00 ,245 ,€ 424 ,O,Aurispa DFV Lecce ,Alessano Lecce,3,0,8,5,16,12,21,20,28,26,8,3,15,16,19,21,32,30,8,7,14,16,19,21,25,23,-,-,-,-,-,-,-,-,-,-,-,-,-,-,-,-,56,17,-1,83,13,5,66,5,0.5,0.26,98,12,9,44,0.45,-,7,,,,,
2025/2026,A3,Regular_Season_Group_Blu,2nd,6,1274,15/2/2026 ,16:00 ,270 ,€ 500 ,C,Avimecc Modica ,Modica,3,1,7,8,16,13,21,18,25,20,8,5,16,15,21,20,25,23,7,8,12,16,19,21,23,25,8,2,16,9,21,11,25,15,-,-,-,-,-,-,-,-,77,30,28,97,10,8,75,4,0.57,0.35,130,7,9,65,0.5,-,4,,,,,
2025/2026,A3,Regular_Season_Group_Blu,2nd,6,1274,15/2/2026 ,16:00 ,270 ,€ 500 ,O,Viridex Sabaudia ,Sabaudia,1,3,8,7,13,16,18,21,20,25,5,8,15,16,20,21,23,25,8,7,16,12,21,19,25,23,2,8,9,16,11,21,15,25,-,-,-,-,-,-,-,-,64,21,8,84,9,4,87,8,0.4,0.16,125,12,4,51,0.41,-,9,,,,,
2025/2026,A3,Regular_Season_Group_Blu,2nd,6,1275,15/2/2026 ,16:00 ,-,-,C,Green Volley Galatone ,Galatone,0,3,5,8,11,16,17,21,21,25,6,8,16,15,21,20,32,34,8,5,16,13,20,21,22,25,-,-,-,-,-,-,-,-,-,-,-,-,-,-,-,-,60,21,10,78,14,4,68,4,0.43,0.26,99,6,12,45,0.45,-,11,,,,,
2025/2026,A3,Regular_Season_Group_Blu,2nd,6,1275,15/2/2026 ,16:00 ,-,-,O,BCC Tecbus Castellana Grotte ,Castellana Grotte New Mater,3,0,8,5,16,11,21,17,25,21,8,6,15,16,20,21,34,32,5,8,13,16,21,20,25,22,-,-,-,-,-,-,-,-,-,-,-,-,-,-,-,-,63,22,14,81,13,2,64,4,0.55,0.25,94,1,11,49,0.52,-,12,,,,,
2025/2026,A3,Regular_Season_Group_Blu,2nd,7,1276,22/2/2026 ,18:00 ,281 ,€ 555 ,C,Avimecc Modica ,Modica,3,2,5,8,13,16,16,21,21,25,3,8,9,16,13,21,19,25,7,8,13,16,21,19,25,21,8,2,16,10,21,15,25,16,5,4,0,0,0,0,15,10,77,25,18,104,13,7,82,5,0.57,0.33,109,8,4,60,0.55,-,10,,,,,
2025/2026,A3,Regular_Season_Group_Blu,2nd,7,1276,22/2/2026 ,18:00 ,281 ,€ 555 ,O,JV Gioia Del Colle ,Gioia Del Colle ,2,3,8,5,16,13,21,16,25,21,8,3,16,9,21,13,25,19,8,7,16,13,19,21,21,25,2,8,10,16,15,21,16,25,4,5,0,0,0,0,10,15,76,20,4,98,16,4,91,7,0.53,0.33,127,10,10,68,0.54,-,4,,,,,
2025/2026,A3,Regular_Season_Group_Blu,2nd,7,1277,22/2/2026 ,18:00 ,331 ,€ 1.154 ,C,Aurispa DFV Lecce ,Alessano Lecce,3,1,3,8,13,16,18,21,20,25,8,5,16,13,21,18,25,23,8,6,16,15,21,20,30,28,8,4,16,12,21,16,25,20,-,-,-,-,-,-,-,-,72,21,10,94,16,3,77,6,0.65,0.3,125,9,6,57,0.46,-,12,,,,,
2025/2026,A3,Regular_Season_Group_Blu,2nd,7,1277,22/2/2026 ,18:00 ,331 ,€ 1.154 ,O,Gaia Energy Napoli ,Napoli,1,3,8,3,16,13,21,18,25,20,5,8,13,16,18,21,23,25,6,8,15,16,20,21,28,30,4,8,12,16,16,21,20,25,-,-,-,-,-,-,-,-,60,19,-4,88,11,6,78,3,0.54,0.26,132,10,12,48,0.36,-,6,,,,,
2025/2026,A3,Regular_Season_Group_Blu,2nd,7,1278,22/2/2026 ,19:00 ,414 ,€ 359 ,C,BCC Tecbus Castellana Grotte ,Castellana Grotte New Mater,3,0,8,7,15,16,21,20,25,23,8,5,16,13,21,19,30,28,8,5,16,8,21,11,25,11,-,-,-,-,-,-,-,-,-,-,-,-,-,-,-,-,55,26,11,79,17,6,45,-,0.71,0.44,71,6,8,36,0.51,-,13,,,,,
2025/2026,A3,Regular_Season_Group_Blu,2nd,7,1278,22/2/2026 ,19:00 ,414 ,€ 359 ,O,EnergyTime Campobasso ,Campobasso,0,3,7,8,16,15,20,21,23,25,5,8,13,16,19,21,28,30,5,8,8,16,11,21,11,25,-,-,-,-,-,-,-,-,-,-,-,-,-,-,-,-,39,11,-17,63,18,-,62,6,0.47,0.19,74,6,13,31,0.42,-,8,,,,,
2025/2026,A3,Regular_Season_Group_Blu,2nd,7,1279,21/2/2026 ,17:00 ,272 ,€ 205 ,C,Viridex Sabaudia ,Sabaudia,3,2,8,5,16,9,21,13,25,17,8,7,14,16,17,21,21,25,8,4,16,11,21,17,25,23,3,8,7,16,13,21,15,25,4,5,0,0,0,0,15,13,63,26,3,101,13,5,83,6,0.53,0.24,117,11,8,46,0.39,-,12,,,,,
2025/2026,A3,Regular_Season_Group_Blu,2nd,7,1279,21/2/2026 ,17:00 ,272 ,€ 205 ,O,Green Volley Galatone ,Galatone,2,3,5,8,9,16,13,21,17,25,7,8,16,14,21,17,25,21,4,8,11,16,17,21,23,25,8,3,16,7,21,13,25,15,5,4,0,0,0,0,13,15,75,26,7,103,20,6,88,5,0.56,0.31,131,14,12,61,0.47,-,8,,,,,
2025/2026,A3,Regular_Season_Group_Blu,2nd,7,1280,21/2/2026 ,18:00 ,1.113 ,€ 3.494 ,C,Domotek Reggio Calabria ,Reggio Calabria,3,2,8,5,16,11,21,15,25,17,8,7,15,16,19,21,21,25,8,3,16,11,21,15,25,16,8,7,16,15,19,21,22,25,1,5,0,0,0,0,15,13,83,32,31,107,14,5,79,7,0.49,0.33,125,8,7,66,0.53,-,12,,,,,
2025/2026,A3,Regular_Season_Group_Blu,2nd,7,1280,21/2/2026 ,18:00 ,1.113 ,€ 3.494 ,O,Terni Volley Academy ,Terni Volley Academy,2,3,5,8,11,16,15,21,17,25,7,8,16,15,21,19,25,21,3,8,11,16,15,21,16,25,7,8,15,16,21,19,25,22,5,1,0,0,0,0,13,15,72,21,12,97,18,6,93,6,0.67,0.49,124,6,12,59,0.48,-,7,,,,,
2025/2026,A3,Regular_Season_Group_Blu,2nd,8,1281,1/3/2026 ,18:00 ,1.496 ,€ 5.953 ,C,JV Gioia Del Colle ,Gioia Del Colle ,2,3,5,8,11,16,16,21,20,25,8,5,16,13,21,15,25,20,3,8,8,16,12,21,15,25,3,8,15,16,21,19,25,21,4,5,0,0,0,0,12,15,71,20,-2,98,17,4,89,7,0.53,0.36,118,10,8,59,0.5,-,8,,,,,
2025/2026,A3,Regular_Season_Group_Blu,2nd,8,1281,1/3/2026 ,18:00 ,1.496 ,€ 5.953 ,O,Domotek Reggio Calabria ,Reggio Calabria,3,2,8,5,16,11,21,16,25,20,5,8,13,16,15,21,20,25,8,3,16,8,21,12,25,15,8,3,16,15,19,21,21,25,5,4,0,0,0,0,15,12,77,28,12,105,16,7,81,4,0.53,0.33,129,10,8,62,0.48,-,8,,,,,
2025/2026,A3,Regular_Season_Group_Blu,2nd,8,1282,1/3/2026 ,16:00 ,1.371 ,€ 9.076 ,C,Terni Volley Academy ,Terni Volley Academy,2,3,8,5,16,14,20,21,26,24,5,8,10,16,13,21,16,25,8,7,16,14,21,18,25,21,6,8,15,16,19,21,21,25,4,5,0,0,0,0,10,15,71,23,3,99,23,4,96,1,0.47,0.24,151,8,16,57,0.38,-,10,,,,,
2025/2026,A3,Regular_Season_Group_Blu,2nd,8,1282,1/3/2026 ,16:00 ,1.371 ,€ 9.076 ,O,Avimecc Modica ,Modica,3,2,5,8,14,16,21,20,24,26,8,5,16,10,21,13,25,16,7,8,14,16,18,21,21,25,8,6,16,15,21,19,25,21,5,4,0,0,0,0,15,10,78,34,13,109,13,1,76,5,0.39,0.12,141,12,10,61,0.43,-,16,,,,,
2025/2026,A3,Regular_Season_Group_Blu,2nd,8,1283,1/3/2026 ,18:00 ,335 ,€ 1.160 ,C,Aurispa DFV Lecce ,Alessano Lecce,3,2,6,8,11,16,16,21,20,25,6,8,16,14,21,17,25,23,5,8,12,16,16,21,21,25,7,8,16,15,21,20,28,26,5,1,0,0,0,0,15,8,81,29,8,108,19,5,89,2,0.63,0.29,136,12,6,64,0.47,-,12,,,,,
2025/2026,A3,Regular_Season_Group_Blu,2nd,8,1283,1/3/2026 ,18:00 ,335 ,€ 1.160 ,O,Viridex Sabaudia ,Sabaudia,2,3,8,6,16,11,21,16,25,20,8,6,14,16,17,21,23,25,8,5,16,12,21,16,25,21,8,7,15,16,20,21,26,28,1,5,0,0,0,0,8,15,71,21,-,108,19,2,89,5,0.51,0.28,137,8,12,63,0.46,-,6,,,,,
2025/2026,A3,Regular_Season_Group_Blu,2nd,8,1284,1/3/2026 ,19:00 ,229 ,€ 199 ,C,Gaia Energy Napoli ,Napoli,0,3,3,8,11,16,15,21,17,25,7,8,14,16,17,21,20,25,3,8,9,16,17,21,21,25,-,-,-,-,-,-,-,-,-,-,-,-,-,-,-,-,37,12,2,60,7,3,56,3,0.45,0.21,80,8,11,28,0.35,-,6,,,,,
2025/2026,A3,Regular_Season_Group_Blu,2nd,8,1284,1/3/2026 ,19:00 ,229 ,€ 199 ,O,BCC Tecbus Castellana Grotte ,Castellana Grotte New Mater,3,0,8,3,16,11,21,15,25,17,8,7,16,14,21,17,25,20,8,3,16,9,21,17,25,21,-,-,-,-,-,-,-,-,-,-,-,-,-,-,-,-,60,23,16,73,17,3,53,3,0.74,0.43,80,4,6,46,0.58,-,11,,,,,
2025/2026,A3,Regular_Season_Group_Blu,2nd,8,1285,28/2/2026 ,17:00 ,232 ,€ 359 ,C,EnergyTime Campobasso ,Campobasso,3,0,8,7,15,16,21,18,25,23,8,3,16,12,21,14,25,18,6,8,16,13,21,15,25,20,-,-,-,-,-,-,-,-,-,-,-,-,-,-,-,-,52,21,13,73,11,4,49,2,0.59,0.35,73,8,5,37,0.51,-,11,,,,,
2025/2026,A3,Regular_Season_Group_Blu,2nd,8,1285,28/2/2026 ,17:00 ,232 ,€ 359 ,O,Green Volley Galatone ,Galatone,0,3,7,8,16,15,18,21,23,25,3,8,12,16,14,21,18,25,8,6,13,16,15,21,20,25,-,-,-,-,-,-,-,-,-,-,-,-,-,-,-,-,41,10,-6,63,14,2,62,4,0.61,0.26,88,6,11,34,0.39,-,5,,,,,
2025/2026,A3,Regular_Season_Group_Blu,2nd,9,1286,15/3/2026 ,18:00 ,1.327 ,€ 6.046 ,C,BCC Tecbus Castellana Grotte ,Castellana Grotte New Mater,3,2,8,6,16,8,21,15,25,20,8,7,16,10,21,13,25,14,8,7,9,16,14,21,20,25,8,7,16,15,21,19,23,25,5,3,0,0,0,0,15,9,82,38,15,107,16,7,81,5,0.49,0.25,122,12,11,56,0.46,-,19,,,,,
2025/2026,A3,Regular_Season_Group_Blu,2nd,9,1286,15/3/2026 ,18:00 ,1.327 ,€ 6.046 ,O,JV Gioia Del Colle ,Gioia Del Colle ,2,3,6,8,8,16,15,21,20,25,7,8,10,16,13,21,14,25,7,8,16,9,21,14,25,20,7,8,15,16,19,21,25,23,3,5,0,0,0,0,9,15,64,25,-9,94,13,5,91,8,0.52,0.23,140,13,19,48,0.34,-,11,,,,,
2025/2026,A3,Regular_Season_Group_Blu,2nd,9,1287,15/3/2026 ,18:00 ,1.456 ,€ 4.526 ,C,Domotek Reggio Calabria ,Reggio Calabria,3,1,6,8,14,16,17,21,22,25,8,6,16,10,21,14,25,15,8,7,16,12,21,16,25,19,8,5,16,12,21,15,25,16,-,-,-,-,-,-,-,-,63,28,21,95,9,4,56,2,0.7,0.54,101,6,6,47,0.47,-,12,,,,,
2025/2026,A3,Regular_Season_Group_Blu,2nd,9,1287,15/3/2026 ,18:00 ,1.456 ,€ 4.526 ,O,Aurispa DFV Lecce ,Alessano Lecce,1,3,8,6,16,14,21,17,25,22,6,8,10,16,14,21,15,25,7,8,12,16,16,21,19,25,5,8,12,16,15,21,16,25,-,-,-,-,-,-,-,-,60,15,-6,76,20,2,86,4,0.63,0.37,109,11,12,52,0.48,-,6,,,,,
2025/2026,A3,Regular_Season_Group_Blu,2nd,9,1288,15/3/2026 ,18:00 ,260 ,€ 470 ,C,Avimecc Modica ,Modica,3,1,7,8,16,14,19,21,21,25,8,6,16,12,21,15,25,17,8,5,16,11,21,14,25,16,8,3,16,7,21,11,25,19,-,-,-,-,-,-,-,-,64,31,19,95,8,2,61,3,0.52,0.28,102,7,6,47,0.46,-,15,,,,,
2025/2026,A3,Regular_Season_Group_Blu,2nd,9,1288,15/3/2026 ,18:00 ,260 ,€ 470 ,O,Gaia Energy Napoli ,Napoli,1,3,8,7,14,16,21,19,25,21,6,8,12,16,15,21,17,25,5,8,11,16,14,21,16,25,3,8,7,16,11,21,19,25,-,-,-,-,-,-,-,-,60,17,-5,78,17,3,87,2,0.69,0.26,135,12,15,51,0.38,-,6,,,,,
2025/2026,A3,Regular_Season_Group_Blu,2nd,9,1289,15/3/2026 ,18:00 ,250 ,€ 157 ,C,Viridex Sabaudia ,Sabaudia,3,1,7,8,16,13,21,18,23,25,8,6,16,14,21,18,25,19,8,2,16,9,21,11,25,14,8,6,16,11,21,15,25,17,-,-,-,-,-,-,-,-,68,32,20,97,15,14,61,-,0.57,0.3,102,4,10,46,0.45,-,8,,,,,
2025/2026,A3,Regular_Season_Group_Blu,2nd,9,1289,15/3/2026 ,18:00 ,250 ,€ 157 ,O,EnergyTime Campobasso ,Campobasso,1,3,8,7,13,16,18,21,25,23,6,8,14,16,18,21,19,25,2,8,9,16,11,21,14,25,6,8,11,16,15,21,17,25,-,-,-,-,-,-,-,-,54,16,-16,76,15,-,82,15,0.43,0.17,99,9,8,44,0.44,-,10,,,,,
2025/2026,A3,Regular_Season_Group_Blu,2nd,9,1290,15/3/2026 ,18:00 ,-,-,C,Green Volley Galatone ,Galatone,3,1,7,8,14,16,17,21,26,24,8,7,14,16,19,21,22,25,8,6,16,14,20,21,28,26,8,5,16,15,21,17,25,23,-,-,-,-,-,-,-,-,81,25,17,100,13,5,84,2,0.56,0.37,120,12,16,54,0.45,-,22,,,,,
2025/2026,A3,Regular_Season_Group_Blu,2nd,9,1290,15/3/2026 ,18:00 ,-,-,O,Terni Volley Academy ,Terni Volley Academy,1,3,8,7,16,14,21,17,24,26,7,8,16,14,21,19,25,22,6,8,14,16,21,20,26,28,5,8,15,16,17,21,23,25,-,-,-,-,-,-,-,-,70,18,4,99,15,2,87,5,0.4,0.23,120,5,22,52,0.43,-,16,,,,,
2025/2026,A3,Play_Off,8th_1st,-,1860,22/3/2026 ,18:00 ,-,-,C,CUS Cagliari ,Cagliari Cus,2,3,8,6,16,13,21,16,25,21,6,8,9,16,16,21,20,25,7,8,13,16,18,21,27,25,8,6,11,16,15,21,18,25,3,5,0,0,0,0,11,15,67,22,9,102,17,5,91,7,0.48,0.12,130,4,9,53,0.41,-,9,,,,,
2025/2026,A3,Play_Off,8th_1st,-,1860,22/3/2026 ,18:00 ,-,-,O,BCC Tecbus Castellana Grotte ,Castellana Grotte New Mater,3,2,6,8,13,16,16,21,21,25,8,6,16,9,21,16,25,20,8,7,16,13,21,18,25,27,6,8,16,11,21,15,25,18,5,3,0,0,0,0,15,11,88,38,28,110,19,5,85,5,0.62,0.2,141,13,9,74,0.52,-,9,,,,,
2025/2026,A3,Play_Off,8th_1st,-,1861,21/3/2026 ,18:00 ,-,-,C,EnergyTime Campobasso ,Campobasso,2,3,8,4,16,15,21,18,25,22,6,8,10,16,12,21,15,25,8,1,16,8,21,15,25,18,7,8,16,15,21,19,24,26,3,5,0,0,0,0,13,15,73,30,-,103,23,5,86,1,0.56,0.22,126,9,15,54,0.43,-,14,,,,,
2025/2026,A3,Play_Off,8th_1st,-,1861,21/3/2026 ,18:00 ,-,-,O,Belluno Volley ,Belluno,3,2,4,8,15,16,18,21,22,25,8,6,16,10,21,12,25,15,1,8,8,16,15,21,18,25,8,7,15,16,19,21,26,24,5,3,0,0,0,0,15,13,70,24,3,105,19,1,80,5,0.66,0.36,139,7,14,54,0.39,-,15,,,,,
2025/2026,A3,Play_Off,8th_1st,-,1862,22/3/2026 ,18:00 ,-,-,C,Viridex Sabaudia ,Sabaudia,0,3,5,8,15,16,17,21,20,25,8,7,16,15,20,21,22,25,5,8,14,16,19,21,22,25,-,-,-,-,-,-,-,-,-,-,-,-,-,-,-,-,43,9,3,65,12,2,58,-,0.45,0.24,85,5,7,39,0.46,-,2,,,,,
2025/2026,A3,Play_Off,8th_1st,-,1862,22/3/2026 ,18:00 ,-,-,O,ErmGroup Altotevere San Giustino ,San Giustino Pallavolo,3,0,8,5,16,15,21,17,25,20,7,8,15,16,21,20,25,22,8,5,16,14,21,19,25,22,-,-,-,-,-,-,-,-,-,-,-,-,-,-,-,-,54,18,12,74,16,-,53,2,0.57,0.23,88,5,2,47,0.53,-,7,,,,,
2025/2026,A3,Play_Off,8th_1st,-,1863,22/3/2026 ,18:00 ,-,-,C,Negrini CTE Acqui Terme ,Acqui Terme,2,3,8,7,16,12,21,18,25,22,6,8,12,16,17,21,19,25,8,5,16,13,21,14,25,16,7,8,16,15,18,21,20,25,2,5,0,0,0,0,13,15,70,26,-3,102,21,6,83,8,0.53,0.33,134,16,7,55,0.41,-,9,,,,,
2025/2026,A3,Play_Off,8th_1st,-,1863,22/3/2026 ,18:00 ,-,-,O,JV Gioia Del Colle ,Gioia Del Colle ,3,2,7,8,12,16,18,21,22,25,8,6,16,12,21,17,25,19,5,8,13,16,14,21,16,25,8,7,15,16,21,18,25,20,5,2,0,0,0,0,15,13,64,21,1,103,20,7,81,7,0.44,0.26,122,8,9,50,0.41,-,7,,,,,
2025/2026,A3,Play_Off,8th_1st,-,1864,22/3/2026 ,19:00 ,-,-,C,Aurispa DFV Lecce ,Alessano Lecce,2,3,8,4,16,11,21,13,25,20,6,8,14,16,17,21,20,25,8,6,16,14,21,18,25,20,5,8,12,16,14,21,19,25,2,5,0,0,0,0,9,15,65,26,-2,97,15,7,84,8,0.5,0.27,99,8,7,49,0.49,-,9,,,,,
2025/2026,A3,Play_Off,8th_1st,-,1864,22/3/2026 ,19:00 ,-,-,O,Sarlux Sarroch ,Sarroch,3,2,4,8,11,16,13,21,20,25,8,6,16,14,21,17,25,20,6,8,14,16,18,21,20,25,8,5,16,12,21,14,25,19,5,2,0,0,0,0,15,9,75,30,6,104,20,8,82,7,0.57,0.27,125,11,9,60,0.48,-,7,,,,,
2025/2026,A3,Play_Off,8th_1st,-,1865,22/3/2026 ,18:00 ,-,-,C,Gabbiano FarmaMed Mantova ,Mantova Top Team,3,1,8,4,16,13,21,16,25,18,8,6,16,10,21,14,25,16,5,8,14,16,17,21,22,25,8,5,16,13,21,18,25,23,-,-,-,-,-,-,-,-,81,33,37,96,17,6,78,2,0.77,0.44,130,7,9,61,0.47,-,14,,,,,
2025/2026,A3,Play_Off,8th_1st,-,1865,22/3/2026 ,18:00 ,-,-,O,Avimecc Modica ,Modica,1,3,4,8,13,16,16,21,18,25,6,8,10,16,14,21,16,25,8,5,16,14,21,17,25,22,5,8,13,16,18,21,23,25,-,-,-,-,-,-,-,-,57,20,9,83,5,2,79,7,0.49,0.27,117,10,14,46,0.39,-,9,,,,,
2025/2026,A3,Play_Off,8th_2nd,-,1866,29/3/2026 ,18:00 ,-,-,C,BCC Tecbus Castellana Grotte ,Castellana Grotte New Mater,3,0,8,7,16,11,21,15,25,19,4,8,14,16,21,20,25,22,8,7,15,16,19,21,25,22,-,-,-,-,-,-,-,-,-,-,-,-,-,-,-,-,55,24,14,73,15,5,48,2,0.6,0.35,67,6,1,42,0.63,-,8,,,,,
2025/2026,A3,Play_Off,8th_2nd,-,1866,29/3/2026 ,18:00 ,-,-,O,CUS Cagliari ,Cagliari Cus,0,3,7,8,11,16,15,21,19,25,8,4,16,14,20,21,22,25,7,8,16,15,21,19,22,25,-,-,-,-,-,-,-,-,-,-,-,-,-,-,-,-,40,8,-12,65,17,2,58,7,0.57,0.24,76,3,8,37,0.49,-,1,,,,,
2025/2026,A3,Play_Off,8th_2nd,-,1867,29/3/2026 ,18:00 ,-,-,C,Belluno Volley ,Belluno,3,1,8,7,15,16,21,18,25,22,8,7,16,11,21,15,25,18,7,8,16,15,21,18,23,25,8,5,16,12,21,14,25,18,-,-,-,-,-,-,-,-,74,30,19,97,14,6,72,2,0.58,0.31,127,10,9,57,0.45,-,11,,,,,
2025/2026,A3,Play_Off,8th_2nd,-,1867,29/3/2026 ,18:00 ,-,-,O,EnergyTime Campobasso ,Campobasso,1,3,7,8,16,15,18,21,22,25,7,8,11,16,15,21,18,25,8,7,15,16,18,21,25,23,5,8,12,16,14,21,18,25,-,-,-,-,-,-,-,-,57,19,2,84,12,1,83,6,0.47,0.13,134,8,11,47,0.35,-,9,,,,,
2025/2026,A3,Play_Off,8th_2nd,-,1868,29/3/2026 ,18:00 ,-,-,C,ErmGroup Altotevere San Giustino ,San Giustino Pallavolo,3,1,8,6,16,13,21,20,25,27,6,8,11,16,20,21,27,25,8,6,16,12,21,16,25,20,8,3,15,16,21,20,25,22,-,-,-,-,-,-,-,-,75,27,15,101,17,3,77,4,0.7,0.23,106,12,9,58,0.55,-,14,,,,,
2025/2026,A3,Play_Off,8th_2nd,-,1868,29/3/2026 ,18:00 ,-,-,O,Viridex Sabaudia ,Sabaudia,1,3,6,8,13,16,20,21,27,25,8,6,16,11,21,20,25,27,6,8,12,16,16,21,20,25,3,8,16,15,20,21,22,25,-,-,-,-,-,-,-,-,63,15,5,95,18,3,84,4,0.52,0.17,111,9,14,51,0.46,-,9,,,,,
2025/2026,A3,Play_Off,8th_2nd,-,1869,29/3/2026 ,18:00 ,-,-,C,JV Gioia Del Colle ,Gioia Del Colle ,1,3,5,8,16,15,20,21,23,25,8,6,16,10,21,13,25,19,6,8,14,16,17,21,22,25,5,8,10,16,15,21,17,25,-,-,-,-,-,-,-,-,63,24,-5,88,14,2,72,9,0.54,0.47,99,5,13,52,0.53,-,9,,,,,
2025/2026,A3,Play_Off,8th_2nd,-,1869,29/3/2026 ,18:00 ,-,-,O,Negrini CTE Acqui Terme ,Acqui Terme,3,1,8,5,15,16,21,20,25,23,6,8,10,16,13,21,19,25,8,6,16,14,21,17,25,22,8,5,16,10,21,15,25,17,-,-,-,-,-,-,-,-,75,29,24,93,21,8,74,3,0.54,0.39,97,1,9,54,0.56,-,13,,,,,
2025/2026,A3,Play_Off,8th_2nd,-,1870,29/3/2026 ,17:00 ,-,-,C,Sarlux Sarroch ,Sarroch,3,1,8,3,16,9,21,13,25,15,5,8,16,14,21,17,25,22,2,8,7,16,13,21,20,25,8,5,16,11,21,16,25,20,-,-,-,-,-,-,-,-,71,34,15,94,21,8,70,5,0.5,0.29,101,8,7,55,0.54,-,8,,,,,
2025/2026,A3,Play_Off,8th_2nd,-,1870,29/3/2026 ,17:00 ,-,-,O,Aurispa DFV Lecce ,Alessano Lecce,1,3,3,8,9,16,13,21,15,25,8,5,14,16,17,21,22,25,8,2,16,7,21,13,25,20,5,8,11,16,16,21,20,25,-,-,-,-,-,-,-,-,51,23,-12,83,13,5,73,9,0.44,0.29,103,9,8,39,0.38,-,7,,,,,
2025/2026,A3,Play_Off,8th_2nd,-,1871,29/3/2026 ,17:00 ,-,-,C,Avimecc Modica ,Modica,3,2,7,8,16,15,21,18,25,20,4,8,14,16,21,20,36,38,8,5,16,15,21,18,25,22,8,6,16,15,21,19,25,23,2,5,0,0,0,0,10,15,92,22,15,118,14,4,105,8,0.5,0.18,148,10,14,72,0.49,-,16,,,,,
2025/2026,A3,Play_Off,8th_2nd,-,1871,29/3/2026 ,17:00 ,-,-,O,Gabbiano FarmaMed Mantova ,Mantova Top Team,2,3,8,7,15,16,18,21,20,25,8,4,16,14,20,21,38,36,5,8,15,16,18,21,22,25,6,8,15,16,19,21,23,25,5,2,0,0,0,0,15,10,94,27,14,119,14,8,104,5,0.52,0.23,158,13,16,72,0.46,-,14,,,,,
2025/2026,A3,Play_Off,Quarter_1st,-,1872,5/4/2026 ,19:00 ,-,-,C,Negrini CTE Acqui Terme ,Acqui Terme,3,1,4,8,13,16,15,21,18,25,8,6,16,13,21,15,25,17,8,7,16,8,21,14,25,16,8,5,16,12,21,17,25,20,-,-,-,-,-,-,-,-,71,34,22,92,16,10,65,1,0.45,0.23,108,5,9,48,0.44,-,13,,,,,
2025/2026,A3,Play_Off,Quarter_1st,-,1872,5/4/2026 ,19:00 ,-,-,O,BCC Tecbus Castellana Grotte ,Castellana Grotte New Mater,1,3,8,4,16,13,21,15,25,18,6,8,13,16,15,21,17,25,7,8,8,16,14,21,16,25,5,8,12,16,17,21,20,25,-,-,-,-,-,-,-,-,51,16,-11,79,14,1,76,12,0.33,0.16,107,6,13,41,0.38,-,9,,,,,
2025/2026,A3,Play_Off,Quarter_1st,-,1873,4/4/2026 ,18:00 ,-,-,C,Gabbiano FarmaMed Mantova ,Mantova Top Team,1,3,7,8,14,16,18,21,31,33,6,8,12,16,19,21,22,25,7,8,16,12,21,15,26,24,6,8,10,16,15,21,20,25,-,-,-,-,-,-,-,-,68,24,3,100,17,5,84,5,0.58,0.35,123,11,12,54,0.44,-,9,,,,,
2025/2026,A3,Play_Off,Quarter_1st,-,1873,4/4/2026 ,18:00 ,-,-,O,Belluno Volley ,Belluno,3,1,8,7,16,14,21,18,33,31,8,6,16,12,21,19,25,22,8,7,12,16,15,21,24,26,8,6,16,10,21,15,25,20,-,-,-,-,-,-,-,-,78,26,19,106,22,4,83,5,0.59,0.34,128,8,9,62,0.48,-,12,,,,,
2025/2026,A3,Play_Off,Quarter_1st,-,1874,4/4/2026 ,16:00 ,-,-,C,Sarlux Sarroch ,Sarroch,3,2,4,8,14,16,19,21,23,25,5,8,13,16,21,19,27,25,8,6,16,10,21,13,25,19,4,8,9,16,18,21,21,25,3,5,0,0,0,0,20,18,84,28,5,116,23,6,90,8,0.53,0.29,126,9,10,65,0.52,-,13,,,,,
2025/2026,A3,Play_Off,Quarter_1st,-,1874,4/4/2026 ,16:00 ,-,-,O,ErmGroup Altotevere San Giustino ,San Giustino Pallavolo,2,3,8,4,16,14,21,19,25,23,8,5,16,13,19,21,25,27,6,8,10,16,13,21,19,25,8,4,16,9,21,18,25,21,5,3,0,0,0,0,18,20,75,19,3,112,22,7,93,7,0.51,0.26,122,7,13,58,0.48,-,10,,,,,
2025/2026,A3,Play_Off,Quarter_2nd,-,1875,12/4/2026 ,18:00 ,-,-,C,BCC Tecbus Castellana Grotte ,Castellana Grotte New Mater,1,3,8,6,14,16,16,21,23,25,8,7,15,16,21,19,28,30,8,5,16,14,21,19,25,22,5,8,13,16,16,21,20,25,-,-,-,-,-,-,-,-,68,27,-12,97,23,6,84,8,0.56,0.39,122,10,11,49,0.4,-,13,,,,,
2025/2026,A3,Play_Off,Quarter_2nd,-,1875,12/4/2026 ,18:00 ,-,-,O,Negrini CTE Acqui Terme ,Acqui Terme,3,1,6,8,16,14,21,16,25,23,7,8,16,15,19,21,30,28,5,8,14,16,19,21,22,25,8,5,16,13,21,16,25,20,-,-,-,-,-,-,-,-,69,32,3,101,17,7,74,6,0.59,0.31,120,10,13,51,0.43,-,11,,,,,
2025/2026,A3,Play_Off,Quarter_2nd,-,1876,12/4/2026 ,18:00 ,-,-,C,Belluno Volley ,Belluno,3,2,6,8,12,16,19,21,21,25,8,7,16,12,21,15,25,16,6,8,15,16,18,21,24,26,6,8,16,15,21,19,25,21,5,3,0,0,0,0,15,11,71,25,9,110,23,5,72,3,0.51,0.15,123,8,7,58,0.47,-,8,,,,,
2025/2026,A3,Play_Off,Quarter_2nd,-,1876,12/4/2026 ,18:00 ,-,-,O,Gabbiano FarmaMed Mantova ,Mantova Top Team,2,3,8,6,16,12,21,19,25,21,7,8,12,16,15,21,16,25,8,6,16,15,21,18,26,24,8,6,15,16,19,21,21,25,3,5,0,0,0,0,11,15,65,15,-17,99,27,3,87,5,0.55,0.23,135,12,8,55,0.41,-,7,,,,,
2025/2026,A3,Play_Off,Quarter_2nd,-,1877,11/4/2026 ,21:00 ,-,-,C,ErmGroup Altotevere San Giustino ,San Giustino Pallavolo,3,0,8,3,15,16,21,20,27,25,8,4,16,12,21,19,25,19,8,4,16,12,21,17,25,21,-,-,-,-,-,-,-,-,-,-,-,-,-,-,-,-,56,23,13,75,9,2,55,2,0.69,0.4,85,7,8,44,0.52,-,10,,,,,
2025/2026,A3,Play_Off,Quarter_2nd,-,1877,11/4/2026 ,21:00 ,-,-,O,Sarlux Sarroch ,Sarroch,0,3,3,8,16,15,20,21,25,27,4,8,12,16,19,21,19,25,4,8,12,16,17,21,21,25,-,-,-,-,-,-,-,-,-,-,-,-,-,-,-,-,49,15,-2,67,12,2,66,2,0.65,0.33,91,9,10,39,0.43,-,8,,,,,
2025/2026,A3,Play_Off,Semifinal_1st,-,1878,25/4/2026 ,19:00 ,-,-,C,Negrini CTE Acqui Terme ,Acqui Terme,0,3,4,8,12,16,16,21,21,25,6,8,13,16,20,21,28,30,4,8,11,16,14,21,16,25,-,-,-,-,-,-,-,-,-,-,-,-,-,-,-,-,50,16,-9,66,12,4,69,11,0.22,0.14,82,11,7,41,0.5,-,5,,,,,
2025/2026,A3,Play_Off,Semifinal_1st,-,1878,25/4/2026 ,19:00 ,-,-,O,Domotek Reggio Calabria ,Reggio Calabria,3,0,8,4,16,12,21,16,25,21,8,6,16,13,21,20,30,28,8,4,16,11,21,14,25,16,-,-,-,-,-,-,-,-,-,-,-,-,-,-,-,-,57,24,19,79,10,8,54,4,0.5,0.2,77,3,5,42,0.55,-,7,,,,,
2025/2026,A3,Play_Off,Semifinal_1st,-,1879,25/4/2026 ,18:00 ,-,-,C,ErmGroup Altotevere San Giustino ,San Giustino Pallavolo,3,2,8,4,16,10,19,21,25,23,8,3,16,11,21,19,25,23,7,8,14,16,19,21,21,25,8,2,16,15,20,21,23,25,5,2,0,0,0,0,15,10,86,30,25,108,17,4,92,4,0.64,0.3,167,9,15,67,0.4,-,15,,,,,
2025/2026,A3,Play_Off,Semifinal_1st,-,1879,25/4/2026 ,18:00 ,-,-,O,Belluno Volley ,Belluno,2,3,4,8,10,16,21,19,23,25,3,8,11,16,19,21,23,25,8,7,16,14,21,19,25,21,2,8,15,16,21,20,25,23,2,5,0,0,0,0,10,15,79,29,21,107,14,3,91,5,0.54,0.21,158,8,15,61,0.39,-,15,,,,,
2025/2026,A3,Play_Off,Semifinal_2nd,-,1880,1/5/2026 ,20:00 ,-,-,C,Domotek Reggio Calabria ,Reggio Calabria,3,0,7,8,16,15,21,18,25,22,8,6,16,14,21,16,25,20,8,5,16,11,21,13,25,16,-,-,-,-,-,-,-,-,-,-,-,-,-,-,-,-,55,23,18,75,12,3,42,3,0.79,0.45,72,4,3,43,0.6,-,9,,,,,
2025/2026,A3,Play_Off,Semifinal_2nd,-,1880,1/5/2026 ,20:00 ,-,-,O,Negrini CTE Acqui Terme ,Acqui Terme,0,3,8,7,15,16,18,21,22,25,6,8,14,16,16,21,20,25,5,8,11,16,13,21,16,25,-,-,-,-,-,-,-,-,-,-,-,-,-,-,-,-,41,9,-10,59,17,3,63,3,0.54,0.3,80,4,9,35,0.44,-,3,,,,,
2025/2026,A3,Play_Off,Semifinal_2nd,-,1881,1/5/2026 ,17:30 ,-,-,C,Belluno Volley ,Belluno,3 (+1),2       ,8,7,16,14,21,20,25,23,8,3,16,8,21,12,25,16,3,8,12,16,15,21,20,25,8,5,16,14,21,19,24,26,5,3,0,0,0,0,15,13,81,27,21,115,17,-,87,4,0.45,0.18,153,6,10,67,0.44,-,14,,,,,
2025/2026,A3,Play_Off,Semifinal_2nd,-,1881,1/5/2026 ,17:30 ,-,-,O,ErmGroup Altotevere San Giustino ,San Giustino Pallavolo,2       ,3 (+1),7,8,14,16,20,21,23,25,3,8,8,16,12,21,16,25,8,3,16,12,21,15,25,20,5,8,14,16,19,21,26,24,3,5,0,0,0,0,13,15,85,24,14,111,24,3,98,2,0.47,0.22,178,11,14,73,0.41,-,10,,,,,
2025/2026,A3,Play_Off_Promotion,Final,1,1851,21/3/2026 ,20:30 ,-,-,C,Conad Reggio Emilia ,Reggio Emilia,3,1,8,7,15,16,16,21,19,25,8,6,16,15,21,18,25,21,8,6,16,11,21,15,25,17,7,8,16,15,21,18,25,21,-,-,-,-,-,-,-,-,69,25,24,93,17,7,68,-,0.57,0.32,125,4,6,56,0.45,-,7,,,,,
2025/2026,A3,Play_Off_Promotion,Final,1,1851,21/3/2026 ,20:30 ,-,-,O,Domotek Reggio Calabria ,Reggio Calabria,1,3,7,8,16,15,21,16,25,19,6,8,15,16,18,21,21,25,6,8,11,16,15,21,17,25,8,7,15,16,18,21,21,25,-,-,-,-,-,-,-,-,59,19,11,83,15,-,76,7,0.41,0.09,127,9,7,54,0.43,-,6,,,,,
2025/2026,A3,Play_Off_Promotion,Final,2,1852,29/3/2026 ,18:00 ,-,-,C,Domotek Reggio Calabria ,Reggio Calabria,3,0,8,2,16,7,21,7,25,11,8,7,16,12,21,15,25,17,8,4,16,15,21,19,25,21,-,-,-,-,-,-,-,-,-,-,-,-,-,-,-,-,57,27,29,73,7,7,40,4,0.63,0.48,84,2,5,41,0.49,-,9,,,,,
2025/2026,A3,Play_Off_Promotion,Final,2,1852,29/3/2026 ,18:00 ,-,-,O,Conad Reggio Emilia ,Reggio Emilia,0,3,2,8,7,16,7,21,11,25,7,8,12,16,15,21,17,25,4,8,15,16,19,21,21,25,-,-,-,-,-,-,-,-,-,-,-,-,-,-,-,-,39,8,-8,51,11,4,66,8,0.45,0.2,85,7,9,30,0.35,-,5,,,,,
2025/2026,A3,Play_Off_Promotion,Final,3,1853,5/4/2026 ,17:00 ,-,-,C,Conad Reggio Emilia ,Reggio Emilia,3,0,8,6,16,13,21,20,25,22,7,8,13,16,19,21,26,24,8,6,16,8,21,12,25,16,-,-,-,-,-,-,-,-,-,-,-,-,-,-,-,-,52,18,21,75,10,2,52,-,0.56,0.27,91,7,7,40,0.44,-,10,,,,,
2025/2026,A3,Play_Off_Promotion,Final,3,1853,5/4/2026 ,17:00 ,-,-,O,Domotek Reggio Calabria ,Reggio Calabria,0,3,6,8,13,16,20,21,22,25,8,7,16,13,21,19,24,26,6,8,8,16,12,21,16,25,-,-,-,-,-,-,-,-,-,-,-,-,-,-,-,-,45,10,3,63,11,-,64,2,0.52,0.2,112,12,10,41,0.37,-,6,,,,,
2025/2026,A3,Play_Off_Promotion,Final,4,1854,12/4/2026 ,18:00 ,-,-,C,Domotek Reggio Calabria ,Reggio Calabria,3,0,8,6,16,12,21,14,25,20,8,4,16,14,21,20,25,23,8,4,16,15,21,18,25,20,-,-,-,-,-,-,-,-,-,-,-,-,-,-,-,-,51,20,14,73,9,2,51,2,0.65,0.45,101,7,3,43,0.43,-,6,,,,,
2025/2026,A3,Play_Off_Promotion,Final,4,1854,12/4/2026 ,18:00 ,-,-,O,Conad Reggio Emilia ,Reggio Emilia,0,3,6,8,12,16,14,21,20,25,4,8,14,16,20,21,23,25,4,8,15,16,18,21,20,25,-,-,-,-,-,-,-,-,-,-,-,-,-,-,-,-,45,12,-1,65,14,2,64,2,0.56,0.31,100,9,6,40,0.4,-,3,,,,,
2025/2026,A3,Play_Out,PlayOut,1,1971,22/3/2026 ,18:00 ,-,-,C,Stadium Mirandola ,Mirandola,3,0,8,2,16,7,21,11,25,18,5,8,16,13,21,16,25,22,8,5,16,10,21,16,25,19,-,-,-,-,-,-,-,-,-,-,-,-,-,-,-,-,55,24,21,73,11,4,48,1,0.48,0.25,77,2,3,43,0.56,-,8,,,,,
2025/2026,A3,Play_Out,PlayOut,1,1971,22/3/2026 ,18:00 ,-,-,O,Sav Trebaseleghe ,Trebaseleghe,0,3,2,8,7,16,11,21,18,25,8,5,13,16,16,21,22,25,5,8,10,16,16,21,19,25,-,-,-,-,-,-,-,-,-,-,-,-,-,-,-,-,40,13,-10,61,13,1,62,5,0.5,0.23,88,7,8,36,0.41,-,3,,,,,
2025/2026,A3,Play_Out,PlayOut,1,1972,21/3/2026 ,18:00 ,-,-,C,Monge Gerbaudo Savigliano ,Savigliano ,3,0,7,8,16,14,21,20,25,22,4,8,14,16,20,21,25,23,8,5,16,14,21,17,25,19,-,-,-,-,-,-,-,-,-,-,-,-,-,-,-,-,60,20,20,74,8,6,59,6,0.64,0.41,87,9,3,52,0.6,-,2,,,,,
2025/2026,A3,Play_Out,PlayOut,1,1972,21/3/2026 ,18:00 ,-,-,O,Terni Volley Academy ,Terni Volley Academy,0,3,8,7,14,16,20,21,22,25,8,4,16,14,21,20,23,25,5,8,14,16,17,21,19,25,-,-,-,-,-,-,-,-,-,-,-,-,-,-,-,-,47,11,8,65,6,5,66,6,0.55,0.23,86,9,2,39,0.45,-,3,,,,,
2025/2026,A3,Play_Out,PlayOut,2,1973,29/3/2026 ,18:00 ,-,-,C,Sav Trebaseleghe ,Trebaseleghe,1,3,8,7,16,15,21,20,23,25,6,8,13,16,18,21,23,25,8,4,16,14,21,19,25,22,6,8,12,16,19,21,23,25,-,-,-,-,-,-,-,-,66,23,8,95,15,5,82,4,0.68,0.32,120,11,10,51,0.43,-,10,,,,,
2025/2026,A3,Play_Out,PlayOut,2,1973,29/3/2026 ,18:00 ,-,-,O,Stadium Mirandola ,Mirandola,3,1,7,8,15,16,20,21,25,23,8,6,16,13,21,18,25,23,4,8,14,16,19,21,22,25,8,6,16,12,21,19,25,23,-,-,-,-,-,-,-,-,68,22,8,97,15,4,80,7,0.44,0.23,114,10,10,54,0.47,-,10,,,,,
2025/2026,A3,Play_Out,PlayOut,2,1974,29/3/2026 ,18:00 ,-,-,C,Terni Volley Academy ,Terni Volley Academy,3,2,4,8,10,16,15,21,16,25,8,5,16,7,21,12,25,13,4,8,9,16,15,21,19,25,8,5,16,10,21,16,26,24,5,2,0,0,0,0,15,10,81,30,16,100,17,8,88,7,0.5,0.23,131,7,12,62,0.47,-,11,,,,,
2025/2026,A3,Play_Out,PlayOut,2,1974,29/3/2026 ,18:00 ,-,-,O,Monge Gerbaudo Savigliano ,Savigliano ,2,3,8,4,16,10,21,15,25,16,5,8,7,16,12,21,13,25,8,4,16,9,21,15,25,19,5,8,10,16,16,21,24,26,2,5,0,0,0,0,10,15,70,22,3,98,10,6,83,9,0.35,0.18,111,7,11,52,0.47,-,12,,,,,
2025/2026,A3,Coppa_Italia,Quarter,-,2201,10/1/2026 ,18:30 ,-,-,C,BCC Tecbus Castellana Grotte ,Castellana Grotte New Mater,0,3,8,5,16,10,20,21,26,28,4,8,13,16,17,21,20,25,7,8,13,16,18,21,22,25,-,-,-,-,-,-,-,-,-,-,-,-,-,-,-,-,51,16,-7,69,13,6,64,7,0.5,0.27,83,10,9,37,0.45,-,8,,,,,
2025/2026,A3,Coppa_Italia,Quarter,-,2201,10/1/2026 ,18:30 ,-,-,O,Viridex Sabaudia ,Sabaudia,3,0,5,8,10,16,21,20,28,26,8,4,16,13,21,17,25,20,8,7,16,13,21,18,25,22,-,-,-,-,-,-,-,-,-,-,-,-,-,-,-,-,53,20,7,77,13,7,57,7,0.53,0.11,73,3,8,37,0.51,-,9,,,,,
2025/2026,A3,Coppa_Italia,Quarter,-,2202,10/1/2026 ,20:00 ,645 ,€ 702 ,C,Domotek Reggio Calabria ,Reggio Calabria,3,1,7,8,14,16,16,21,21,25,8,5,16,12,21,18,25,21,8,7,15,16,21,18,25,20,8,3,16,6,21,12,25,18,-,-,-,-,-,-,-,-,67,22,15,95,13,4,71,4,0.56,0.37,116,9,7,50,0.43,-,13,,,,,
2025/2026,A3,Coppa_Italia,Quarter,-,2202,10/1/2026 ,20:00 ,645 ,€ 702 ,O,EnergyTime Campobasso ,Campobasso,1,3,8,7,16,14,21,16,25,21,5,8,12,16,18,21,21,25,7,8,16,15,18,21,20,25,3,8,6,16,12,21,18,25,-,-,-,-,-,-,-,-,62,18,-4,85,14,3,82,4,0.7,0.4,131,14,13,52,0.4,-,7,,,,,
2025/2026,A3,Coppa_Italia,Quarter,-,2203,15/1/2026 ,20:30 ,331 ,€ 494 ,C,Conad Reggio Emilia ,Reggio Emilia,3,0,8,6,16,10,21,15,25,20,8,4,16,11,21,12,25,16,7,8,16,15,21,18,25,22,-,-,-,-,-,-,-,-,-,-,-,-,-,-,-,-,48,21,19,73,9,6,42,3,0.48,0.21,69,3,3,38,0.55,-,5,,,,,
2025/2026,A3,Coppa_Italia,Quarter,-,2203,15/1/2026 ,20:30 ,331 ,€ 494 ,O,Gabbiano FarmaMed Mantova ,Mantova Top Team,0,3,6,8,10,16,15,21,20,25,4,8,11,16,12,21,16,25,8,7,15,16,18,21,22,25,-,-,-,-,-,-,-,-,-,-,-,-,-,-,-,-,46,12,2,60,18,3,64,7,0.45,0.23,85,9,5,40,0.47,-,3,,,,,
2025/2026,A3,Coppa_Italia,Quarter,-,2204,14/1/2026 ,20:30 ,-,-,C,ErmGroup Altotevere San Giustino ,San Giustino Pallavolo,0,3,8,6,11,16,16,21,22,25,6,8,15,16,18,21,20,25,4,8,8,16,11,21,15,25,-,-,-,-,-,-,-,-,-,-,-,-,-,-,-,-,45,11,-,58,9,3,68,1,0.53,0.26,98,6,12,36,0.37,-,6,,,,,
2025/2026,A3,Coppa_Italia,Quarter,-,2204,14/1/2026 ,20:30 ,-,-,O,Belluno Volley ,Belluno,3,0,6,8,16,11,21,16,25,22,8,6,16,15,21,18,25,20,8,4,16,8,21,11,25,15,-,-,-,-,-,-,-,-,-,-,-,-,-,-,-,-,58,26,18,74,6,1,49,3,0.57,0.18,93,7,6,45,0.48,-,12,,,,,
2025/2026,A3,Coppa_Italia,Semifinal,-,2205,7/3/2026 ,16:00 ,-,-,C,Conad Reggio Emilia ,Reggio Emilia,3,0,8,7,16,13,21,20,26,24,8,6,16,13,21,17,25,19,8,6,16,11,21,17,25,20,-,-,-,-,-,-,-,-,-,-,-,-,-,-,-,-,51,13,24,75,11,3,52,1,0.48,0.17,88,6,4,43,0.49,-,5,,,,,
2025/2026,A3,Coppa_Italia,Semifinal,-,2205,7/3/2026 ,16:00 ,-,-,O,Viridex Sabaudia ,Sabaudia,0,3,7,8,13,16,20,21,24,26,6,8,13,16,17,21,19,25,6,8,11,16,17,21,20,25,-,-,-,-,-,-,-,-,-,-,-,-,-,-,-,-,45,11,6,64,12,1,64,3,0.59,0.3,97,10,5,40,0.41,-,4,,,,,
2025/2026,A3,Coppa_Italia,Semifinal,-,2206,7/3/2026 ,18:30 ,-,-,C,Domotek Reggio Calabria ,Reggio Calabria,3,1,8,3,16,14,21,20,26,24,8,6,14,16,21,20,36,38,8,6,15,16,21,20,25,22,5,8,12,16,21,19,25,23,-,-,-,-,-,-,-,-,85,24,45,111,17,5,89,6,0.63,0.35,153,6,11,70,0.46,-,11,,,,,
2025/2026,A3,Coppa_Italia,Semifinal,-,2206,7/3/2026 ,18:30 ,-,-,O,Belluno Volley ,Belluno,1,3,3,8,14,16,20,21,24,26,6,8,16,14,20,21,38,36,6,8,16,15,20,21,22,25,8,5,16,12,19,21,23,25,-,-,-,-,-,-,-,-,83,21,38,108,18,6,94,6,0.53,0.33,145,8,11,66,0.46,-,11,,,,,
2025/2026,A3,Coppa_Italia,Final,-,2207,8/3/2026 ,18:00 ,-,-,C,Conad Reggio Emilia ,Reggio Emilia,2,3,6,8,16,13,21,18,25,20,8,3,16,10,21,14,25,17,8,7,15,16,15,21,19,25,6,8,16,15,20,21,24,26,2,5,0,0,0,0,9,15,72,21,34,103,16,3,84,4,0.71,0.37,135,10,8,56,0.41,-,13,,,,,
2025/2026,A3,Coppa_Italia,Final,-,2207,8/3/2026 ,18:00 ,-,-,O,Domotek Reggio Calabria ,Reggio Calabria,3,2,8,6,13,16,18,21,20,25,3,8,10,16,14,21,17,25,7,8,16,15,21,15,25,19,8,6,15,16,21,20,26,24,5,2,0,0,0,0,15,9,73,21,27,102,18,1,87,4,0.76,0.36,141,11,13,64,0.45,-,8,,,,,
2025/2026,A3,Supercoppa,Final,-,2321,19/4/2026 ,17:00 ,-,-,C,Conad Reggio Emilia ,Reggio Emilia,2,3,8,6,16,13,21,17,26,24,6,8,10,16,17,21,21,25,6,8,10,16,16,21,20,25,5,8,13,16,20,21,31,29,3,5,0,0,0,0,10,15,86,21,12,108,22,5,107,8,0.46,0.2,153,9,8,72,0.47,-,9,,,,,
2025/2026,A3,Supercoppa,Final,-,2321,19/4/2026 ,17:00 ,-,-,O,Domotek Reggio Calabria ,Reggio Calabria,3,2,6,8,13,16,17,21,24,26,8,6,16,10,21,17,25,21,8,6,16,10,21,16,25,20,8,5,16,13,21,20,29,31,5,3,0,0,0,0,15,10,83,28,35,117,10,8,86,5,0.57,0.26,142,10,9,67,0.47,-,8,,,,,
2025/2026,SuperLega,Play_Off_5th,Quarter,1,1436,4/4/2026 ,17:00 ,-,-,C,Vero Volley Monza ,Monza,3,0,8,5,16,15,21,19,25,22,3,8,16,15,21,18,25,19,3,8,11,16,21,19,25,21,-,-,-,-,-,-,-,-,-,-,-,-,-,-,-,-,53,24,11,73,12,8,48,5,0.35,0.13,76,3,4,38,0.5,-,7,,,,,
2025/2026,SuperLega,Play_Off_5th,Quarter,1,1436,4/4/2026 ,17:00 ,-,-,O,Sonepar Padova ,Padova,0,3,5,8,15,16,19,21,22,25,8,3,15,16,18,21,19,25,8,3,16,11,19,21,21,25,-,-,-,-,-,-,-,-,-,-,-,-,-,-,-,-,47,14,-6,64,16,2,61,10,0.49,0.21,93,6,7,41,0.44,-,4,,,,,
2025/2026,SuperLega,Play_Off_5th,Quarter,1,1437,6/4/2026 ,19:00 ,-,-,C,Valsa Group Modena ,Modena,3,0,8,3,16,12,21,18,25,22,8,6,16,12,21,17,25,21,8,5,16,11,21,17,25,21,-,-,-,-,-,-,-,-,-,-,-,-,-,-,-,-,50,20,9,73,19,4,53,3,0.62,0.28,71,4,3,37,0.52,-,9,,,,,
2025/2026,SuperLega,Play_Off_5th,Quarter,1,1437,6/4/2026 ,19:00 ,-,-,O,MA Acqua S.Bernardo Cuneo ,Cuneo,0,3,3,8,12,16,18,21,22,25,6,8,12,16,17,21,21,25,5,8,11,16,17,21,21,25,-,-,-,-,-,-,-,-,-,-,-,-,-,-,-,-,38,12,-15,66,13,3,54,4,0.5,0.17,78,11,9,32,0.41,-,3,,,,,
2025/2026,SuperLega,Play_Off_5th,Quarter,1,1438,4/4/2026 ,18:00 ,-,-,C,Allianz Milano ,Milano,3,0,8,5,16,12,21,15,25,19,8,6,16,14,21,16,25,19,8,3,16,10,21,13,25,14,-,-,-,-,-,-,-,-,-,-,-,-,-,-,-,-,55,24,25,73,15,8,40,2,0.65,0.4,81,4,5,42,0.52,-,5,,,,,
2025/2026,SuperLega,Play_Off_5th,Quarter,1,1438,4/4/2026 ,18:00 ,-,-,O,Cisterna Volley ,Cisterna,0,3,5,8,12,16,15,21,19,25,6,8,14,16,16,21,19,25,3,8,10,16,13,21,14,25,-,-,-,-,-,-,-,-,-,-,-,-,-,-,-,-,33,4,-21,54,14,2,58,9,0.55,0.29,66,6,5,26,0.39,-,5,,,,,
2025/2026,SuperLega,Play_Off_5th,Quarter,2,1439,8/4/2026 ,20:30 ,-,-,C,Sonepar Padova ,Padova,0,3,4,8,7,16,13,21,17,25,8,7,14,16,16,21,19,25,6,8,15,16,19,21,21,25,-,-,-,-,-,-,-,-,-,-,-,-,-,-,-,-,31,5,-22,59,15,2,58,3,0.57,0.29,71,6,8,26,0.37,-,3,,,,,
2025/2026,SuperLega,Play_Off_5th,Quarter,2,1439,8/4/2026 ,20:30 ,-,-,O,Vero Volley Monza ,Monza,3,0,8,4,16,7,21,13,25,17,7,8,16,14,21,16,25,19,8,6,16,15,21,19,25,21,-,-,-,-,-,-,-,-,-,-,-,-,-,-,-,-,52,21,15,73,15,3,44,2,0.52,0.3,75,9,3,41,0.55,-,8,,,,,
2025/2026,SuperLega,Play_Off_5th,Quarter,2,1440,9/4/2026 ,20:30 ,-,-,C,MA Acqua S.Bernardo Cuneo ,Cuneo,0,3,7,8,10,16,13,21,17,25,8,3,16,13,20,21,25,27,7,8,12,16,17,21,19,25,-,-,-,-,-,-,-,-,-,-,-,-,-,-,-,-,35,8,-9,63,15,-,56,6,0.55,0.34,83,7,8,31,0.37,-,4,,,,,
2025/2026,SuperLega,Play_Off_5th,Quarter,2,1440,9/4/2026 ,20:30 ,-,-,O,Valsa Group Modena ,Modena,3,0,8,7,16,10,21,13,25,17,3,8,13,16,21,20,27,25,8,7,16,12,21,17,25,19,-,-,-,-,-,-,-,-,-,-,-,-,-,-,-,-,55,22,19,75,19,5,48,1,0.63,0.38,77,5,4,42,0.55,-,8,,,,,
2025/2026,SuperLega,Play_Off_5th,Quarter,2,1441,8/4/2026 ,20:30 ,-,-,C,Cisterna Volley ,Cisterna,1,3,8,5,16,14,21,18,31,29,8,6,16,11,19,21,22,25,8,5,16,14,21,19,23,25,4,8,13,16,20,21,22,25,-,-,-,-,-,-,-,-,72,28,9,99,22,10,81,3,0.59,0.21,125,13,10,53,0.42,-,9,,,,,
2025/2026,SuperLega,Play_Off_5th,Quarter,2,1441,8/4/2026 ,20:30 ,-,-,O,Allianz Milano ,Milano,3,1,5,8,14,16,18,21,29,31,6,8,11,16,21,19,25,22,5,8,14,16,19,21,25,23,8,4,16,13,21,20,25,22,-,-,-,-,-,-,-,-,65,24,-1,103,22,3,77,11,0.4,0.16,111,4,9,52,0.47,-,10,,,,,
2025/2026,SuperLega,Play_Off_5th,Semifinal,1,1445,19/4/2026 ,18:00 ,-,-,C,Itas Trentino ,Trento ,3,0,8,4,16,13,21,17,25,20,8,3,16,10,21,14,25,17,8,4,16,10,21,13,25,17,-,-,-,-,-,-,-,-,-,-,-,-,-,-,-,-,55,26,13,73,11,2,42,-,0.52,0.19,85,3,6,44,0.52,-,9,,,,,
2025/2026,SuperLega,Play_Off_5th,Semifinal,1,1445,19/4/2026 ,18:00 ,-,-,O,Vero Volley Monza ,Monza,0,3,4,8,13,16,17,21,20,25,3,8,10,16,14,21,17,25,4,8,10,16,13,21,17,25,-,-,-,-,-,-,-,-,-,-,-,-,-,-,-,-,40,9,-7,56,14,-,62,4,0.44,0.19,85,6,9,34,0.4,-,6,,,,,
2025/2026,SuperLega,Play_Off_5th,Semifinal,1,1446,19/4/2026 ,18:00 ,-,-,C,Valsa Group Modena ,Modena,3,1,4,8,12,16,21,20,25,23,8,7,16,15,20,21,38,36,8,5,16,12,18,21,22,25,8,6,16,13,21,19,25,22,-,-,-,-,-,-,-,-,75,27,14,109,30,9,76,2,0.67,0.36,111,10,4,61,0.55,-,5,,,,,
2025/2026,SuperLega,Play_Off_5th,Semifinal,1,1446,19/4/2026 ,18:00 ,-,-,O,Allianz Milano ,Milano,1,3,8,4,16,12,20,21,23,25,7,8,15,16,21,20,36,38,5,8,12,16,21,18,25,22,6,8,13,16,19,21,22,25,-,-,-,-,-,-,-,-,65,17,-1,107,31,2,79,10,0.41,0.19,110,4,5,59,0.54,-,4,,,,,
2025/2026,SuperLega,Play_Off_5th,Semifinal,2,1447,25/4/2026 ,16:00 ,-,-,C,Vero Volley Monza ,Monza,0,3,5,8,10,16,17,21,21,25,4,8,11,16,14,21,16,25,4,8,7,16,12,21,16,25,-,-,-,-,-,-,-,-,-,-,-,-,-,-,-,-,36,7,-13,55,13,2,61,6,0.44,0.18,73,7,9,30,0.41,-,4,,,,,
2025/2026,SuperLega,Play_Off_5th,Semifinal,2,1447,25/4/2026 ,16:00 ,-,-,O,Itas Trentino ,Trento ,3,0,8,5,16,10,21,17,25,21,8,4,16,11,21,14,25,16,8,4,16,7,21,12,25,16,-,-,-,-,-,-,-,-,-,-,-,-,-,-,-,-,54,23,12,73,12,6,42,2,0.38,0.12,69,5,4,39,0.57,-,9,,,,,
2025/2026,SuperLega,Play_Off_5th,Semifinal,2,1448,26/4/2026 ,17:00 ,-,-,C,Allianz Milano ,Milano,1,3,8,7,16,15,21,17,25,22,4,8,12,16,16,21,21,25,8,7,16,14,20,21,23,25,6,8,15,16,15,21,20,25,-,-,-,-,-,-,-,-,54,19,-5,90,25,6,66,11,0.35,0.15,78,5,3,41,0.53,-,7,,,,,
2025/2026,SuperLega,Play_Off_5th,Semifinal,2,1448,26/4/2026 ,17:00 ,-,-,O,Valsa Group Modena ,Modena,3,1,7,8,15,16,17,21,22,25,8,4,16,12,21,16,25,21,7,8,14,16,21,20,25,23,8,6,16,15,21,15,25,20,-,-,-,-,-,-,-,-,67,27,3,96,30,11,65,6,0.45,0.31,86,5,7,53,0.62,-,3,,,,,
2025/2026,SuperLega,Play_Off_5th,Final,1,1451,1/5/2026 ,18:00 ,-,-,C,Itas Trentino ,Trento ,0,3,3,8,12,16,19,21,26,28,6,8,11,16,14,21,17,25,3,8,11,16,18,21,21,25,-,-,-,-,-,-,-,-,-,-,-,-,-,-,-,-,39,12,-13,66,13,5,58,10,0.4,0.24,61,2,4,30,0.49,-,4,,,,,
2025/2026,SuperLega,Play_Off_5th,Final,1,1451,1/5/2026 ,18:00 ,-,-,O,Valsa Group Modena ,Modena,3,0,8,3,16,12,21,19,28,26,8,6,16,11,21,14,25,17,8,3,16,11,21,18,25,21,-,-,-,-,-,-,-,-,-,-,-,-,-,-,-,-,63,28,19,76,18,10,53,5,0.47,0.17,80,6,4,49,0.61,-,4,,,,,
2025/2026,SuperLega,Play_Off_5th,Final,2,1452,5/5/2026 ,20:30 ,-,-,C,Valsa Group Modena ,Modena,3,1,8,7,16,14,21,17,25,21,7,8,13,16,18,21,23,25,7,8,16,15,21,17,25,21,8,3,16,9,21,11,25,13,-,-,-,-,-,-,-,-,76,33,22,97,23,10,66,5,0.59,0.33,97,6,4,58,0.6,-,8,,,,,
2025/2026,SuperLega,Play_Off_5th,Final,2,1452,5/5/2026 ,20:30 ,-,-,O,Itas Trentino ,Trento ,1,3,7,8,14,16,17,21,21,25,8,7,16,13,21,18,25,23,8,7,15,16,17,21,21,25,3,8,9,16,11,21,13,25,-,-,-,-,-,-,-,-,50,17,-13,80,13,5,74,12,0.39,0.24,88,8,7,41,0.47,-,4,,,,,
2025/2026,A2,Play_Off,Quarter,1,1601,12/4/2026 ,18:30 ,-,-,C,Abba Pineto ,Pineto,3,1,8,6,16,12,21,16,25,21,8,6,16,12,21,19,25,23,7,8,14,16,21,19,23,25,8,1,16,10,21,18,25,20,-,-,-,-,-,-,-,-,73,26,15,97,14,6,76,4,0.71,0.5,134,14,13,60,0.45,-,7,,,,,
2025/2026,A2,Play_Off,Quarter,1,1601,12/4/2026 ,18:30 ,-,-,O,Alva Inox 2 Emme Service Porto Viro ,Porto Viro,1,3,6,8,12,16,16,21,21,25,6,8,12,16,19,21,23,25,8,7,16,14,19,21,25,23,1,8,10,16,18,21,20,25,-,-,-,-,-,-,-,-,59,19,-5,90,14,2,83,7,0.45,0.33,115,11,7,44,0.38,-,13,,,,,
2025/2026,A2,Play_Off,Quarter,1,1602,12/4/2026 ,18:00 ,-,-,C,Consar Ravenna ,Ravenna,3,1,8,5,16,14,21,17,25,19,8,6,16,10,21,14,25,17,4,8,11,16,16,21,16,25,8,7,15,16,21,17,25,19,-,-,-,-,-,-,-,-,67,28,12,89,12,9,70,3,0.43,0.14,105,10,10,47,0.45,-,11,,,,,
2025/2026,A2,Play_Off,Quarter,1,1602,12/4/2026 ,18:00 ,-,-,O,Virtus Aversa ,Aversa,1,3,5,8,14,16,17,21,19,25,6,8,10,16,14,21,17,25,8,4,16,11,21,16,25,16,7,8,16,15,17,21,19,25,-,-,-,-,-,-,-,-,58,18,1,81,11,2,77,9,0.4,0.1,98,10,11,46,0.47,-,10,,,,,
2025/2026,A2,Play_Off,Quarter,1,1603,12/4/2026 ,17:30 ,-,-,C,Gruppo Consoli Sferc Brescia ,Brescia Atlantide,3,1,8,7,12,16,17,21,20,25,8,7,16,14,21,19,25,21,5,8,12,16,19,21,25,23,7,8,16,11,21,14,25,17,-,-,-,-,-,-,-,-,75,33,36,94,18,7,76,3,0.51,0.28,110,6,11,61,0.55,-,7,,,,,
2025/2026,A2,Play_Off,Quarter,1,1603,12/4/2026 ,17:30 ,-,-,O,Banca Macerata Fisiomed MC ,Macerata,1,3,7,8,16,12,21,17,25,20,7,8,14,16,19,21,21,25,8,5,16,12,21,19,23,25,8,7,11,16,14,21,17,25,-,-,-,-,-,-,-,-,60,23,30,87,11,3,76,7,0.43,0.25,101,5,7,46,0.46,-,11,,,,,
2025/2026,A2,Play_Off,Quarter,1,1604,12/4/2026 ,17:30 ,-,-,C,Tinet Prata di Pordenone ,Prata,3,1,8,5,16,11,21,16,25,21,6,8,14,16,20,21,22,25,8,6,16,10,21,14,25,19,8,7,14,16,21,20,25,22,-,-,-,-,-,-,-,-,70,26,17,96,21,11,72,2,0.58,0.26,108,9,6,49,0.45,-,10,,,,,
2025/2026,A2,Play_Off,Quarter,1,1604,12/4/2026 ,17:30 ,-,-,O,Rinascita Lagonegro ,Lagonegro,1,3,5,8,11,16,16,21,21,25,8,6,16,14,21,20,25,22,6,8,10,16,14,21,19,25,7,8,16,14,20,21,22,25,-,-,-,-,-,-,-,-,54,14,-12,88,16,2,75,11,0.41,0.21,106,10,10,46,0.43,-,6,,,,,
2025/2026,A2,Play_Off,Quarter,2,1605,15/4/2026 ,20:30 ,-,-,C,Alva Inox 2 Emme Service Porto Viro ,Porto Viro,3,1,8,5,15,16,21,19,25,21,8,6,16,11,21,19,23,25,7,8,14,16,20,21,25,21,6,8,16,15,21,17,25,21,-,-,-,-,-,-,-,-,69,28,31,96,16,10,72,8,0.35,0.1,104,3,10,50,0.48,-,9,,,,,
2025/2026,A2,Play_Off,Quarter,2,1605,15/4/2026 ,20:30 ,-,-,O,Abba Pineto ,Pineto,1,3,5,8,16,15,19,21,21,25,6,8,11,16,19,21,25,23,8,7,16,14,21,20,21,25,8,6,15,16,17,21,21,25,-,-,-,-,-,-,-,-,68,27,19,90,18,8,80,11,0.4,0.15,108,10,9,50,0.46,-,10,,,,,
2025/2026,A2,Play_Off,Quarter,2,1606,15/4/2026 ,20:30 ,-,-,C,Virtus Aversa ,Aversa,3,0,8,6,15,16,21,17,25,21,8,6,15,16,21,20,25,23,8,6,16,13,21,20,25,23,-,-,-,-,-,-,-,-,-,-,-,-,-,-,-,-,46,12,7,73,13,2,53,3,0.51,0.43,82,3,7,39,0.48,-,5,,,,,
2025/2026,A2,Play_Off,Quarter,2,1606,15/4/2026 ,20:30 ,-,-,O,Consar Ravenna ,Ravenna,0,3,6,8,16,15,17,21,21,25,6,8,16,15,20,21,23,25,6,8,13,16,20,21,23,25,-,-,-,-,-,-,-,-,-,-,-,-,-,-,-,-,51,14,-6,69,16,3,60,2,0.5,0.37,90,13,5,41,0.46,-,7,,,,,
2025/2026,A2,Play_Off,Quarter,2,1607,15/4/2026 ,20:30 ,-,-,C,Banca Macerata Fisiomed MC ,Macerata,0,3,7,8,15,16,17,21,18,25,8,5,16,15,21,17,27,29,6,8,15,16,19,21,22,25,-,-,-,-,-,-,-,-,-,-,-,-,-,-,-,-,44,11,15,69,16,1,62,5,0.48,0.23,77,3,5,38,0.49,-,5,,,,,
2025/2026,A2,Play_Off,Quarter,2,1607,15/4/2026 ,20:30 ,-,-,O,Gruppo Consoli Sferc Brescia ,Brescia Atlantide,3,0,8,7,16,15,21,17,25,18,5,8,15,16,17,21,29,27,8,6,16,15,21,19,25,22,-,-,-,-,-,-,-,-,-,-,-,-,-,-,-,-,58,21,30,77,15,4,53,1,0.7,0.45,88,6,5,49,0.56,-,5,,,,,
2025/2026,A2,Play_Off,Quarter,2,1608,15/4/2026 ,20:00 ,-,-,C,Rinascita Lagonegro ,Lagonegro,1,3,8,6,16,14,21,19,25,22,5,8,11,16,16,21,20,25,4,8,12,16,15,21,15,25,8,6,16,12,21,17,23,25,-,-,-,-,-,-,-,-,56,22,-5,84,14,2,76,6,0.36,0.13,112,13,13,43,0.38,-,11,,,,,
2025/2026,A2,Play_Off,Quarter,2,1608,15/4/2026 ,20:00 ,-,-,O,Tinet Prata di Pordenone ,Prata,3,1,6,8,14,16,19,21,22,25,8,5,16,11,21,16,25,20,8,4,16,12,21,15,25,15,6,8,12,16,17,21,25,23,-,-,-,-,-,-,-,-,69,28,17,96,20,5,70,2,0.57,0.33,105,6,11,51,0.49,-,13,,,,,
2025/2026,A2,Play_Off,Quarter,2,1608,15/4/2026 ,20:00 ,-,-,C,Rinascita Lagonegro ,Lagonegro,1,3,8,6,16,14,21,19,25,22,5,8,11,16,16,21,20,25,4,8,12,16,15,21,15,25,8,6,16,12,21,17,23,25,-,-,-,-,-,-,-,-,56,22,-5,84,14,2,76,6,0.36,0.13,112,13,13,43,0.38,-,11,,,,,
2025/2026,A2,Play_Off,Quarter,2,1608,15/4/2026 ,20:00 ,-,-,O,Tinet Prata di Pordenone ,Prata,3,1,6,8,14,16,19,21,22,25,8,5,16,11,21,16,25,20,8,4,16,12,21,15,25,15,6,8,12,16,17,21,25,23,-,-,-,-,-,-,-,-,69,28,17,96,20,5,70,2,0.57,0.33,105,6,11,51,0.49,-,13,,,,,
2025/2026,A2,Play_Off,Quarter,3,1610,19/4/2026 ,18:00 ,-,-,C,Consar Ravenna ,Ravenna,2,3,8,5,16,12,21,17,25,20,7,8,16,14,21,18,25,21,7,8,14,16,19,21,23,25,3,8,13,16,18,21,25,27,3,5,0,0,0,0,13,15,83,33,12,111,23,4,88,7,0.47,0.2,129,12,10,66,0.51,-,13,,,,,
2025/2026,A2,Play_Off,Quarter,3,1610,19/4/2026 ,18:00 ,-,-,O,Virtus Aversa ,Aversa,3,2,5,8,12,16,17,21,20,25,8,7,14,16,18,21,21,25,8,7,16,14,21,19,25,23,8,3,16,13,21,18,27,25,5,3,0,0,0,0,15,13,73,24,6,108,20,6,88,4,0.48,0.2,114,8,13,57,0.5,-,10,,,,,
2025/2026,A2,Play_Off,Semifinal,1,1613,22/4/2026 ,20:30 ,-,-,C,Abba Pineto ,Pineto,3,1,8,4,16,13,21,19,25,21,6,8,15,16,21,20,25,21,7,8,16,15,18,21,23,25,7,8,16,14,21,19,30,28,-,-,-,-,-,-,-,-,75,26,17,102,10,3,76,2,0.57,0.41,112,10,9,58,0.52,-,14,,,,,
2025/2026,A2,Play_Off,Semifinal,1,1613,22/4/2026 ,20:30 ,-,-,O,Virtus Aversa ,Aversa,1,3,4,8,13,16,19,21,21,25,8,6,16,15,20,21,21,25,8,7,15,16,21,18,25,23,8,7,14,16,19,21,28,30,-,-,-,-,-,-,-,-,73,18,7,96,20,2,92,3,0.54,0.39,126,8,14,62,0.49,-,9,,,,,
2025/2026,A2,Play_Off,Semifinal,1,1614,22/4/2026 ,20:00 ,-,-,C,Gruppo Consoli Sferc Brescia ,Brescia Atlantide,1,3,8,7,13,16,16,21,18,25,8,6,16,11,21,15,25,19,7,8,11,16,17,21,18,25,6,8,9,16,14,21,16,25,-,-,-,-,-,-,-,-,53,20,3,78,17,8,78,9,0.47,0.27,102,10,13,41,0.4,-,4,,,,,
2025/2026,A2,Play_Off,Semifinal,1,1614,22/4/2026 ,20:00 ,-,-,O,Tinet Prata di Pordenone ,Prata,3,1,7,8,16,13,21,16,25,18,6,8,11,16,15,21,19,25,8,7,16,11,21,17,25,18,8,6,16,9,21,14,25,16,-,-,-,-,-,-,-,-,66,35,31,93,15,9,61,8,0.39,0.15,84,8,4,44,0.52,-,13,,,,,
2025/2026,A2,Play_Off,Semifinal,2,1615,26/4/2026 ,18:00 ,-,-,C,Virtus Aversa ,Aversa,3,0,6,8,16,15,21,20,27,25,8,6,13,16,19,21,25,23,8,5,16,14,21,17,25,22,-,-,-,-,-,-,-,-,-,-,-,-,-,-,-,-,67,22,31,75,12,-,66,2,0.55,0.2,101,10,7,58,0.57,-,9,,,,,
2025/2026,A2,Play_Off,Semifinal,2,1615,26/4/2026 ,18:00 ,-,-,O,Abba Pineto ,Pineto,0,3,8,6,15,16,20,21,25,27,6,8,16,13,21,19,23,25,5,8,14,16,17,21,22,25,-,-,-,-,-,-,-,-,-,-,-,-,-,-,-,-,47,11,29,72,6,2,63,-,0.49,0.24,81,3,9,38,0.47,-,7,,,,,
2025/2026,A2,Play_Off,Semifinal,2,1616,25/4/2026 ,20:30 ,-,-,C,Tinet Prata di Pordenone ,Prata,3,2,8,4,16,14,21,16,24,26,6,8,13,16,20,21,28,26,8,7,16,13,21,16,25,18,8,6,11,16,15,21,17,25,4,5,0,0,0,0,15,13,69,30,23,109,20,10,76,12,0.39,0.17,92,8,6,49,0.53,-,10,,,,,
2025/2026,A2,Play_Off,Semifinal,2,1616,25/4/2026 ,20:30 ,-,-,O,Gruppo Consoli Sferc Brescia ,Brescia Atlantide,2,3,4,8,14,16,16,21,26,24,8,6,16,13,21,20,26,28,7,8,13,16,16,21,18,25,6,8,16,11,21,15,25,17,5,4,0,0,0,0,13,15,78,25,17,106,30,12,89,10,0.45,0.29,109,8,10,60,0.55,-,6,,,,,
2025/2026,A2,Play_Off,Semifinal,3,1617,29/4/2026 ,20:30 ,-,-,C,Abba Pineto ,Pineto,3,0,6,8,16,14,18,21,39,37,8,6,16,10,21,12,25,17,8,3,16,9,21,14,25,18,-,-,-,-,-,-,-,-,-,-,-,-,-,-,-,-,63,29,34,88,11,5,55,3,0.56,0.27,84,6,7,47,0.56,-,11,,,,,
2025/2026,A2,Play_Off,Semifinal,3,1617,29/4/2026 ,20:30 ,-,-,O,Virtus Aversa ,Aversa,0,3,8,6,14,16,21,18,37,39,6,8,10,16,12,21,17,25,3,8,9,16,14,21,18,25,-,-,-,-,-,-,-,-,-,-,-,-,-,-,-,-,54,12,11,73,18,3,77,5,0.45,0.23,92,7,11,44,0.48,-,7,,,,,
2025/2026,A2,Play_Off,Final,1,1619,3/5/2026 ,18:30 ,-,-,C,Abba Pineto ,Pineto,1,3,3,8,4,16,10,21,13,25,4,8,16,15,21,20,25,22,3,8,11,16,16,21,21,25,8,5,15,16,18,21,22,25,-,-,-,-,-,-,-,-,49,18,12,82,13,3,72,10,0.43,0.15,99,4,10,43,0.43,-,3,,,,,
2025/2026,A2,Play_Off,Final,1,1619,3/5/2026 ,18:30 ,-,-,O,Tinet Prata di Pordenone ,Prata,3,1,8,3,16,4,21,10,25,13,8,4,15,16,20,21,22,25,8,3,16,11,21,16,25,21,5,8,16,15,21,18,25,22,-,-,-,-,-,-,-,-,78,31,41,96,24,10,69,3,0.57,0.3,105,7,3,58,0.55,-,10,,,,,
2025/2026,A2,Play_Off,Final,2,1620,6/5/2026 ,20:30 ,-,-,C,Tinet Prata di Pordenone ,Prata,3,0,8,6,16,12,21,16,25,19,6,8,15,16,21,19,25,22,7,8,16,15,21,18,25,22,-,-,-,-,-,-,-,-,-,-,-,-,-,-,-,-,55,20,16,73,15,1,50,2,0.42,0.14,80,6,2,50,0.63,-,4,,,,,
2025/2026,A2,Play_Off,Final,2,1620,6/5/2026 ,20:30 ,-,-,O,Abba Pineto ,Pineto,0,3,6,8,12,16,16,21,19,25,8,6,16,15,19,21,22,25,8,7,15,16,18,21,22,25,-,-,-,-,-,-,-,-,-,-,-,-,-,-,-,-,42,9,1,65,15,2,58,1,0.29,0.12,78,4,4,38,0.49,-,2,,,,,
2025/2026,A2,Play_Off,Final,3,1621,10/5/2026 ,18:30 ,-,-,C,Abba Pineto ,Pineto,0,3,4,8,9,16,14,21,17,25,8,2,13,16,17,21,20,25,8,7,11,16,15,21,17,25,-,-,-,-,-,-,-,-,-,-,-,-,-,-,-,-,27,8,-15,56,13,1,60,10,0.25,0.1,62,12,6,22,0.35,-,4,,,,,
2025/2026,A2,Play_Off,Final,3,1621,10/5/2026 ,18:30 ,-,-,O,Tinet Prata di Pordenone ,Prata,3,0,8,4,16,9,21,14,25,17,2,8,16,13,21,17,25,20,7,8,16,11,21,15,25,17,-,-,-,-,-,-,-,-,-,-,-,-,-,-,-,-,50,23,25,73,13,9,43,1,0.72,0.4,68,7,4,35,0.51,-,6,,,,,
2025/2026,A3,Play_Off,Final,1,1882,6/5/2026 ,20:30 ,-,-,C,Domotek Reggio Calabria ,Reggio Calabria,3,1,4,8,13,16,19,21,26,24,7,8,16,14,20,21,22,25,6,8,16,14,21,18,25,22,8,6,15,16,21,18,25,20,-,-,-,-,-,-,-,-,72,22,11,97,17,-,79,2,0.58,0.37,117,7,8,66,0.56,-,6,,,,,
2025/2026,A3,Play_Off,Final,1,1882,6/5/2026 ,20:30 ,-,-,O,Belluno Volley ,Belluno,1,3,8,4,16,13,21,19,24,26,8,7,14,16,21,20,25,22,8,6,14,16,18,21,22,25,6,8,16,15,18,21,20,25,-,-,-,-,-,-,-,-,66,20,-,92,13,2,80,2,0.73,0.51,116,13,6,56,0.48,-,8,,,,,
2025/2026,A3,Play_Off,Final,2,1883,10/5/2026 ,18:00 ,-,-,C,Belluno Volley ,Belluno,3,1,8,5,12,16,15,21,19,25,7,8,13,16,20,21,29,27,8,6,16,9,21,11,25,13,8,2,16,11,21,12,25,20,-,-,-,-,-,-,-,-,70,32,16,96,14,4,65,5,0.58,0.34,127,10,8,55,0.43,-,12,,,,,
2025/2026,A3,Play_Off,Final,2,1883,10/5/2026 ,18:00 ,-,-,O,Domotek Reggio Calabria ,Reggio Calabria,1,3,5,8,16,12,21,15,25,19,8,7,16,13,21,20,27,29,6,8,9,16,11,21,13,25,2,8,11,16,12,21,20,25,-,-,-,-,-,-,-,-,57,17,-6,82,17,3,82,4,0.54,0.2,116,9,12,46,0.4,-,8,,,,,
2025/2026,A3,Play_Off,Final,3,1884,17/5/2026 ,19:00 ,-,-,C,Domotek Reggio Calabria ,Reggio Calabria,3,0,7,8,16,11,21,19,25,22,8,5,16,11,21,12,25,19,8,6,16,12,21,18,25,23,-,-,-,-,-,-,-,-,-,-,-,-,-,-,-,-,56,20,9,74,16,3,49,2,0.65,0.29,76,4,10,42,0.55,-,11,,,,,
2025/2026,A3,Play_Off,Final,3,1884,17/5/2026 ,19:00 ,-,-,O,Belluno Volley ,Belluno,0,3,8,7,11,16,19,21,22,25,5,8,11,16,12,21,19,25,6,8,12,16,18,21,23,25,-,-,-,-,-,-,-,-,-,-,-,-,-,-,-,-,43,12,-8,65,16,2,57,2,0.7,0.49,77,4,11,31,0.4,-,10,,,,,
