Season,Division,Championship,Phase,Day,Game,Match No,DMY,Time,Spettatori,Incasso,Casa/Ospite,Team,Club,Set Won,Set Lost,Set1_Point_Won_Part1,Set1_Point_Won_Part2,Set1_Point_Won_Part3,Set1_Point_Won,Set1_Point_Lost_Part1,Set1_Point_Lost_Part2,Set1_Point_Lost_Part3,Set1_Point_Lost,Set2_Point_Won_Part1,Set2_Point_Won_Part2,Set2_Point_Won_Part3,Set2_Point_Won,Set2_Point_Lost_Part1,Set2_Point_Lost_Part2,Set2_Point_Lost_Part3,Set2_Point_Lost,Set3_Point_Won_Part1,Set3_Point_Won_Part2,Set3_Point_Won_Part3,Set3_Point_Won,Set3_Point_Lost_Part1,Set3_Point_Lost_Part2,Set3_Point_Lost_Part3,Set3_Point_Lost,Set4_Point_Won_Part1,Set4_Point_Won_Part2,Set4_Point_Won_Part3,Set4_Point_Won,Set4_Point_Lost_Part1,Set4_Point_Lost_Part2,Set4_Point_Lost_Part3,Set4_Point_Lost,Set5_Point_Won_Part1,Set5_Point_Won_Part2,Set5_Point_Won_Part3,Set5_Point_Won,Set5_Point_Lost_Part1,Set5_Point_Lost_Part2,Set5_Point_Lost_Part3,Set5_Point_Lost,Point_Tot,Point_BP,Point_VP,Service_N,Service_Err,Service_Pt,Reception_N,Reception_Err,Reception_Pos%,Reception_Prf%,Spike_N,Spike_Err,Spike_Blocked,Spike_Pt,Spike_Pt%,Block_Invasion,Block_Pt
2025/2026,A1,Regular_Season,1st,1,-,3002,6/10/2025 ,20:30,1.13,-,C,Wash4green Monviso Volley,Pallavolo Pinerolo,1,3,4,8,8,16,15,21,19,25,7,8,16,15,21,19,26,24,3,8,9,16,12,21,15,25,6,8,15,16,20,21,24,26,-,-,-,-,-,-,-,-,65,17,13,85,14,6,89,7,0.63 ,0.31 ,132,15,16,53,0.40 ,-,6
2025/2026,A1,Regular_Season,1st,2,-,3002,6/10/2025 ,20:30,1.13,-,O,Savino Del Bene Scandicci,Savino Del Bene Scandicci,3,1,8,4,16,8,21,15,25,19,8,7,15,16,19,21,24,26,8,3,16,9,21,12,25,15,8,6,16,15,21,20,26,24,-,-,-,-,-,-,-,-,70,30,35,99,10,7,71,11,0.54 ,0.35 ,107,8,6,47,0.44 ,-,16
2025/2026,A1,Regular_Season,1st,3,-,3003,6/10/2025 ,20:30,732,-,C,Il Bisonte Firenze,Azzurra Volley Firenze,1,3,3,8,6,16,11,21,13,25,6,8,10,16,12,21,15,25,8,7,16,11,21,17,25,21,7,8,12,16,14,21,15,25,-,-,-,-,-,-,-,-,41,12,4,69,6,3,79,8,0.52 ,0.25 ,131,10,13,30,0.23 ,-,8
2025/2026,A1,Regular_Season,1st,4,-,3003,6/10/2025 ,20:30,732,-,O,Reale Mutua Fenera Chieri '76,Fenera Chieri '76,3,1,8,3,16,6,21,11,25,13,8,6,16,10,21,12,25,15,7,8,11,16,17,21,21,25,8,7,16,12,21,14,25,15,-,-,-,-,-,-,-,-,78,36,42,95,16,5,63,4,0.59 ,0.30 ,136,8,8,60,0.44 ,-,13
2025/2026,A1,Regular_Season,1st,5,-,3004,6/10/2025 ,20:30,1.15,-,C,Bartoccini-Mc Restauri Perugia,Bartoccini Perugia,2,3,7,8,13,16,18,21,26,28,6,8,16,14,20,21,26,24,8,6,16,10,21,14,25,18,5,8,13,16,17,21,18,25,3,5,7,10,10,12,13,15,73,28,26,109,12,3,95,8,0.48 ,0.39 ,184,9,16,57,0.31 ,-,13
2025/2026,A1,Regular_Season,1st,6,-,3004,6/10/2025 ,20:30,1.15,-,O,Megabox Ondulati Del Savio Vallefoglia,Megabox Vallefoglia,3,2,8,7,16,13,21,18,28,26,8,6,14,16,21,20,24,26,6,8,10,16,14,21,18,25,8,5,16,13,21,17,25,18,5,3,10,7,12,10,15,13,82,29,33,109,14,1,97,7,0.53 ,0.42 ,181,13,13,65,0.36 ,-,16
2025/2026,A1,Regular_Season,1st,7,-,3005,6/10/2025 ,20:30,3.237,-,C,Numia Vero Volley Milano,Vero Volley,3,0,6,8,16,15,21,17,25,19,8,5,16,11,21,18,25,20,7,8,16,15,21,20,25,23,-,-,-,-,-,-,-,-,-,-,-,-,-,-,-,-,59,23,42,74,4,3,58,5,0.50 ,0.41 ,102,4,4,50,0.49 ,-,6
2025/2026,A1,Regular_Season,1st,8,-,3005,6/10/2025 ,20:30,3.237,-,O,Bergamo,Volley Bergamo 1991,0,3,8,6,15,16,17,21,19,25,5,8,11,16,18,21,20,25,8,7,15,16,20,21,23,25,-,-,-,-,-,-,-,-,-,-,-,-,-,-,-,-,49,13,25,63,5,3,70,5,0.47 ,0.30 ,112,8,6,42,0.38 ,-,4
2025/2026,A1,Regular_Season,1st,9,-,3006,6/10/2025 ,20:30,1.003,-,C,Omag-Mt San Giovanni In Marignano,San Giovanni In Marignano,0,3,3,8,8,16,13,21,16,25,8,4,16,9,21,19,23,25,7,8,15,16,20,21,23,25,-,-,-,-,-,-,-,-,-,-,-,-,-,-,-,-,41,16,8,63,9,4,61,4,0.51 ,0.25 ,99,12,8,30,0.30 ,-,7
2025/2026,A1,Regular_Season,1st,10,-,3006,6/10/2025 ,20:30,1.003,-,O,Igor Gorgonzola Novara,Igor Novara,3,0,8,3,16,8,21,13,25,16,4,8,9,16,19,21,25,23,8,7,16,15,21,20,25,23,-,-,-,-,-,-,-,-,-,-,-,-,-,-,-,-,52,25,21,74,13,4,54,4,0.67 ,0.39 ,100,7,7,40,0.40 ,-,8
2025/2026,A1,Regular_Season,1st,11,-,3007,6/10/2025 ,20:30,810,-,C,Cbf Balducci Hr Macerata,Helvia Recina Volley Macerata,2,3,8,5,15,16,18,21,30,28,8,2,16,8,21,9,25,12,8,7,15,16,21,19,27,29,8,7,12,16,15,21,18,25,3,5,10,9,12,9,14,16,81,32,44,114,11,8,94,11,0.46 ,0.21 ,163,6,9,64,0.39 ,-,9
2025/2026,A1,Regular_Season,1st,12,-,3007,6/10/2025 ,20:30,810,-,O,Honda Cuneo Granda Volley,Honda Cuneo Granda Volley,3,2,5,8,16,15,21,18,28,30,2,8,8,16,9,21,12,25,7,8,16,15,19,21,29,27,7,8,16,12,21,15,25,18,5,3,9,10,9,12,16,14,91,36,41,110,16,3,103,10,0.64 ,0.26 ,182,15,9,79,0.43 ,-,9
2025/2026,A1,Regular_Season,1st,13,-,3011,11/10/2025 ,20:30,2.1,-,C,Savino Del Bene Scandicci,Savino Del Bene Scandicci,3,1,8,6,16,12,21,17,25,20,8,4,16,7,21,11,25,18,7,8,14,16,17,21,23,25,8,6,15,16,19,21,28,26,-,-,-,-,-,-,-,-,73,26,42,100,12,2,77,9,0.55 ,0.30 ,126,6,4,63,0.50 ,-,8
2025/2026,A1,Regular_Season,2nd,1,-,3011,11/10/2025 ,20:30,2.1,-,O,Bartoccini-Mc Restauri Perugia,Bartoccini Perugia,1,3,6,8,12,16,17,21,20,25,4,8,7,16,11,21,18,25,8,7,16,14,21,17,25,23,6,8,16,15,21,19,26,28,-,-,-,-,-,-,-,-,69,19,30,90,13,4,87,7,0.47 ,0.20 ,128,11,8,61,0.48 ,-,4
2025/2026,A1,Regular_Season,2nd,2,-,3014,12/10/2025 ,16:00,4.998,-,C,Prosecco Doc A.Carraro Imoco Conegliano,Imoco Volley Conegliano,3,0,8,2,16,11,21,15,25,18,8,4,16,12,21,15,25,16,5,8,16,11,21,16,26,24,-,-,-,-,-,-,-,-,-,-,-,-,-,-,-,-,63,32,34,75,8,8,53,12,0.34 ,0.13 ,95,8,1,47,0.49 ,-,8
2025/2026,A1,Regular_Season,2nd,3,-,3014,12/10/2025 ,16:00,4.998,-,O,Honda Cuneo Granda Volley,Honda Cuneo Granda Volley,0,3,2,8,11,16,15,21,18,25,4,8,12,16,15,21,16,25,8,5,11,16,16,21,24,26,-,-,-,-,-,-,-,-,-,-,-,-,-,-,-,-,41,14,7,59,6,10,67,13,0.34 ,0.12 ,97,7,8,30,0.31 ,-,1
2025/2026,A1,Regular_Season,2nd,4,-,3008,12/10/2025 ,17:00,3.048,-,C,Igor Gorgonzola Novara,Igor Novara,3,1,8,4,16,11,21,16,25,19,8,7,16,14,21,18,25,21,6,8,15,16,18,21,21,25,7,8,16,14,21,18,25,20,-,-,-,-,-,-,-,-,73,30,47,95,9,3,72,1,0.75 ,0.46 ,140,6,10,59,0.42 ,-,11
2025/2026,A1,Regular_Season,2nd,5,-,3008,12/10/2025 ,17:00,3.048,-,O,Eurotek Laica Uyba,Uyba Busto Arsizio,1,3,4,8,11,16,16,21,19,25,7,8,14,16,18,21,21,25,8,6,16,15,21,18,25,21,8,7,14,16,18,21,20,25,-,-,-,-,-,-,-,-,66,20,26,86,14,.,86,7,0.55 ,0.26 ,134,8,11,56,0.42 ,-,10
2025/2026,A1,Regular_Season,2nd,6,-,3009,12/10/2025 ,17:00,760,-,C,Cbf Balducci Hr Macerata,Helvia Recina Volley Macerata,0,3,4,8,9,16,14,21,18,25,6,8,9,16,14,21,16,25,6,8,9,16,11,21,17,25,-,-,-,-,-,-,-,-,-,-,-,-,-,-,-,-,33,7,6,53,6,1,62,7,0.53 ,0.34 ,92,5,9,30,0.33 ,-,2
2025/2026,A1,Regular_Season,2nd,7,-,3009,12/10/2025 ,17:00,760,-,O,Wash4green Monviso Volley,Pallavolo Pinerolo,3,0,8,4,16,9,21,14,25,18,8,6,16,9,21,14,25,16,8,6,16,9,21,11,25,17,-,-,-,-,-,-,-,-,-,-,-,-,-,-,-,-,64,29,47,73,11,6,47,1,0.66 ,0.43 ,95,3,2,49,0.52 ,-,9
2025/2026,A1,Regular_Season,2nd,8,-,3012,12/10/2025 ,17:00,925,-,C,Megabox Ondulati Del Savio Vallefoglia,Megabox Vallefoglia,2,3,3,8,7,16,7,21,11,25,8,6,16,14,21,17,25,20,7,8,15,16,18,21,20,25,5,8,16,15,20,21,26,24,5,4,8,10,10,12,11,15,72,30,28,94,8,4,94,8,0.57 ,0.34 ,181,19,9,59,0.33 ,-,9
2025/2026,A1,Regular_Season,2nd,9,-,3012,12/10/2025 ,17:00,925,-,O,Il Bisonte Firenze,Azzurra Volley Firenze,3,2,8,3,16,7,21,7,25,11,6,8,14,16,17,21,20,25,8,7,16,15,21,18,25,20,8,5,15,16,21,20,24,26,4,5,10,8,12,10,15,11,79,36,44,108,14,5,86,7,0.58 ,0.24 ,161,4,10,65,0.40 ,-,9
2025/2026,A1,Regular_Season,2nd,10,-,3013,12/10/2025 ,17:00,1.001,-,C,Bergamo,Volley Bergamo 1991,3,0,8,5,16,8,21,13,25,16,5,8,15,16,21,20,25,20,8,5,16,9,21,13,25,18,-,-,-,-,-,-,-,-,-,-,-,-,-,-,-,-,59,24,38,73,6,2,54,1,0.52 ,0.33 ,109,7,7,46,0.42 ,-,11
2025/2026,A1,Regular_Season,2nd,11,-,3013,12/10/2025 ,17:00,1.001,-,O,Omag-Mt San Giovanni In Marignano,San Giovanni In Marignano,0,3,5,8,8,16,13,21,16,25,8,5,16,15,20,21,20,25,5,8,9,16,13,21,18,25,-,-,-,-,-,-,-,-,-,-,-,-,-,-,-,-,40,11,10,56,2,.,67,4,0.52 ,0.34 ,106,11,13,33,0.31 ,-,7
2025/2026,A1,Regular_Season,2nd,12,-,3010,12/10/2025 ,18:00,1.508,-,C,Reale Mutua Fenera Chieri '76,Fenera Chieri '76,3,2,5,8,16,14,21,19,36,34,8,5,13,16,15,21,19,25,8,5,16,15,21,20,25,23,3,8,11,16,14,21,16,25,5,4,10,9,12,10,15,12,86,29,24,111,24,2,100,10,0.55 ,0.22 ,173,12,16,77,0.45 ,-,7
2025/2026,A1,Regular_Season,2nd,13,-,3010,12/10/2025 ,18:00,1.508,-,O,Numia Vero Volley Milano,Vero Volley,2,3,8,5,14,16,19,21,34,36,5,8,16,13,21,15,25,19,5,8,15,16,20,21,23,25,8,3,16,11,21,14,25,16,4,5,9,10,10,12,12,15,80,28,42,119,19,2,87,6,0.49 ,0.23 ,146,6,7,62,0.42 ,-,16
2025/2026,A1,Regular_Season,1st,1,-,3001,6/10/2025 ,20:30,2.497,-,C,Eurotek Laica Uyba,Uyba Busto Arsizio,2,3,8,6,16,14,21,17,25,19,6,8,16,15,21,17,25,23,4,8,13,16,18,21,19,25,4,8,10,16,14,21,15,25,4,5,6,10,7,12,9,15,73,24,33,94,14,5,98,3,0.41 ,0.15 ,170,14,9,61,0.36 ,-,7
2025/2026,A1,Regular_Season,1st,2,-,3001,6/10/2025 ,20:30,2.497,-,O,Prosecco Doc A.Carraro Imoco Conegliano,Imoco Volley Conegliano,3,2,6,8,14,16,17,21,19,25,8,6,15,16,17,21,23,25,8,4,16,13,21,18,25,19,8,4,16,10,21,14,25,15,5,4,10,6,12,7,15,9,75,33,46,106,8,1,80,6,0.44 ,0.23 ,152,8,7,65,0.43 ,-,9
2025/2026,A1,Regular_Season,1st,3,-,3017,15/10/2025 ,19:15,2.537,-,C,Igor Gorgonzola Novara,Igor Novara,3,0,7,8,16,14,21,20,25,23,8,6,14,16,20,21,26,24,8,6,16,13,21,18,25,20,-,-,-,-,-,-,-,-,-,-,-,-,-,-,-,-,58,20,34,74,10,3,57,4,0.63 ,0.42 ,110,5,5,50,0.45 ,-,5
2025/2026,A1,Regular_Season,1st,4,-,3017,15/10/2025 ,19:15,2.537,-,O,Reale Mutua Fenera Chieri '76,Fenera Chieri '76,0,3,8,7,14,16,20,21,23,25,6,8,16,14,21,20,24,26,6,8,13,16,18,21,20,25,-,-,-,-,-,-,-,-,-,-,-,-,-,-,-,-,51,15,19,69,12,2,64,9,0.53 ,0.28 ,106,6,5,44,0.42 ,-,5
2025/2026,A1,Regular_Season,1st,5,-,3018,15/10/2025 ,20:00,501,-,C,Il Bisonte Firenze,Azzurra Volley Firenze,3,2,3,8,12,16,17,21,20,25,7,8,13,16,15,21,18,25,6,8,16,13,21,17,25,22,8,6,16,14,21,17,25,20,5,1,10,3,12,7,15,11,80,28,44,102,15,3,94,6,0.62 ,0.36 ,180,11,4,66,0.37 ,-,11
2025/2026,A1,Regular_Season,1st,6,-,3018,15/10/2025 ,20:00,501,-,O,Cbf Balducci Hr Macerata,Helvia Recina Volley Macerata,2,3,8,3,16,12,21,17,25,20,8,7,16,13,21,15,25,18,8,6,13,16,17,21,22,25,6,8,14,16,17,21,20,25,1,5,3,10,7,12,11,15,76,30,39,104,10,2,87,5,0.64 ,0.34 ,173,11,11,70,0.40 ,-,4
2025/2026,A1,Regular_Season,1st,7,-,3015,15/10/2025 ,20:30,1.135,-,C,Eurotek Laica Uyba,Uyba Busto Arsizio,3,2,7,8,16,12,21,18,25,19,2,8,13,16,20,21,25,21,7,8,15,16,18,21,21,25,7,8,11,16,14,21,16,25,3,5,8,10,9,12,16,14,69,31,25,103,15,1,90,6,0.53 ,0.26 ,170,9,14,55,0.32 ,-,13
2025/2026,A1,Regular_Season,1st,8,-,3015,15/10/2025 ,20:30,1.135,-,O,Bergamo,Volley Bergamo 1991,2,3,8,7,12,16,18,21,19,25,8,2,16,13,21,20,21,25,8,7,16,15,21,18,25,21,8,7,16,11,21,14,25,16,5,3,10,8,12,9,14,16,75,39,28,104,14,4,88,2,0.60 ,0.32 ,190,18,13,57,0.30 ,-,14
2025/2026,A1,Regular_Season,1st,9,-,3016,15/10/2025 ,20:30,1.476,-,C,Bartoccini-Mc Restauri Perugia,Bartoccini Perugia,3,1,8,7,16,15,21,17,25,17,8,7,16,12,21,17,25,19,5,8,16,15,19,21,23,25,8,6,16,13,21,15,25,20,-,-,-,-,-,-,-,-,65,28,36,97,7,.,69,4,0.45 ,0.41 ,142,7,9,56,0.39 ,-,9
2025/2026,A1,Regular_Season,1st,10,-,3016,15/10/2025 ,20:30,1.476,-,O,Wash4green Monviso Volley,Pallavolo Pinerolo,1,3,7,8,15,16,17,21,17,25,7,8,12,16,17,21,19,25,8,5,15,16,21,19,25,23,6,8,13,16,15,21,20,25,-,-,-,-,-,-,-,-,64,20,24,82,13,3,90,3,0.50 ,0.39 ,157,15,9,52,0.33 ,-,9
2025/2026,A1,Regular_Season,1st,11,-,3019,15/10/2025 ,20:30,2.261,-,C,Numia Vero Volley Milano,Vero Volley,3,1,8,6,14,16,21,20,26,24,8,7,14,16,17,21,19,25,8,4,16,14,21,19,25,21,8,5,16,9,21,12,25,16,-,-,-,-,-,-,-,-,74,31,39,94,13,4,77,6,0.64 ,0.48 ,131,9,7,61,0.47 ,-,9
2025/2026,A1,Regular_Season,1st,12,-,3019,15/10/2025 ,20:30,2.261,-,O,Megabox Ondulati Del Savio Vallefoglia,Megabox Vallefoglia,1,3,6,8,16,14,20,21,24,26,7,8,16,14,21,17,25,19,4,8,14,16,19,21,21,25,5,8,9,16,12,21,16,25,-,-,-,-,-,-,-,-,63,22,31,87,10,3,81,6,0.62 ,0.37 ,137,7,9,53,0.39 ,-,7
2025/2026,A1,Regular_Season,1st,13,-,3020,15/10/2025 ,20:30,1.633,-,C,Omag-Mt San Giovanni In Marignano,San Giovanni In Marignano,0,3,1,8,9,16,11,21,12,25,7,8,14,16,18,21,19,25,1,8,8,16,13,21,16,25,-,-,-,-,-,-,-,-,-,-,-,-,-,-,-,-,31,8,9,49,2,1,64,5,0.56 ,0.44 ,100,11,4,27,0.27 ,-,3
2025/2026,A1,Regular_Season,2nd,1,-,3020,15/10/2025 ,20:30,1.633,-,O,Prosecco Doc A.Carraro Imoco Conegliano,Imoco Volley Conegliano,3,0,8,1,16,9,21,11,25,12,8,7,16,14,21,18,25,19,8,1,16,8,21,13,25,16,-,-,-,-,-,-,-,-,-,-,-,-,-,-,-,-,61,28,42,73,9,2,47,1,0.66 ,0.49 ,108,6,3,55,0.51 ,-,4
2025/2026,A1,Regular_Season,2nd,2,-,3021,15/10/2025 ,20:30,1.1,-,C,Honda Cuneo Granda Volley,Honda Cuneo Granda Volley,3,0,8,6,16,12,21,19,25,19,8,2,16,5,21,7,25,10,6,8,13,16,19,21,26,24,-,-,-,-,-,-,-,-,-,-,-,-,-,-,-,-,62,32,36,75,7,6,50,13,0.48 ,0.26 ,98,2,4,42,0.43 ,-,14
2025/2026,A1,Regular_Season,2nd,3,-,3021,15/10/2025 ,20:30,1.1,-,O,Savino Del Bene Scandicci,Savino Del Bene Scandicci,0,3,6,8,12,16,19,21,19,25,2,8,5,16,7,21,10,25,8,6,16,13,21,19,24,26,-,-,-,-,-,-,-,-,-,-,-,-,-,-,-,-,42,14,.,54,4,5,68,16,0.51 ,0.31 ,100,8,14,33,0.33 ,-,4
2025/2026,A1,Regular_Season,2nd,4,-,3028,19/10/2025 ,16:00,2.158,-,C,Bergamo,Volley Bergamo 1991,2,3,6,8,13,16,17,21,17,25,4,8,16,13,21,14,25,19,8,7,16,13,21,15,25,18,7,8,13,16,20,21,21,25,1,5,4,10,4,12,7,15,74,29,36,96,11,4,95,8,0.44 ,0.31 ,155,10,9,55,0.35 ,-,15
2025/2026,A1,Regular_Season,2nd,5,-,3028,19/10/2025 ,16:00,2.158,-,O,Igor Gorgonzola Novara,Igor Novara,3,2,8,6,16,13,21,17,25,17,8,4,13,16,14,21,19,25,7,8,13,16,15,21,18,25,8,7,16,13,21,20,25,21,5,1,10,4,12,4,15,7,77,33,35,101,6,4,85,6,0.66 ,0.46 ,168,12,17,64,0.38 ,-,9
2025/2026,A1,Regular_Season,2nd,6,-,3022,19/10/2025 ,17:00,1.302,-,C,Reale Mutua Fenera Chieri '76,Fenera Chieri '76,3,0,8,5,16,13,21,20,28,26,7,8,16,14,21,16,25,17,8,5,16,13,21,19,25,22,-,-,-,-,-,-,-,-,-,-,-,-,-,-,-,-,58,24,33,76,10,4,58,5,0.71 ,0.31 ,106,6,4,46,0.43 ,-,8
2025/2026,A1,Regular_Season,2nd,7,-,3022,19/10/2025 ,17:00,1.302,-,O,Eurotek Laica Uyba,Uyba Busto Arsizio,0,3,5,8,13,16,20,21,26,28,8,7,14,16,16,21,17,25,5,8,13,16,19,21,22,25,-,-,-,-,-,-,-,-,-,-,-,-,-,-,-,-,48,14,16,67,9,2,66,5,0.62 ,0.24 ,113,10,8,42,0.37 ,-,4
2025/2026,A1,Regular_Season,2nd,8,-,3023,19/10/2025 ,17:00,1.2,-,C,Wash4green Monviso Volley,Pallavolo Pinerolo,1,3,5,8,13,16,20,21,27,29,7,8,16,15,20,21,22,25,8,4,16,6,21,9,25,14,6,8,14,16,18,21,19,25,-,-,-,-,-,-,-,-,66,28,21,94,12,5,76,10,0.61 ,0.26 ,137,14,9,52,0.38 ,-,9
2025/2026,A1,Regular_Season,2nd,9,-,3023,19/10/2025 ,17:00,1.2,-,O,Honda Cuneo Granda Volley,Honda Cuneo Granda Volley,3,1,8,5,16,13,21,20,29,27,8,7,15,16,21,20,25,22,4,8,6,16,9,21,14,25,8,6,16,14,21,18,25,19,-,-,-,-,-,-,-,-,67,27,17,92,16,5,82,16,0.46 ,0.18 ,129,9,9,53,0.41 ,-,9
2025/2026,A1,Regular_Season,2nd,10,-,3025,19/10/2025 ,17:00,2.356,-,C,Savino Del Bene Scandicci,Savino Del Bene Scandicci,3,2,8,6,16,13,21,18,25,20,6,8,15,16,20,21,23,25,7,8,14,16,15,21,18,25,8,6,16,8,21,12,25,16,5,2,10,6,12,7,15,9,81,29,46,105,11,6,87,9,0.57 ,0.32 ,152,6,8,63,0.41 ,-,12
2025/2026,A1,Regular_Season,2nd,11,-,3025,19/10/2025 ,17:00,2.356,-,O,Il Bisonte Firenze,Azzurra Volley Firenze,2,3,6,8,13,16,18,21,20,25,8,6,16,15,21,20,25,23,8,7,16,14,21,15,25,18,6,8,8,16,12,21,16,25,2,5,6,10,7,12,9,15,76,25,29,96,9,3,94,12,0.49 ,0.18 ,161,14,12,65,0.40 ,-,8
2025/2026,A1,Regular_Season,2nd,12,-,3027,19/10/2025 ,17:00,1.1,-,C,Megabox Ondulati Del Savio Vallefoglia,Megabox Vallefoglia,3,0,8,5,16,14,21,16,25,19,7,8,16,14,20,21,25,23,8,5,16,9,21,14,25,16,-,-,-,-,-,-,-,-,-,-,-,-,-,-,-,-,56,23,36,74,8,1,52,5,0.54 ,0.23 ,92,3,4,45,0.49 ,-,10
2025/2026,A1,Regular_Season,2nd,13,-,3027,19/10/2025 ,17:00,1.1,-,O,Omag-Mt San Giovanni In Marignano,San Giovanni In Marignano,0,3,5,8,14,16,16,21,19,25,8,7,14,16,21,20,23,25,5,8,9,16,14,21,16,25,-,-,-,-,-,-,-,-,-,-,-,-,-,-,-,-,45,12,19,59,7,4,66,1,0.56 ,0.30 ,106,8,10,37,0.35 ,-,4
2025/2026,A1,Play_Off,Quarter,1 ,-,3024,19/10/2025 ,18:00,750,-,C,Cbf Balducci Hr Macerata,Helvia Recina Volley Macerata,3,1,7,8,16,14,21,20,25,22,8,3,16,11,21,12,25,14,8,6,11,16,18,21,20,25,8,6,16,11,21,15,25,19,-,-,-,-,-,-,-,-,80,40,47,94,8,8,77,8,0.57 ,0.38 ,169,10,7,67,0.40 ,-,5
2025/2026,A1,Play_Off,Quarter,2 ,-,3024,19/10/2025 ,18:00,750,-,O,Bartoccini-Mc Restauri Perugia,Bartoccini Perugia,1,3,8,7,14,16,20,21,22,25,3,8,11,16,12,21,14,25,6,8,16,11,21,18,25,20,6,8,11,16,15,21,19,25,-,-,-,-,-,-,-,-,61,27,32,81,4,7,86,10,0.49 ,0.29 ,151,10,5,47,0.31 ,-,7
2025/2026,A1,Coppa_Italia,Quarter,-,-,3026,5/11/2025 ,20:30,5.344,-,C,Prosecco Doc A.Carraro Imoco Conegliano,Imoco Volley Conegliano,3,1,5,8,16,14,21,15,25,17,6,8,13,16,17,21,23,25,8,4,16,13,21,19,25,23,8,6,16,14,21,18,25,21,-,-,-,-,-,-,-,-,70,23,38,97,12,7,72,9,0.51 ,0.40 ,125,6,5,54,0.43 ,-,9
2025/2026,A1,Play_Off_Challenge ,GroupB,1,-,3026,5/11/2025 ,20:30,5.344,-,O,Numia Vero Volley Milano,Vero Volley,1,3,8,5,14,16,15,21,17,25,8,6,16,13,21,17,25,23,4,8,13,16,19,21,23,25,6,8,14,16,18,21,21,25,-,-,-,-,-,-,-,-,68,19,21,87,15,5,85,11,0.58 ,0.44 ,135,12,9,58,0.43 ,-,5
2025/2026,A1,Play_Off_Challenge ,GroupB,2,-,3032,25/10/2025 ,19:30,1.195,-,C,Honda Cuneo Granda Volley,Honda Cuneo Granda Volley,2,3,5,8,13,16,19,21,25,27,8,7,13,16,19,21,25,23,7,8,16,13,21,15,25,16,5,8,10,16,13,21,15,25,3,5,6,10,7,12,8,15,80,26,36,99,10,5,99,4,0.66 ,0.35 ,181,18,12,66,0.36 ,-,9
2025/2026,A1,Play_Off_Challenge ,GroupB,3,-,3032,25/10/2025 ,19:30,1.195,-,O,Bartoccini-Mc Restauri Perugia,Bartoccini Perugia,3,2,8,5,16,13,21,19,27,25,7,8,16,13,21,19,23,25,8,7,13,16,15,21,16,25,8,5,16,10,21,13,25,15,5,3,10,6,12,7,15,8,76,25,38,105,6,1,89,14,0.43 ,0.27 ,154,9,9,63,0.41 ,-,12
2025/2026,A1,Play_Off_Challenge ,GroupB,4,-,3031,25/10/2025 ,20:30,1.209,-,C,Reale Mutua Fenera Chieri '76,Fenera Chieri '76,3,0,8,4,16,10,21,15,25,18,8,6,16,11,21,15,25,19,8,4,16,10,21,10,25,14,-,-,-,-,-,-,-,-,-,-,-,-,-,-,-,-,60,24,39,73,10,3,47,1,0.68 ,0.28 ,102,7,3,43,0.42 ,-,14
2025/2026,A1,Play_Off_Challenge ,GroupB,5,-,3031,25/10/2025 ,20:30,1.209,-,O,Bergamo,Volley Bergamo 1991,0,3,4,8,10,16,15,21,18,25,6,8,11,16,15,21,19,25,4,8,10,16,10,21,14,25,-,-,-,-,-,-,-,-,-,-,-,-,-,-,-,-,34,4,2,53,6,1,63,3,0.57 ,0.37 ,108,9,14,30,0.28 ,-,3
2025/2026,A1,Play_Off_Challenge ,GroupB,6,-,3035,25/10/2025 ,20:30,3.768,-,C,Igor Gorgonzola Novara,Igor Novara,0,3,5,8,12,16,17,21,20,25,5,8,10,16,13,21,17,25,6,8,14,16,18,21,21,25,-,-,-,-,-,-,-,-,-,-,-,-,-,-,-,-,45,8,19,60,7,2,66,9,0.65 ,0.29 ,104,4,6,42,0.40 ,-,1
2025/2026,A2,Pool_Promozione,1st,1,-,3035,25/10/2025 ,20:30,3.768,-,O,Prosecco Doc A.Carraro Imoco Conegliano,Imoco Volley Conegliano,3,0,8,5,16,12,21,17,25,20,8,5,16,10,21,13,25,17,8,6,16,14,21,18,25,21,-,-,-,-,-,-,-,-,-,-,-,-,-,-,-,-,62,22,46,73,7,7,53,3,0.77 ,0.43 ,100,5,1,49,0.49 ,-,6
2025/2026,A2,Pool_Promozione,1st,2,-,3034,26/10/2025 ,15:00,1.617,-,C,Omag-Mt San Giovanni In Marignano,San Giovanni In Marignano,0,3,8,7,13,16,13,21,16,25,3,8,9,16,12,21,17,25,7,8,13,16,14,21,15,25,-,-,-,-,-,-,-,-,-,-,-,-,-,-,-,-,37,9,10,49,6,2,66,7,0.53 ,0.18 ,88,6,8,32,0.36 ,-,3
2025/2026,A2,Pool_Promozione,1st,3,-,3034,26/10/2025 ,15:00,1.617,-,O,Savino Del Bene Scandicci,Savino Del Bene Scandicci,3,0,7,8,16,13,21,13,25,16,8,3,16,9,21,12,25,17,8,7,16,13,21,14,25,15,-,-,-,-,-,-,-,-,-,-,-,-,-,-,-,-,60,30,44,74,8,4,43,3,0.49 ,0.16 ,93,2,3,48,0.52 ,-,8
2025/2026,A2,Pool_Promozione,1st,4,-,3029,26/10/2025 ,17:00,1.157,-,C,Eurotek Laica Uyba,Uyba Busto Arsizio,3,0,8,5,15,16,21,17,25,21,6,8,16,12,21,20,25,23,8,2,16,6,21,9,25,12,-,-,-,-,-,-,-,-,-,-,-,-,-,-,-,-,56,23,36,74,7,6,53,3,0.68 ,0.40 ,118,6,4,43,0.36 ,-,7
2025/2026,A2,Pool_Promozione,1st,5,-,3029,26/10/2025 ,17:00,1.157,-,O,Megabox Ondulati Del Savio Vallefoglia,Megabox Vallefoglia,0,3,5,8,16,15,17,21,21,25,8,6,12,16,20,21,23,25,2,8,6,16,9,21,12,25,-,-,-,-,-,-,-,-,-,-,-,-,-,-,-,-,43,10,14,57,4,3,66,7,0.55 ,0.36 ,119,11,7,36,0.30 ,-,4
2025/2026,A2,Pool_Promozione,2nd,1,-,3030,26/10/2025 ,17:00,644,-,C,Il Bisonte Firenze,Azzurra Volley Firenze,2,3,8,7,13,16,20,21,22,25,8,5,16,15,21,19,26,24,5,8,16,15,21,17,25,22,4,8,13,16,16,21,18,25,4,5,8,10,9,12,12,15,72,24,26,104,14,8,96,9,0.52 ,0.15 ,169,10,13,56,0.33 ,-,8
2025/2026,A2,Pool_Promozione,2nd,2,-,3030,26/10/2025 ,17:00,644,-,O,Wash4green Monviso Volley,Pallavolo Pinerolo,3,2,7,8,16,13,21,20,25,22,5,8,15,16,19,21,24,26,8,5,15,16,17,21,22,25,8,4,16,13,21,16,25,18,5,4,10,8,12,9,15,12,83,34,35,109,13,7,90,10,0.46 ,0.09 ,165,17,8,63,0.38 ,-,13
2025/2026,A2,Pool_Promozione,2nd,3,-,3033,26/10/2025 ,17:00,3.51,-,C,Numia Vero Volley Milano,Vero Volley,3,0,8,7,16,15,21,18,25,21,7,8,14,16,19,21,29,27,8,4,16,10,21,14,25,16,-,-,-,-,-,-,-,-,-,-,-,-,-,-,-,-,60,20,39,77,13,.,56,3,0.71 ,0.54 ,97,3,2,52,0.54 ,-,8
2025/2026,A2,Pool_Promozione,2nd,4,-,3033,26/10/2025 ,17:00,3.51,-,O,Cbf Balducci Hr Macerata,Helvia Recina Volley Macerata,0,3,7,8,15,16,18,21,21,25,8,7,16,14,21,19,27,29,4,8,10,16,14,21,16,25,-,-,-,-,-,-,-,-,-,-,-,-,-,-,-,-,45,10,16,66,10,2,64,2,0.48 ,0.33 ,112,9,8,41,0.37 ,-,2
2025/2026,A2,Pool_Promozione,2nd,5,-,3036,29/10/2025 ,20:00,1.537,-,C,Savino Del Bene Scandicci,Savino Del Bene Scandicci,3,1,7,8,15,16,21,19,23,25,8,5,16,10,21,11,25,11,6,8,16,12,21,16,25,16,7,8,16,12,21,14,25,20,-,-,-,-,-,-,-,-,76,37,47,97,12,9,63,7,0.59 ,0.30 ,120,5,5,55,0.46 ,-,12
2025/2026,A2,Regular_Season_GroupA,1st,1,-,3036,29/10/2025 ,20:00,1.537,-,O,Eurotek Laica Uyba,Uyba Busto Arsizio,1,3,8,7,16,15,19,21,25,23,5,8,10,16,11,21,11,25,8,6,12,16,16,21,16,25,8,7,12,16,14,21,20,25,-,-,-,-,-,-,-,-,53,16,8,73,10,6,85,15,0.45 ,0.20 ,125,8,12,42,0.34 ,-,5
2025/2026,A2,Regular_Season_GroupA,1st,2,-,3037,29/10/2025 ,20:30,1.05,-,C,Wash4green Monviso Volley,Pallavolo Pinerolo,1,3,8,5,16,14,21,18,25,23,6,8,9,16,15,21,17,25,5,8,13,16,15,21,16,25,5,8,12,16,17,21,21,25,-,-,-,-,-,-,-,-,58,18,18,80,13,7,82,4,0.45 ,0.18 ,130,13,9,46,0.35 ,-,5
2025/2026,A2,Regular_Season_GroupA,1st,3,-,3037,29/10/2025 ,20:30,1.05,-,O,Igor Gorgonzola Novara,Igor Novara,3,1,5,8,14,16,18,21,23,25,8,6,16,9,21,15,25,17,8,5,16,13,21,15,25,16,8,5,16,12,21,17,25,21,-,-,-,-,-,-,-,-,71,29,34,97,15,4,67,11,0.49 ,0.28 ,120,6,5,58,0.48 ,-,9
2025/2026,A2,Regular_Season_GroupA,1st,5,-,3038,29/10/2025 ,20:30,4.883,-,C,Prosecco Doc A.Carraro Imoco Conegliano,Imoco Volley Conegliano,3,1,5,8,15,16,19,21,23,25,8,6,16,12,21,17,25,20,8,7,16,14,21,20,25,20,8,7,14,16,17,21,27,25,-,-,-,-,-,-,-,-,77,30,40,99,11,7,80,11,0.61 ,0.40 ,130,9,6,64,0.49 ,-,6
2025/2026,A2,Regular_Season_GroupA,1st,6,-,3038,29/10/2025 ,20:30,4.883,-,O,Reale Mutua Fenera Chieri '76,Fenera Chieri '76,1,3,8,5,16,15,21,19,25,23,6,8,12,16,17,21,20,25,7,8,14,16,20,21,20,25,7,8,16,14,21,17,25,27,-,-,-,-,-,-,-,-,69,20,30,91,11,6,88,11,0.50 ,0.35 ,140,11,6,57,0.41 ,-,6
2025/2026,A2,Regular_Season_GroupA,1st,7,-,3040,29/10/2025 ,20:30,1.018,-,C,Honda Cuneo Granda Volley,Honda Cuneo Granda Volley,3,2,8,3,16,9,21,13,25,15,8,5,16,14,21,20,25,23,7,8,12,16,16,21,18,25,2,8,12,16,18,21,21,25,3,5,10,9,12,11,15,13,87,32,33,103,18,2,94,12,0.50 ,0.24 ,180,11,13,70,0.39 ,-,15
2025/2026,A2,Regular_Season_GroupA,1st,8,-,3040,29/10/2025 ,20:30,1.018,-,O,Il Bisonte Firenze,Azzurra Volley Firenze,2,3,3,8,9,16,13,21,15,25,5,8,14,16,20,21,23,25,8,7,16,12,21,16,25,18,8,2,16,12,21,18,25,21,5,3,9,10,11,12,13,15,70,27,30,102,8,5,85,9,0.60 ,0.36 ,156,8,15,52,0.33 ,-,13
2025/2026,A2,Regular_Season_GroupA,1st,9,-,3042,29/10/2025 ,20:30,661,-,C,Megabox Ondulati Del Savio Vallefoglia,Megabox Vallefoglia,3,1,7,8,15,16,20,21,21,25,8,6,16,10,21,11,25,14,4,8,16,13,21,14,25,16,8,5,16,11,21,19,25,23,-,-,-,-,-,-,-,-,72,30,46,95,13,5,71,4,0.59 ,0.32 ,124,2,7,58,0.47 ,-,9
2025/2026,A2,Regular_Season_GroupA,2nd,1,-,3042,29/10/2025 ,20:30,661,-,O,Bergamo,Volley Bergamo 1991,1,3,8,7,16,15,21,20,25,21,6,8,10,16,11,21,14,25,8,4,13,16,14,21,16,25,5,8,11,16,19,21,23,25,-,-,-,-,-,-,-,-,61,24,24,79,8,2,82,8,0.48 ,0.26 ,139,12,9,52,0.37 ,-,7
2025/2026,A2,Regular_Season_GroupA,2nd,2,-,3039,30/10/2025 ,20:00,2.073,-,C,Bartoccini-Mc Restauri Perugia,Bartoccini Perugia,0,3,8,6,15,16,20,21,20,25,6,8,14,16,17,21,23,25,7,8,12,16,14,21,17,25,-,-,-,-,-,-,-,-,-,-,-,-,-,-,-,-,40,13,3,62,7,.,61,4,0.51 ,0.43 ,105,16,9,35,0.33 ,-,5
2025/2026,A2,Regular_Season_GroupA,2nd,3,-,3039,30/10/2025 ,20:00,2.073,-,O,Numia Vero Volley Milano,Vero Volley,3,0,6,8,16,15,21,20,25,20,8,6,16,14,21,17,25,23,8,7,16,12,21,14,25,17,-,-,-,-,-,-,-,-,-,-,-,-,-,-,-,-,51,25,24,73,12,3,55,5,0.42 ,0.27 ,90,5,5,39,0.43 ,-,9
2025/2026,A2,Regular_Season_GroupA,2nd,5,-,3041,30/10/2025 ,20:30,650,-,C,Cbf Balducci Hr Macerata,Helvia Recina Volley Macerata,3,0,8,4,16,14,21,18,25,23,8,2,16,12,21,17,25,20,8,1,16,7,21,14,25,18,-,-,-,-,-,-,-,-,-,-,-,-,-,-,-,-,57,28,37,73,5,5,54,2,0.72 ,0.59 ,123,4,9,46,0.37 ,-,6
2025/2026,A2,Regular_Season_GroupA,2nd,6,-,3041,30/10/2025 ,20:30,650,-,O,Omag-Mt San Giovanni In Marignano,San Giovanni In Marignano,0,3,4,8,14,16,18,21,23,25,2,8,12,16,17,21,20,25,1,8,7,16,14,21,18,25,-,-,-,-,-,-,-,-,-,-,-,-,-,-,-,-,52,22,21,63,9,1,68,8,0.47 ,0.32 ,121,8,6,42,0.35 ,-,9
2025/2026,A2,Regular_Season_GroupA,2nd,7,-,3049,1/11/2025 ,20:30,4.31,-,C,Bergamo,Volley Bergamo 1991,1,3,8,6,16,12,21,16,25,20,8,7,12,16,16,21,21,25,5,8,8,16,10,21,12,25,5,8,13,16,15,21,18,25,-,-,-,-,-,-,-,-,59,19,24,77,16,5,82,4,0.48 ,0.23 ,127,7,8,47,0.37 ,-,7
2025/2026,A2,Regular_Season_GroupA,2nd,8,-,3049,1/11/2025 ,20:30,4.31,-,O,Prosecco Doc A.Carraro Imoco Conegliano,Imoco Volley Conegliano,3,1,6,8,12,16,16,21,20,25,7,8,16,12,21,16,25,21,8,5,16,8,21,10,25,12,8,5,16,13,21,15,25,18,-,-,-,-,-,-,-,-,65,32,37,94,12,4,61,7,0.61 ,0.33 ,120,2,7,53,0.44 ,-,8
2025/2026,A2,Regular_Season_GroupA,2nd,9,-,3044,2/11/2025 ,15:00,3.731,-,C,Numia Vero Volley Milano,Vero Volley,3,0,8,6,16,8,21,20,25,22,7,8,16,14,21,17,25,19,8,7,16,13,21,15,25,18,-,-,-,-,-,-,-,-,-,-,-,-,-,-,-,-,55,22,31,73,9,6,53,2,0.70 ,0.47 ,89,7,6,44,0.49 ,-,5
2025/2026,A2,Play_Off,Quarter,1 ,-,3044,2/11/2025 ,15:00,3.731,-,O,Wash4green Monviso Volley,Pallavolo Pinerolo,0,3,6,8,8,16,20,21,22,25,8,7,14,16,17,21,19,25,7,8,13,16,15,21,18,25,-,-,-,-,-,-,-,-,-,-,-,-,-,-,-,-,43,14,12,61,8,2,64,9,0.59 ,0.41 ,85,9,5,35,0.41 ,-,6
2025/2026,A2,Play_Off,Quarter,2 ,-,3048,2/11/2025 ,16:00,3.578,-,C,Igor Gorgonzola Novara,Igor Novara,2,3,8,7,16,11,21,16,25,22,8,5,16,14,21,17,25,19,8,6,16,14,21,18,27,29,4,8,9,16,12,21,13,25,2,5,5,10,8,12,11,15,81,25,48,101,11,8,97,7,0.54 ,0.34 ,146,5,10,64,0.44 ,-,9
2025/2026,A2,Play_Off,Semifinal,1 ,-,3048,2/11/2025 ,16:00,3.578,-,O,Savino Del Bene Scandicci,Savino Del Bene Scandicci,3,2,7,8,11,16,16,21,22,25,5,8,14,16,17,21,19,25,6,8,14,16,18,21,29,27,8,4,16,9,21,12,25,13,5,2,10,5,12,8,15,11,90,32,53,110,13,1,90,11,0.52 ,0.29 ,147,4,9,79,0.54 ,-,10
2025/2026,A2,Play_Off,Semifinal,2 ,-,3043,2/11/2025 ,17:00,1.225,-,C,Eurotek Laica Uyba,Uyba Busto Arsizio,1,3,5,8,12,16,18,21,24,26,8,3,16,6,21,13,25,13,6,8,16,15,18,21,22,25,7,8,13,16,16,21,19,25,-,-,-,-,-,-,-,-,61,15,31,91,11,4,76,4,0.58 ,0.34 ,128,5,10,56,0.44 ,-,1
2025/2026,A2,Coppa_Italia,Quarter,-,-,3043,2/11/2025 ,17:00,1.225,-,O,Cbf Balducci Hr Macerata,Helvia Recina Volley Macerata,3,1,8,5,16,12,21,18,26,24,3,8,6,16,13,21,13,25,8,6,15,16,21,18,25,22,8,7,16,13,21,16,25,19,-,-,-,-,-,-,-,-,72,23,42,88,12,3,80,4,0.59 ,0.28 ,139,13,1,59,0.42 ,-,10
2025/2026,A2,Coppa_Italia,Semifinal,-,-,3045,2/11/2025 ,17:00,813,-,C,Megabox Ondulati Del Savio Vallefoglia,Megabox Vallefoglia,1,3,8,4,16,9,21,15,25,19,6,8,12,16,13,21,15,25,6,8,15,16,21,20,23,25,6,8,12,16,18,21,22,25,-,-,-,-,-,-,-,-,58,22,21,86,7,3,80,7,0.56 ,0.28 ,137,11,12,44,0.32 ,-,11
2025/2026,A2,Coppa_Italia,Final,-,-,3045,2/11/2025 ,17:00,813,-,O,Reale Mutua Fenera Chieri '76,Fenera Chieri '76,3,1,4,8,9,16,15,21,19,25,8,6,16,12,21,13,25,15,8,6,16,15,20,21,25,23,8,6,16,12,21,18,25,22,-,-,-,-,-,-,-,-,73,26,34,93,13,4,79,4,0.54 ,0.27 ,137,11,11,57,0.42 ,-,12
2025/2026,A1,Regular_Season,1st,1,-,3046,2/11/2025 ,17:00,709,-,C,Il Bisonte Firenze,Azzurra Volley Firenze,3,0,8,7,15,16,21,20,25,22,8,3,16,11,21,15,25,21,7,8,16,14,21,20,25,22,-,-,-,-,-,-,-,-,-,-,-,-,-,-,-,-,55,23,35,74,5,4,60,5,0.67 ,0.47 ,121,8,2,44,0.36 ,-,7
2025/2026,A1,Regular_Season,1st,2,-,3046,2/11/2025 ,17:00,709,-,O,Bartoccini-Mc Restauri Perugia,Bartoccini Perugia,0,3,7,8,16,15,20,21,22,25,3,8,11,16,15,21,21,25,8,7,14,16,20,21,22,25,-,-,-,-,-,-,-,-,-,-,-,-,-,-,-,-,50,18,18,66,6,1,69,7,0.64 ,0.20 ,138,12,7,47,0.34 ,-,2
2025/2026,A1,Regular_Season,1st,3,-,3047,2/11/2025 ,17:00,863,-,C,Omag-Mt San Giovanni In Marignano,San Giovanni In Marignano,3,0,8,6,16,15,21,16,33,31,5,8,15,16,21,20,25,21,8,2,16,8,21,10,25,13,-,-,-,-,-,-,-,-,-,-,-,-,-,-,-,-,57,26,29,82,8,6,53,10,0.43 ,0.19 ,94,5,5,44,0.47 ,-,7
2025/2026,A1,Regular_Season,1st,4,-,3047,2/11/2025 ,17:00,863,-,O,Honda Cuneo Granda Volley,Honda Cuneo Granda Volley,0,3,6,8,15,16,16,21,31,33,8,5,16,15,20,21,21,25,2,8,8,16,10,21,13,25,-,-,-,-,-,-,-,-,-,-,-,-,-,-,-,-,50,16,9,65,12,6,74,11,0.51 ,0.18 ,108,11,7,39,0.36 ,-,5
2025/2026,A1,Regular_Season,1st,5,-,3051,8/11/2025 ,20:00,1.318,-,C,Reale Mutua Fenera Chieri '76,Fenera Chieri '76,3,0,8,6,16,13,21,16,25,21,8,7,16,12,21,17,25,22,8,4,16,12,21,15,26,24,-,-,-,-,-,-,-,-,-,-,-,-,-,-,-,-,61,23,42,74,8,4,57,2,0.74 ,0.21 ,98,5,4,51,0.52 ,-,6
2025/2026,A1,Regular_Season,1st,6,-,3051,8/11/2025 ,20:00,1.318,-,O,Cbf Balducci Hr Macerata,Helvia Recina Volley Macerata,0,3,6,8,13,16,16,21,21,25,7,8,12,16,17,21,22,25,4,8,12,16,15,21,24,26,-,-,-,-,-,-,-,-,-,-,-,-,-,-,-,-,52,12,23,69,12,2,66,8,0.56 ,0.27 ,91,3,6,46,0.51 ,-,4
2025/2026,A1,Regular_Season,1st,7,-,3055,8/11/2025 ,20:45,1.819,-,C,Savino Del Bene Scandicci,Savino Del Bene Scandicci,3,0,8,6,16,9,21,11,25,13,8,4,16,15,19,21,32,30,8,3,16,7,21,9,25,10,-,-,-,-,-,-,-,-,-,-,-,-,-,-,-,-,62,34,48,81,4,3,45,5,0.58 ,0.38 ,94,2,3,48,0.51 ,-,11
2025/2026,A1,Regular_Season,1st,8,-,3055,8/11/2025 ,20:45,1.819,-,O,Bergamo,Volley Bergamo 1991,0,3,6,8,9,16,11,21,13,25,4,8,15,16,21,19,30,32,3,8,7,16,9,21,10,25,-,-,-,-,-,-,-,-,-,-,-,-,-,-,-,-,44,12,11,54,9,3,77,7,0.60 ,0.32 ,105,6,11,38,0.36 ,-,3
2025/2026,A1,Regular_Season,1st,9,-,3056,9/11/2025 ,16:00,4.993,-,C,Prosecco Doc A.Carraro Imoco Conegliano,Imoco Volley Conegliano,3,1,8,6,13,16,18,21,19,25,8,2,16,7,21,12,25,14,3,8,7,16,21,19,25,23,8,7,16,12,21,15,25,17,-,-,-,-,-,-,-,-,70,30,41,93,8,4,74,6,0.57 ,0.31 ,140,9,6,58,0.41 ,-,8
2025/2026,A1,Regular_Season,1st,10,-,3056,9/11/2025 ,16:00,4.993,-,O,Megabox Ondulati Del Savio Vallefoglia,Megabox Vallefoglia,1,3,6,8,16,13,21,18,25,19,2,8,7,16,12,21,14,25,8,3,16,7,19,21,23,25,7,8,12,16,15,21,17,25,-,-,-,-,-,-,-,-,61,22,16,80,6,3,85,15,0.58 ,0.28 ,149,16,8,52,0.35 ,-,6
2025/2026,A1,Regular_Season,1st,11,-,3050,9/11/2025 ,17:00,935,-,C,Wash4green Monviso Volley,Pallavolo Pinerolo,3,1,5,8,12,16,17,21,27,25,8,3,16,7,21,13,25,16,8,5,12,16,17,21,19,25,8,3,16,8,21,12,25,14,-,-,-,-,-,-,-,-,66,25,32,95,18,7,64,6,0.59 ,0.33 ,114,8,2,50,0.44 ,-,9
2025/2026,A1,Regular_Season,1st,12,-,3050,9/11/2025 ,17:00,935,-,O,Eurotek Laica Uyba,Uyba Busto Arsizio,1,3,8,5,16,12,21,17,25,27,3,8,7,16,13,21,16,25,5,8,16,12,21,17,25,19,3,8,8,16,12,21,14,25,-,-,-,-,-,-,-,-,53,13,8,81,17,3,77,9,0.51 ,0.22 ,122,9,9,48,0.39 ,-,2
2025/2026,A1,Regular_Season,1st,13,-,3052,9/11/2025 ,17:00,1.352,-,C,Bartoccini-Mc Restauri Perugia,Bartoccini Perugia,3,2,3,8,8,16,13,21,14,25,8,6,16,11,21,15,25,20,8,7,13,16,19,21,29,27,6,8,13,16,17,21,20,25,5,3,10,9,11,12,19,17,81,25,39,106,9,5,101,8,0.35 ,0.26 ,171,13,11,70,0.41 ,-,6
2025/2026,A1,Regular_Season,2nd,1,-,3052,9/11/2025 ,17:00,1.352,-,O,Igor Gorgonzola Novara,Igor Novara,2,3,8,3,16,8,21,13,25,14,6,8,11,16,15,21,20,25,7,8,16,13,21,19,27,29,8,6,16,13,21,17,25,20,3,5,9,10,12,11,17,19,86,30,49,115,14,6,97,6,0.59 ,0.55 ,179,11,6,69,0.39 ,-,11
2025/2026,A1,Regular_Season,2nd,2,-,3054,9/11/2025 ,17:00,2.651,-,C,Honda Cuneo Granda Volley,Honda Cuneo Granda Volley,1,3,4,8,11,16,21,20,23,25,8,5,16,13,21,17,25,21,5,8,12,16,13,21,15,25,3,8,8,16,13,21,16,25,-,-,-,-,-,-,-,-,57,13,15,80,12,3,82,11,0.55 ,0.27 ,119,10,9,49,0.41 ,-,5
2025/2026,A1,Regular_Season,2nd,3,-,3054,9/11/2025 ,17:00,2.651,-,O,Numia Vero Volley Milano,Vero Volley,3,1,8,4,16,11,20,21,25,23,5,8,13,16,17,21,21,25,8,5,16,12,21,13,25,15,8,3,16,8,21,13,25,16,-,-,-,-,-,-,-,-,73,26,43,95,13,4,68,4,0.68 ,0.35 ,120,8,5,60,0.50 ,-,9
2025/2026,A1,Regular_Season,2nd,4,-,3053,9/11/2025 ,18:00,691,-,C,Il Bisonte Firenze,Azzurra Volley Firenze,3,1,4,8,12,16,19,21,22,25,8,6,15,16,20,21,25,23,8,6,16,13,20,21,27,25,6,8,14,16,21,20,25,21,-,-,-,-,-,-,-,-,66,13,38,98,7,1,87,2,0.79 ,0.36 ,172,9,10,50,0.29 ,-,15
2025/2026,A1,Regular_Season,2nd,5,-,3053,9/11/2025 ,18:00,691,-,O,Omag-Mt San Giovanni In Marignano,San Giovanni In Marignano,1,3,8,4,16,12,21,19,25,22,6,8,16,15,21,20,23,25,6,8,13,16,21,20,25,27,8,6,16,14,20,21,21,25,-,-,-,-,-,-,-,-,78,19,30,95,8,.,91,4,0.58 ,0.27 ,179,21,15,69,0.39 ,-,9
2025/2026,A1,Regular_Season,2nd,6,-,3059,12/11/2025 ,20:00,1.579,-,C,Savino Del Bene Scandicci,Savino Del Bene Scandicci,3,0,8,6,13,16,18,21,26,24,6,8,15,16,21,18,25,22,8,5,16,11,21,13,25,17,-,-,-,-,-,-,-,-,-,-,-,-,-,-,-,-,54,24,35,75,7,5,49,6,0.51 ,0.27 ,82,2,4,43,0.52 ,-,6
2025/2026,A1,Regular_Season,2nd,7,-,3059,12/11/2025 ,20:00,1.579,-,O,Reale Mutua Fenera Chieri '76,Fenera Chieri '76,0,3,6,8,16,13,21,18,24,26,8,6,16,15,18,21,22,25,5,8,11,16,13,21,17,25,-,-,-,-,-,-,-,-,-,-,-,-,-,-,-,-,51,13,16,64,15,4,68,7,0.50 ,0.29 ,96,7,6,43,0.45 ,-,4
2025/2026,A1,Regular_Season,2nd,8,-,3061,12/11/2025 ,20:00,2.1,-,C,Numia Vero Volley Milano,Vero Volley,3,1,6,8,12,16,16,21,24,26,8,3,16,8,21,9,25,13,8,7,16,13,21,16,25,18,7,8,16,12,21,14,25,17,-,-,-,-,-,-,-,-,75,27,40,97,16,2,68,5,0.62 ,0.47 ,120,10,4,59,0.49 ,-,14
2025/2026,A1,Regular_Season,2nd,9,-,3061,12/11/2025 ,20:00,2.1,-,O,Il Bisonte Firenze,Azzurra Volley Firenze,1,3,8,6,16,12,21,16,26,24,3,8,8,16,9,21,13,25,7,8,13,16,16,21,18,25,8,7,12,16,14,21,17,25,-,-,-,-,-,-,-,-,48,9,8,75,7,4,81,5,0.67 ,0.41 ,125,14,14,40,0.32 ,-,4
2025/2026,A1,Regular_Season,2nd,10,-,3057,12/11/2025 ,20:30,1,-,C,Eurotek Laica Uyba,Uyba Busto Arsizio,3,0,8,4,16,10,21,15,25,22,7,8,15,16,21,17,25,19,8,4,16,11,21,15,25,22,-,-,-,-,-,-,-,-,-,-,-,-,-,-,-,-,54,22,27,73,8,6,56,3,0.59 ,0.29 ,97,10,6,42,0.43 ,-,6
2025/2026,A1,Regular_Season,2nd,11,-,3057,12/11/2025 ,20:30,1,-,O,Honda Cuneo Granda Volley,Honda Cuneo Granda Volley,0,3,4,8,10,16,15,21,22,25,8,7,16,15,17,21,19,25,4,8,11,16,15,21,22,25,-,-,-,-,-,-,-,-,-,-,-,-,-,-,-,-,44,12,13,65,9,2,65,6,0.55 ,0.22 ,102,10,6,36,0.35 ,-,6
2025/2026,A1,Regular_Season,2nd,12,-,3058,12/11/2025 ,20:30,634,-,C,Omag-Mt San Giovanni In Marignano,San Giovanni In Marignano,2,3,8,4,16,10,21,20,25,20,6,8,16,15,21,17,25,20,8,7,15,16,20,21,25,27,8,7,16,12,21,18,23,25,4,5,9,10,9,12,12,15,86,32,43,110,15,4,96,6,0.67 ,0.40 ,180,12,10,69,0.38 ,-,13
2025/2026,A1,Regular_Season,2nd,13,-,3058,12/11/2025 ,20:30,634,-,O,Wash4green Monviso Volley,Pallavolo Pinerolo,3,2,4,8,10,16,20,21,20,25,8,6,15,16,17,21,20,25,7,8,16,15,21,20,27,25,7,8,12,16,18,21,25,23,5,4,10,9,12,9,15,12,76,27,36,107,11,5,95,7,0.46 ,0.25 ,176,9,13,61,0.35 ,-,10
2025/2026,A1,Play_Off_Challenge ,GroupA,1,-,3060,12/11/2025 ,20:30,957,-,C,Bergamo,Volley Bergamo 1991,2,3,8,5,16,11,21,18,25,20,8,6,16,14,21,18,25,20,8,6,15,16,21,20,25,27,5,8,15,16,17,21,22,25,3,5,6,10,7,12,12,15,93,32,50,110,16,6,99,9,0.57 ,0.20 ,161,12,4,74,0.46 ,-,13
2025/2026,A1,Play_Off_Challenge ,GroupA,2,-,3060,12/11/2025 ,20:30,957,-,O,Bartoccini-Mc Restauri Perugia,Bartoccini Perugia,3,2,5,8,11,16,18,21,20,25,6,8,14,16,18,21,20,25,6,8,16,15,20,21,27,25,8,5,16,15,21,17,25,22,5,3,10,6,12,7,15,12,76,26,37,106,7,6,94,12,0.40 ,0.11 ,156,7,13,66,0.42 ,-,4
2025/2026,A1,Play_Off_Challenge ,GroupA,3,-,3062,12/11/2025 ,20:30,2.04,-,C,Igor Gorgonzola Novara,Igor Novara,3,2,8,5,16,9,21,13,25,16,5,8,12,16,21,20,25,21,5,8,15,16,18,21,20,25,3,8,8,16,14,21,16,25,2,5,10,8,11,12,15,13,81,31,49,100,8,2,93,7,0.62 ,0.33 ,175,9,8,69,0.39 ,-,10
2025/2026,A1,Play_Off_Challenge ,GroupA,4,-,3062,12/11/2025 ,20:30,2.04,-,O,Megabox Ondulati Del Savio Vallefoglia,Megabox Vallefoglia,2,3,5,8,9,16,13,21,16,25,8,5,16,12,20,21,21,25,8,5,16,15,21,18,25,20,8,3,16,8,21,14,25,16,5,2,8,10,12,11,13,15,79,32,44,100,7,2,92,5,0.55 ,0.33 ,163,13,10,69,0.42 ,-,8
2025/2026,A1,Play_Off_Challenge ,GroupA,5,-,3063,12/11/2025 ,20:30,1.83,-,C,Cbf Balducci Hr Macerata,Helvia Recina Volley Macerata,0,3,7,8,10,16,14,21,16,25,5,8,8,16,10,21,12,25,8,7,14,16,20,21,26,28,-,-,-,-,-,-,-,-,-,-,-,-,-,-,-,-,34,11,12,55,5,2,63,5,0.52 ,0.24 ,92,8,4,26,0.28 ,-,6
2025/2026,A1,Play_Off_Challenge ,GroupA,6,-,3063,12/11/2025 ,20:30,1.83,-,O,Prosecco Doc A.Carraro Imoco Conegliano,Imoco Volley Conegliano,3,0,8,7,16,10,21,14,25,16,8,5,16,8,21,10,25,12,7,8,16,14,21,20,28,26,-,-,-,-,-,-,-,-,-,-,-,-,-,-,-,-,65,33,36,77,14,2,50,3,0.72 ,0.30 ,121,6,6,59,0.49 ,-,4
2025/2026,A2,Pool_Promozione,1st,1,-,3068,15/11/2025 ,20:30,12.667,-,C,Numia Vero Volley Milano,Vero Volley,2,3,6,8,16,15,20,21,20,25,5,8,16,15,19,21,25,27,8,6,16,15,21,16,25,17,8,3,16,12,21,15,25,17,5,4,9,10,9,12,11,15,84,32,52,106,7,7,92,2,0.60 ,0.40 ,159,12,11,66,0.42 ,-,11
2025/2026,A2,Pool_Promozione,1st,2,-,3068,15/11/2025 ,20:30,12.667,-,O,Igor Gorgonzola Novara,Igor Novara,3,2,8,6,15,16,21,20,25,20,8,5,15,16,21,19,27,25,6,8,15,16,16,21,17,25,3,8,12,16,15,21,17,25,4,5,10,9,12,9,15,11,76,23,35,101,9,1,99,12,0.61 ,0.36 ,166,9,11,64,0.39 ,-,11
2025/2026,A2,Pool_Promozione,1st,3,-,3069,16/11/2025 ,16:00,5.344,-,C,Prosecco Doc A.Carraro Imoco Conegliano,Imoco Volley Conegliano,3,1,7,8,14,16,21,18,25,22,6,8,16,15,21,17,23,25,6,8,14,16,21,20,25,22,8,5,16,11,21,13,25,16,-,-,-,-,-,-,-,-,75,31,43,97,14,3,72,7,0.58 ,0.42 ,134,8,3,64,0.48 ,-,8
2025/2026,A2,Pool_Promozione,1st,4,-,3069,16/11/2025 ,16:00,5.344,-,O,Savino Del Bene Scandicci,Savino Del Bene Scandicci,1,3,8,7,16,14,18,21,22,25,8,6,15,16,17,21,25,23,8,6,16,14,20,21,22,25,5,8,11,16,13,21,16,25,-,-,-,-,-,-,-,-,58,17,16,86,14,3,83,12,0.48 ,0.29 ,127,8,8,52,0.41 ,-,3
2025/2026,A2,Pool_Promozione,1st,5,-,3064,16/11/2025 ,17:00,923,-,C,Il Bisonte Firenze,Azzurra Volley Firenze,0,3,6,8,16,15,19,21,21,25,6,8,16,15,18,21,21,25,5,8,14,16,18,21,21,25,-,-,-,-,-,-,-,-,-,-,-,-,-,-,-,-,45,13,20,64,4,2,63,6,0.63 ,0.29 ,108,8,7,38,0.35 ,-,5
2025/2026,A2,Pool_Promozione,2nd,1,-,3064,16/11/2025 ,17:00,923,-,O,Eurotek Laica Uyba,Uyba Busto Arsizio,3,0,8,6,15,16,21,19,25,21,8,6,15,16,21,18,25,21,8,5,16,14,21,18,25,21,-,-,-,-,-,-,-,-,-,-,-,-,-,-,-,-,61,19,32,74,11,3,60,6,0.52 ,0.17 ,122,6,5,51,0.42 ,-,7
2025/2026,A2,Pool_Promozione,2nd,2,-,3065,16/11/2025 ,17:00,920,-,C,Wash4green Monviso Volley,Pallavolo Pinerolo,0,3,8,4,16,12,20,21,23,25,4,8,9,16,13,21,15,25,3,8,13,16,14,21,16,25,-,-,-,-,-,-,-,-,-,-,-,-,-,-,-,-,39,7,4,55,14,3,68,7,0.57 ,0.34 ,99,5,9,33,0.33 ,-,3
2025/2026,A2,Pool_Promozione,2nd,3,-,3065,16/11/2025 ,17:00,920,-,O,Bergamo,Volley Bergamo 1991,3,0,4,8,12,16,21,20,25,23,8,4,16,9,21,13,25,15,8,3,16,13,21,14,25,16,-,-,-,-,-,-,-,-,-,-,-,-,-,-,-,-,51,23,33,74,6,5,41,3,0.46 ,0.17 ,86,6,3,37,0.43 ,-,9
2025/2026,A2,Pool_Promozione,2nd,4,-,3066,16/11/2025 ,17:00,1.313,-,C,Honda Cuneo Granda Volley,Honda Cuneo Granda Volley,0,3,4,8,6,16,13,21,20,25,3,8,10,16,16,21,22,25,4,8,14,16,18,21,22,25,-,-,-,-,-,-,-,-,-,-,-,-,-,-,-,-,49,17,13,66,10,3,65,9,0.45 ,0.23 ,101,5,12,39,0.39 ,-,7
2025/2026,A2,Pool_Promozione,2nd,5,-,3066,16/11/2025 ,17:00,1.313,-,O,Reale Mutua Fenera Chieri '76,Fenera Chieri '76,3,0,8,4,16,6,21,13,25,20,8,3,16,10,21,16,25,22,8,4,16,14,21,18,25,22,-,-,-,-,-,-,-,-,-,-,-,-,-,-,-,-,59,26,34,73,7,5,56,5,0.61 ,0.30 ,98,6,7,42,0.43 ,-,12
2025/2026,A2,Regular_Season_GroupB,1st,1,-,3070,16/11/2025 ,18:00,804,-,C,Megabox Ondulati Del Savio Vallefoglia,Megabox Vallefoglia,3,1,8,3,16,14,21,19,25,21,4,8,11,16,20,21,25,27,6,8,16,15,21,18,25,22,8,7,16,13,21,18,25,19,-,-,-,-,-,-,-,-,80,35,47,99,11,6,83,5,0.57 ,0.25 ,162,11,6,66,0.41 ,-,8
2025/2026,A2,Regular_Season_GroupB,1st,2,-,3070,16/11/2025 ,18:00,804,-,O,Cbf Balducci Hr Macerata,Helvia Recina Volley Macerata,1,3,3,8,14,16,19,21,21,25,8,4,16,11,21,20,27,25,8,6,15,16,18,21,22,25,7,8,13,16,18,21,19,25,-,-,-,-,-,-,-,-,62,22,25,90,7,3,88,11,0.48 ,0.25 ,142,11,8,53,0.37 ,-,6
2025/2026,A2,Regular_Season_GroupB,1st,3,-,3067,16/11/2025 ,20:45,1.053,-,C,Bartoccini-Mc Restauri Perugia,Bartoccini Perugia,1,3,4,8,11,16,18,21,22,25,8,7,13,16,18,21,23,25,8,5,16,15,21,17,25,20,8,7,15,16,20,21,21,25,-,-,-,-,-,-,-,-,64,22,20,92,7,1,79,8,0.51 ,0.38 ,143,17,11,53,0.37 ,-,10
2025/2026,A2,Regular_Season_GroupB,1st,4,-,3067,16/11/2025 ,20:45,1.053,-,O,Omag-Mt San Giovanni In Marignano,San Giovanni In Marignano,3,1,8,4,16,11,21,18,25,22,7,8,16,13,21,18,25,23,5,8,15,16,17,21,20,25,7,8,16,15,21,20,25,21,-,-,-,-,-,-,-,-,70,21,29,94,15,7,85,5,0.56 ,0.47 ,136,10,10,52,0.38 ,-,11
2025/2026,A2,Regular_Season_GroupB,1st,5,-,3077,22/11/2025 ,19:00,2.806,-,C,Igor Gorgonzola Novara,Igor Novara,3,0,8,4,16,10,21,12,25,15,8,5,16,14,21,18,25,22,8,7,16,10,21,17,25,18,-,-,-,-,-,-,-,-,-,-,-,-,-,-,-,-,60,24,37,73,8,5,51,4,0.57 ,0.33 ,115,6,5,45,0.39 ,-,10
2025/2026,A2,Regular_Season_GroupB,1st,6,-,3077,22/11/2025 ,19:00,2.806,-,O,Cbf Balducci Hr Macerata,Helvia Recina Volley Macerata,0,3,4,8,10,16,12,21,15,25,5,8,14,16,18,21,22,25,7,8,10,16,17,21,18,25,-,-,-,-,-,-,-,-,-,-,-,-,-,-,-,-,40,11,7,57,6,3,65,9,0.57 ,0.29 ,104,8,10,32,0.31 ,-,5
2025/2026,A2,Regular_Season_GroupB,1st,7,-,3073,22/11/2025 ,20:30,4.98,-,C,Prosecco Doc A.Carraro Imoco Conegliano,Imoco Volley Conegliano,3,0,8,4,16,10,21,15,25,16,8,7,16,14,21,19,25,22,8,6,16,15,21,17,25,20,-,-,-,-,-,-,-,-,-,-,-,-,-,-,-,-,58,24,37,74,10,2,50,2,0.68 ,0.42 ,117,3,6,52,0.44 ,-,4
2025/2026,A2,Regular_Season_GroupB,1st,8,-,3073,22/11/2025 ,20:30,4.98,-,O,Il Bisonte Firenze,Azzurra Volley Firenze,0,3,4,8,10,16,15,21,16,25,7,8,14,16,19,21,22,25,6,8,15,16,17,21,20,25,-,-,-,-,-,-,-,-,-,-,-,-,-,-,-,-,44,10,21,59,9,2,64,5,0.47 ,0.28 ,104,5,4,36,0.35 ,-,6
2025/2026,A2,Regular_Season_GroupB,1st,9,-,3074,23/11/2025 ,16:00,1.739,-,C,Omag-Mt San Giovanni In Marignano,San Giovanni In Marignano,0,3,8,7,15,16,16,21,16,25,8,7,10,16,14,21,18,25,6,8,14,16,18,21,27,29,-,-,-,-,-,-,-,-,-,-,-,-,-,-,-,-,40,12,17,63,6,3,67,7,0.58 ,0.24 ,87,6,4,32,0.37 ,-,5
2025/2026,A2,Regular_Season_GroupB,2nd,1,-,3074,23/11/2025 ,16:00,1.739,-,O,Numia Vero Volley Milano,Vero Volley,3,0,7,8,16,15,21,16,25,16,7,8,16,10,21,14,25,18,8,6,16,14,21,18,29,27,-,-,-,-,-,-,-,-,-,-,-,-,-,-,-,-,65,28,38,77,10,4,57,4,0.51 ,0.19 ,103,8,5,57,0.55 ,-,4
2025/2026,A2,Regular_Season_GroupB,2nd,2,-,3071,23/11/2025 ,17:00,1.31,-,C,Eurotek Laica Uyba,Uyba Busto Arsizio,3,1,7,8,16,11,21,15,25,21,8,6,16,11,21,14,25,15,8,5,14,16,14,21,18,25,8,2,16,6,21,9,25,9,-,-,-,-,-,-,-,-,71,33,45,92,5,5,65,3,0.65 ,0.32 ,151,11,7,57,0.38 ,-,9
2025/2026,A2,Regular_Season_GroupB,2nd,3,-,3071,23/11/2025 ,17:00,1.31,-,O,Bartoccini-Mc Restauri Perugia,Bartoccini Perugia,1,3,8,7,11,16,15,21,21,25,6,8,11,16,14,21,15,25,5,8,16,14,21,14,25,18,2,8,6,16,9,21,9,25,-,-,-,-,-,-,-,-,54,13,20,71,6,2,87,7,0.54 ,0.33 ,132,12,9,45,0.34 ,-,7
2025/2026,A2,Regular_Season_GroupB,2nd,4,-,3072,23/11/2025 ,17:00,1.342,-,C,Reale Mutua Fenera Chieri '76,Fenera Chieri '76,3,1,8,4,16,11,21,19,24,26,8,7,16,11,21,15,25,19,7,8,16,13,21,16,25,17,8,5,16,9,21,16,25,19,-,-,-,-,-,-,-,-,75,38,45,98,11,2,70,5,0.70 ,0.34 ,137,9,5,60,0.44 ,-,13
2025/2026,A2,Regular_Season_GroupB,2nd,5,-,3072,23/11/2025 ,17:00,1.342,-,O,Wash4green Monviso Volley,Pallavolo Pinerolo,1,3,4,8,11,16,19,21,26,24,7,8,11,16,15,21,19,25,8,7,13,16,16,21,17,25,5,8,9,16,16,21,19,25,-,-,-,-,-,-,-,-,60,23,18,82,12,3,87,6,0.63 ,0.22 ,142,11,13,52,0.37 ,-,5
2025/2026,A2,Regular_Season_GroupB,2nd,6,-,3075,23/11/2025 ,17:00,2.213,-,C,Savino Del Bene Scandicci,Savino Del Bene Scandicci,3,0,8,4,16,8,21,12,25,12,8,4,16,5,21,7,25,10,8,6,16,13,21,16,25,16,-,-,-,-,-,-,-,-,-,-,-,-,-,-,-,-,57,34,50,74,4,7,32,1,0.66 ,0.38 ,70,1,1,40,0.57 ,-,10
2025/2026,A2,Regular_Season_GroupB,2nd,7,-,3075,23/11/2025 ,17:00,2.213,-,O,Megabox Ondulati Del Savio Vallefoglia,Megabox Vallefoglia,0,3,4,8,8,16,12,21,12,25,4,8,5,16,7,21,10,25,6,8,13,16,16,21,16,25,-,-,-,-,-,-,-,-,-,-,-,-,-,-,-,-,33,5,-5,39,7,1,70,12,0.50 ,0.26 ,83,9,10,31,0.37 ,-,1
2025/2026,A2,Regular_Season_GroupB,2nd,8,-,3076,23/11/2025 ,17:00,1.185,-,C,Bergamo,Volley Bergamo 1991,3,2,6,8,16,14,21,17,26,24,5,8,15,16,21,20,25,22,7,8,16,14,20,21,25,27,5,8,11,16,14,21,19,25,5,4,10,9,12,10,15,11,77,29,30,109,15,2,90,14,0.46 ,0.17 ,150,10,8,69,0.46 ,-,6
2025/2026,A2,Regular_Season_GroupB,2nd,9,-,3076,23/11/2025 ,17:00,1.185,-,O,Honda Cuneo Granda Volley,Honda Cuneo Granda Volley,2,3,8,6,14,16,17,21,24,26,8,5,16,15,20,21,22,25,8,7,14,16,21,20,27,25,8,5,16,11,21,14,25,19,4,5,9,10,10,12,11,15,81,30,32,110,20,10,94,13,0.53 ,0.21 ,159,10,6,63,0.40 ,-,8
2025/2026,A2,Coppa_Italia,Quarter,-,-,3084,29/11/2025 ,15:30,1.28,-,C,Honda Cuneo Granda Volley,Honda Cuneo Granda Volley,0,3,4,8,10,16,12,21,14,25,8,6,15,16,21,20,23,25,5,8,10,16,12,21,14,25,-,-,-,-,-,-,-,-,-,-,-,-,-,-,-,-,38,12,1,52,10,3,66,13,0.48 ,0.23 ,76,5,9,31,0.41 ,-,4
2025/2026,A2,Coppa_Italia,Semifinal,-,-,3084,29/11/2025 ,15:30,1.28,-,O,Igor Gorgonzola Novara,Igor Novara,3,0,8,4,16,10,21,12,25,14,6,8,16,15,20,21,25,23,8,5,16,10,21,12,25,14,-,-,-,-,-,-,-,-,-,-,-,-,-,-,-,-,59,31,38,74,8,4,42,6,0.60 ,0.33 ,82,3,4,46,0.56 ,-,9
2025/2026,A2,Coppa_Italia,Final,-,-,3081,29/11/2025 ,20:30,3.04,-,C,Bartoccini-Mc Restauri Perugia,Bartoccini Perugia,0,3,8,6,12,16,16,21,21,25,6,8,13,16,17,21,21,25,3,8,9,16,13,21,17,25,-,-,-,-,-,-,-,-,-,-,-,-,-,-,-,-,39,10,16,61,3,1,62,5,0.53 ,0.32 ,87,5,8,34,0.39 ,-,4
2025/2026,A2,Pool_Salvezza,1st,1,-,3081,29/11/2025 ,20:30,3.04,-,O,Prosecco Doc A.Carraro Imoco Conegliano,Imoco Volley Conegliano,3,0,6,8,16,12,21,16,25,21,8,6,16,13,21,17,25,21,8,3,16,9,21,13,25,17,-,-,-,-,-,-,-,-,-,-,-,-,-,-,-,-,65,21,40,73,11,3,58,3,0.64 ,0.45 ,99,7,4,54,0.55 ,-,8
2025/2026,A2,Pool_Salvezza,1st,2,-,3079,30/11/2025 ,15:30,850,-,C,Wash4green Monviso Volley,Pallavolo Pinerolo,2,3,8,5,16,14,20,21,22,25,7,8,14,16,21,19,25,23,8,7,16,14,21,15,25,21,5,8,12,16,16,21,23,25,5,4,10,9,12,9,12,15,83,31,26,107,16,5,101,11,0.54 ,0.31 ,159,15,12,67,0.42 ,-,11
2025/2026,A2,Pool_Salvezza,1st,3,-,3079,30/11/2025 ,15:30,850,-,O,Megabox Ondulati Del Savio Vallefoglia,Megabox Vallefoglia,3,2,5,8,14,16,21,20,25,22,8,7,16,14,19,21,23,25,7,8,14,16,15,21,21,25,8,5,16,12,21,16,25,23,4,5,9,10,9,12,15,12,75,29,35,109,8,9,91,7,0.49 ,0.23 ,148,12,11,54,0.36 ,-,12
2025/2026,A2,Pool_Salvezza,1st,5,-,3078,30/11/2025 ,17:00,3.762,-,C,Numia Vero Volley Milano,Vero Volley,3,1,8,3,14,16,18,21,22,25,8,6,16,11,21,18,25,21,8,3,16,12,21,14,25,18,8,6,16,15,21,17,25,20,-,-,-,-,-,-,-,-,74,29,50,96,5,2,75,2,0.65 ,0.41 ,137,8,9,59,0.43 ,-,13
2025/2026,A2,Pool_Salvezza,2nd,1,-,3078,30/11/2025 ,17:00,3.762,-,O,Eurotek Laica Uyba,Uyba Busto Arsizio,1,3,3,8,16,14,21,18,25,22,6,8,11,16,18,21,21,25,3,8,12,16,14,21,18,25,6,8,15,16,17,21,20,25,-,-,-,-,-,-,-,-,71,20,34,85,10,1,91,3,0.68 ,0.36 ,146,11,13,61,0.42 ,-,9
2025/2026,A2,Pool_Salvezza,2nd,2,-,3080,30/11/2025 ,17:00,960,-,C,Omag-Mt San Giovanni In Marignano,San Giovanni In Marignano,0,3,8,6,14,16,21,20,23,25,1,8,5,16,12,21,15,25,6,8,12,16,14,21,17,25,-,-,-,-,-,-,-,-,-,-,-,-,-,-,-,-,36,11,-1,56,6,2,63,11,0.56 ,0.17 ,90,10,5,32,0.36 ,-,2
2025/2026,A2,Pool_Salvezza,2nd,3,-,3080,30/11/2025 ,17:00,960,-,O,Reale Mutua Fenera Chieri '76,Fenera Chieri '76,3,0,6,8,16,14,20,21,25,23,8,1,16,5,21,12,25,15,8,6,16,12,21,14,25,17,-,-,-,-,-,-,-,-,-,-,-,-,-,-,-,-,58,24,21,74,11,7,50,5,0.56 ,0.36 ,87,6,2,46,0.53 ,-,5
2025/2026,A2,Pool_Salvezza,2nd,5,-,3082,30/11/2025 ,17:00,702,-,C,Il Bisonte Firenze,Azzurra Volley Firenze,0,3,7,8,11,16,15,21,20,25,3,8,13,16,16,21,20,25,1,8,8,16,12,21,22,25,-,-,-,-,-,-,-,-,-,-,-,-,-,-,-,-,39,13,11,64,4,.,64,7,0.44 ,0.14 ,114,3,14,35,0.31 ,-,4
2025/2026,A2,Regular_Season_GroupB,1st,1,-,3082,30/11/2025 ,17:00,702,-,O,Bergamo,Volley Bergamo 1991,3,0,8,7,16,11,21,15,25,20,8,3,16,13,21,16,25,20,8,1,16,8,21,12,25,22,-,-,-,-,-,-,-,-,-,-,-,-,-,-,-,-,68,31,43,73,9,2,60,.,0.60 ,0.30 ,127,12,4,52,0.41 ,-,14
2025/2026,A2,Regular_Season_GroupB,1st,2,-,3083,30/11/2025 ,17:00,1.15,-,C,Cbf Balducci Hr Macerata,Helvia Recina Volley Macerata,0,3,3,8,8,16,11,21,15,25,4,8,13,16,21,19,24,26,3,8,7,16,15,21,16,25,-,-,-,-,-,-,-,-,-,-,-,-,-,-,-,-,36,11,-1,56,9,3,68,10,0.47 ,0.34 ,103,9,9,31,0.30 ,-,2
2025/2026,A2,Regular_Season_GroupB,1st,3,-,3083,30/11/2025 ,17:00,1.15,-,O,Savino Del Bene Scandicci,Savino Del Bene Scandicci,3,0,8,3,16,8,21,11,25,15,8,4,16,13,19,21,26,24,8,3,16,7,21,15,25,16,-,-,-,-,-,-,-,-,-,-,-,-,-,-,-,-,58,31,35,75,7,4,47,4,0.55 ,0.32 ,92,10,2,45,0.49 ,-,9
2025/2026,A2,Regular_Season_GroupB,1st,4,-,3086,22/10/2025 ,20:00,920,-,C,Wash4green Monviso Volley,Pallavolo Pinerolo,0,3,4,8,7,16,8,21,10,25,8,6,15,16,19,21,21,25,6,8,11,16,15,21,19,25,-,-,-,-,-,-,-,-,-,-,-,-,-,-,-,-,36,10,10,52,6,5,64,9,0.53 ,0.20 ,89,6,5,25,0.28 ,-,6
2025/2026,A2,Regular_Season_GroupB,1st,5,-,3086,22/10/2025 ,20:00,920,-,O,Prosecco Doc A.Carraro Imoco Conegliano,Imoco Volley Conegliano,3,0,8,4,16,7,21,8,25,10,6,8,16,15,21,19,25,21,8,6,16,11,21,15,25,19,-,-,-,-,-,-,-,-,-,-,-,-,-,-,-,-,63,30,38,73,9,2,46,5,0.50 ,0.33 ,98,5,6,56,0.57 ,-,5
2025/2026,A2,Regular_Season_GroupB,1st,6,-,3089,22/10/2025 ,20:30,2.4,-,C,Savino Del Bene Scandicci,Savino Del Bene Scandicci,3,0,6,8,15,16,21,19,25,23,8,5,16,14,21,19,25,22,8,6,16,13,20,21,25,23,-,-,-,-,-,-,-,-,-,-,-,-,-,-,-,-,57,18,29,74,14,5,61,4,0.72 ,0.46 ,100,4,6,46,0.46 ,-,6
2025/2026,A2,Regular_Season_GroupB,1st,7,-,3089,22/10/2025 ,20:30,2.4,-,O,Numia Vero Volley Milano,Vero Volley,0,3,8,6,16,15,19,21,23,25,5,8,14,16,19,21,22,25,6,8,13,16,21,20,23,25,-,-,-,-,-,-,-,-,-,-,-,-,-,-,-,-,49,13,20,69,8,1,60,8,0.47 ,0.27 ,89,7,6,42,0.47 ,-,6
2025/2026,A2,Regular_Season_GroupB,1st,8,-,3091,6/12/2025 ,21:00,760,-,C,Cbf Balducci Hr Macerata,Helvia Recina Volley Macerata,3,2,8,7,16,13,21,17,25,21,6,8,13,16,18,21,21,25,8,5,16,15,20,21,25,23,5,8,13,16,17,21,21,25,5,3,8,10,10,12,16,14,77,27,30,108,17,5,92,9,0.58 ,0.23 ,159,10,11,58,0.36 ,-,14
2025/2026,A2,Regular_Season_GroupB,1st,9,-,3091,6/12/2025 ,21:00,760,-,O,Bergamo,Volley Bergamo 1991,2,3,7,8,13,16,17,21,21,25,8,6,16,13,21,18,25,21,5,8,15,16,21,20,23,25,8,5,16,13,21,17,25,21,3,5,10,8,12,10,14,16,79,30,23,108,16,7,91,12,0.38 ,0.11 ,161,14,14,61,0.38 ,-,11
2025/2026,A2,Regular_Season_GroupB,2nd,1,-,3088,7/12/2025 ,16:00,2.59,-,C,Igor Gorgonzola Novara,Igor Novara,3,0,8,5,16,12,21,18,25,21,8,4,16,9,21,13,25,17,8,4,16,8,21,11,25,16,-,-,-,-,-,-,-,-,-,-,-,-,-,-,-,-,62,28,42,74,9,3,48,6,0.56 ,0.17 ,94,1,4,54,0.57 ,-,5
2025/2026,A2,Regular_Season_GroupB,2nd,2,-,3088,7/12/2025 ,16:00,2.59,-,O,Il Bisonte Firenze,Azzurra Volley Firenze,0,3,5,8,12,16,18,21,21,25,4,8,9,16,13,21,17,25,4,8,8,16,11,21,16,25,-,-,-,-,-,-,-,-,-,-,-,-,-,-,-,-,41,11,16,54,6,2,65,9,0.45 ,0.32 ,91,5,5,35,0.38 ,-,4
2025/2026,A2,Regular_Season_GroupB,2nd,3,-,3085,7/12/2025 ,17:00,1.116,-,C,Eurotek Laica Uyba,Uyba Busto Arsizio,3,1,7,8,11,16,12,21,16,25,8,6,16,13,21,14,25,15,8,3,16,13,21,13,25,16,8,7,16,13,21,18,25,18,-,-,-,-,-,-,-,-,65,31,35,90,7,8,70,8,0.50 ,0.29 ,133,10,5,50,0.38 ,-,7
2025/2026,A2,Regular_Season_GroupB,2nd,4,-,3085,7/12/2025 ,17:00,1.116,-,O,Omag-Mt San Giovanni In Marignano,San Giovanni In Marignano,1,3,8,7,16,11,21,12,25,16,6,8,13,16,14,21,15,25,3,8,13,16,13,21,16,25,7,8,13,16,18,21,18,25,-,-,-,-,-,-,-,-,57,24,20,75,5,6,83,8,0.49 ,0.22 ,139,17,7,46,0.33 ,-,5
2025/2026,A2,Regular_Season_GroupB,2nd,5,-,3087,7/12/2025 ,17:00,1.133,-,C,Reale Mutua Fenera Chieri '76,Fenera Chieri '76,3,0,5,8,16,14,21,20,25,22,8,6,16,8,21,10,25,14,8,5,16,10,21,11,25,15,-,-,-,-,-,-,-,-,-,-,-,-,-,-,-,-,63,33,45,74,7,6,45,.,0.69 ,0.24 ,104,6,5,47,0.45 ,-,10
2025/2026,A2,Regular_Season_GroupB,2nd,6,-,3087,7/12/2025 ,17:00,1.133,-,O,Bartoccini-Mc Restauri Perugia,Bartoccini Perugia,0,3,8,5,14,16,20,21,22,25,6,8,8,16,10,21,14,25,5,8,10,16,11,21,15,25,-,-,-,-,-,-,-,-,-,-,-,-,-,-,-,-,36,9,5,52,7,.,67,10,0.55 ,0.21 ,87,4,10,31,0.36 ,-,5
2025/2026,A2,Regular_Season_GroupB,2nd,7,-,3090,7/12/2025 ,17:00,768,-,C,Megabox Ondulati Del Savio Vallefoglia,Megabox Vallefoglia,3,1,7,8,14,16,21,20,26,24,8,5,16,15,20,21,27,25,3,8,11,16,21,20,23,25,8,4,16,9,21,15,25,18,-,-,-,-,-,-,-,-,71,25,34,99,12,4,74,5,0.59 ,0.34 ,127,8,12,62,0.49 ,-,5
2025/2026,A2,Regular_Season_GroupB,2nd,8,-,3090,7/12/2025 ,17:00,768,-,O,Honda Cuneo Granda Volley,Honda Cuneo Granda Volley,1,3,8,7,16,14,20,21,24,26,5,8,15,16,21,20,25,27,8,3,16,11,20,21,25,23,4,8,9,16,15,21,18,25,-,-,-,-,-,-,-,-,69,20,28,93,19,4,87,8,0.49 ,0.22 ,122,9,5,53,0.43 ,-,12
2025/2026,A2,Regular_Season_GroupB,2nd,9,-,3092,19/11/2025 ,20:00,4.38,-,C,Prosecco Doc A.Carraro Imoco Conegliano,Imoco Volley Conegliano,3,2,5,8,14,16,14,21,25,23,7,8,15,16,18,21,28,30,8,3,16,10,21,11,25,14,6,8,15,16,21,20,25,27,5,1,10,5,12,7,15,10,88,34,51,117,12,7,93,11,0.51 ,0.17 ,151,8,6,67,0.44 ,-,14
2025/2026,A2,Pool_Salvezza,1st,1,-,3092,19/11/2025 ,20:00,4.38,-,O,Eurotek Laica Uyba,Uyba Busto Arsizio,2,3,8,5,16,14,21,14,23,25,8,7,16,15,21,18,30,28,3,8,10,16,11,21,14,25,8,6,16,15,20,21,27,25,1,5,5,10,7,12,10,15,81,27,30,105,12,5,105,11,0.50 ,0.17 ,174,14,14,70,0.40 ,-,6
2025/2026,A2,Pool_Salvezza,1st,2,-,3093,19/11/2025 ,20:30,1.289,-,C,Savino Del Bene Scandicci,Savino Del Bene Scandicci,3,1,8,2,16,6,21,8,25,10,7,8,16,12,21,15,25,18,7,8,14,16,14,21,20,25,4,8,16,15,19,21,25,22,-,-,-,-,-,-,-,-,71,33,40,94,9,8,64,10,0.56 ,0.23 ,101,8,4,54,0.53 ,-,9
2025/2026,A2,Pool_Salvezza,1st,3,-,3093,19/11/2025 ,20:30,1.289,-,O,Wash4green Monviso Volley,Pallavolo Pinerolo,1,3,2,8,6,16,8,21,10,25,8,7,12,16,15,21,18,25,8,7,16,14,21,14,25,20,8,4,15,16,21,19,22,25,-,-,-,-,-,-,-,-,56,17,15,76,12,6,85,11,0.61 ,0.39 ,109,9,9,46,0.42 ,-,4
2025/2026,A2,Pool_Salvezza,1st,4,-,3094,13/12/2025 ,20:30,1.035,-,C,Reale Mutua Fenera Chieri '76,Fenera Chieri '76,3,0,8,6,16,13,21,18,25,21,8,6,16,13,21,17,25,19,8,3,16,8,21,18,25,22,-,-,-,-,-,-,-,-,-,-,-,-,-,-,-,-,57,25,29,74,13,3,54,2,0.56 ,0.30 ,128,8,5,48,0.38 ,-,6
2025/2026,A2,Pool_Salvezza,1st,5,-,3094,13/12/2025 ,20:30,1.035,-,O,Il Bisonte Firenze,Azzurra Volley Firenze,0,3,6,8,13,16,18,21,21,25,6,8,13,16,17,21,19,25,3,8,8,16,18,21,22,25,-,-,-,-,-,-,-,-,-,-,-,-,-,-,-,-,39,14,11,63,9,2,61,4,0.59 ,0.21 ,113,9,6,32,0.28 ,-,5
2025/2026,A2,Pool_Salvezza,2nd,1,-,3095,14/12/2025 ,17:00,651,-,C,Megabox Ondulati Del Savio Vallefoglia,Megabox Vallefoglia,3,2,5,8,16,15,21,18,25,20,8,5,16,8,21,13,25,16,6,8,12,16,18,21,22,25,8,4,13,16,17,21,22,25,5,3,10,8,12,9,15,11,85,34,43,109,17,5,89,7,0.62 ,0.33 ,168,13,5,65,0.39 ,-,15
2025/2026,A2,Pool_Salvezza,2nd,2,-,3095,14/12/2025 ,17:00,651,-,O,Bartoccini-Mc Restauri Perugia,Bartoccini Perugia,2,3,8,5,15,16,18,21,20,25,5,8,8,16,13,21,16,25,8,6,16,12,21,18,25,22,4,8,16,13,21,17,25,22,3,5,8,10,9,12,11,15,66,22,16,98,9,3,92,12,0.40 ,0.20 ,155,14,15,58,0.37 ,-,5
2025/2026,A2,Pool_Salvezza,2nd,3,-,3097,14/12/2025 ,17:00,2.365,-,C,Igor Gorgonzola Novara,Igor Novara,3,1,7,8,15,16,21,20,23,25,8,6,16,9,21,13,25,17,8,5,16,15,21,17,25,21,8,4,16,13,21,16,25,19,-,-,-,-,-,-,-,-,75,35,38,97,10,9,74,8,0.57 ,0.28 ,140,8,11,54,0.39 ,-,12
2025/2026,A2,Pool_Salvezza,2nd,4,-,3097,14/12/2025 ,17:00,2.365,-,O,Omag-Mt San Giovanni In Marignano,San Giovanni In Marignano,1,3,8,7,16,15,20,21,25,23,6,8,9,16,13,21,17,25,5,8,15,16,17,21,21,25,4,8,13,16,16,21,19,25,-,-,-,-,-,-,-,-,62,24,17,83,9,6,87,11,0.57 ,0.30 ,144,13,12,45,0.31 ,-,11
2025/2026,A2,Pool_Salvezza,2nd,5,-,3098,14/12/2025 ,17:00,1.073,-,C,Honda Cuneo Granda Volley,Honda Cuneo Granda Volley,3,2,3,8,6,16,11,21,17,25,6,8,16,14,18,21,21,25,8,7,16,12,21,15,25,16,6,8,16,13,21,18,25,22,5,3,10,9,12,11,15,11,79,31,39,102,13,6,86,8,0.56 ,0.24 ,156,13,6,62,0.40 ,-,11
2025/2026,A2,Regular_Season_GroupA,1st,1,-,3098,14/12/2025 ,17:00,1.073,-,O,Cbf Balducci Hr Macerata,Helvia Recina Volley Macerata,2,3,8,3,16,6,21,11,25,17,8,6,14,16,21,18,25,21,7,8,12,16,15,21,16,25,8,6,13,16,18,21,22,25,3,5,9,10,11,12,11,15,69,26,22,100,14,4,89,12,0.49 ,0.17 ,161,10,11,59,0.37 ,-,6
2025/2026,A2,Regular_Season_GroupA,1st,2,-,3096,14/12/2025 ,20:30,4.094,-,C,Bergamo,Volley Bergamo 1991,2,3,4,8,9,16,11,21,15,25,8,7,15,16,21,20,25,23,8,7,16,15,18,21,26,24,6,8,14,16,16,21,21,25,5,4,10,9,11,12,12,15,79,21,36,100,14,2,101,6,0.52 ,0.28 ,163,8,15,72,0.44 ,-,5
2025/2026,A2,Regular_Season_GroupA,1st,3,-,3096,14/12/2025 ,20:30,4.094,-,O,Numia Vero Volley Milano,Vero Volley,3,2,8,4,16,9,21,11,25,15,7,8,16,15,20,21,23,25,7,8,15,16,21,18,24,26,8,6,16,14,21,16,25,21,4,5,9,10,12,11,15,12,86,31,56,111,10,3,86,7,0.63 ,0.35 ,136,8,5,68,0.50 ,-,15
2025/2026,A2,Regular_Season_GroupA,1st,4,-,3105,20/12/2025 ,19:30,1.534,-,C,Honda Cuneo Granda Volley,Honda Cuneo Granda Volley,0,3,8,5,16,15,18,21,20,25,4,8,7,16,10,21,10,25,8,6,14,16,19,21,22,25,-,-,-,-,-,-,-,-,-,-,-,-,-,-,-,-,34,6,-1,54,9,3,62,9,0.60 ,0.32 ,80,10,7,26,0.33 ,-,5
2025/2026,A2,Regular_Season_GroupA,1st,5,-,3105,20/12/2025 ,19:30,1.534,-,O,Prosecco Doc A.Carraro Imoco Conegliano,Imoco Volley Conegliano,3,0,5,8,15,16,21,18,25,20,8,4,16,7,21,10,25,10,6,8,16,14,21,19,25,22,-,-,-,-,-,-,-,-,-,-,-,-,-,-,-,-,54,22,31,73,11,3,45,3,0.53 ,0.31 ,89,4,5,44,0.49 ,-,7
2025/2026,A2,Regular_Season_GroupA,1st,6,-,3101,20/12/2025 ,20:00,2.966,-,C,Numia Vero Volley Milano,Vero Volley,3,0,8,3,16,11,21,14,25,17,8,5,16,9,21,14,25,15,8,5,16,11,21,14,25,15,-,-,-,-,-,-,-,-,-,-,-,-,-,-,-,-,57,28,42,73,6,5,39,2,0.56 ,0.26 ,72,4,3,43,0.60 ,-,9
2025/2026,A2,Regular_Season_GroupA,1st,7,-,3101,20/12/2025 ,20:00,2.966,-,O,Reale Mutua Fenera Chieri '76,Fenera Chieri '76,0,3,3,8,11,16,14,21,17,25,5,8,9,16,14,21,15,25,5,8,11,16,14,21,15,25,-,-,-,-,-,-,-,-,-,-,-,-,-,-,-,-,37,8,4,49,10,1,67,6,0.63 ,0.30 ,96,8,9,33,0.34 ,-,3
2025/2026,A2,Regular_Season_GroupA,1st,9,-,3099,20/12/2025 ,20:30,1.544,-,C,Eurotek Laica Uyba,Uyba Busto Arsizio,2,3,8,7,16,11,21,17,25,22,8,6,16,15,21,18,25,19,7,8,10,16,13,21,18,25,5,8,14,16,17,21,21,25,4,5,6,10,9,12,11,15,77,29,31,101,15,7,91,9,0.52 ,0.29 ,148,9,13,59,0.40 ,-,11
2025/2026,A2,Regular_Season_GroupA,2nd,1,-,3099,20/12/2025 ,20:30,1.544,-,O,Igor Gorgonzola Novara,Igor Novara,3,2,7,8,11,16,17,21,22,25,6,8,15,16,18,21,19,25,8,7,16,10,21,13,25,18,8,5,16,14,21,17,25,21,5,4,10,6,12,9,15,11,80,30,44,105,14,7,86,7,0.62 ,0.34 ,135,4,11,60,0.44 ,-,13
2025/2026,A2,Regular_Season_GroupA,2nd,2,-,3100,20/12/2025 ,20:30,800,-,C,Wash4green Monviso Volley,Pallavolo Pinerolo,2,3,7,8,16,15,21,19,22,25,4,8,11,16,12,21,13,25,8,6,16,13,21,18,25,20,8,5,16,12,21,13,25,17,1,5,5,10,6,12,8,15,72,29,23,94,14,7,88,4,0.65 ,0.34 ,163,15,16,60,0.37 ,-,5
2025/2026,A2,Regular_Season_GroupA,2nd,3,-,3100,20/12/2025 ,20:30,800,-,O,Cbf Balducci Hr Macerata,Helvia Recina Volley Macerata,3,2,8,7,15,16,19,21,25,22,8,4,16,11,21,12,25,13,6,8,13,16,18,21,20,25,5,8,12,16,13,21,17,25,5,1,10,5,12,6,15,8,72,32,34,101,13,3,80,12,0.64 ,0.30 ,135,8,5,53,0.39 ,-,16
2025/2026,A2,Regular_Season_GroupA,2nd,4,-,3102,20/12/2025 ,20:30,1.26,-,C,Bartoccini-Mc Restauri Perugia,Bartoccini Perugia,0,3,5,8,10,16,13,21,15,25,8,6,12,16,18,21,19,25,1,8,7,16,12,21,15,25,-,-,-,-,-,-,-,-,-,-,-,-,-,-,-,-,39,9,4,51,12,2,68,10,0.43 ,0.29 ,97,8,4,29,0.30 ,-,8
2025/2026,A2,Regular_Season_GroupA,2nd,5,-,3102,20/12/2025 ,20:30,1.26,-,O,Savino Del Bene Scandicci,Savino Del Bene Scandicci,3,0,8,5,16,10,21,13,25,15,6,8,16,12,21,18,25,19,8,1,16,7,21,12,25,15,-,-,-,-,-,-,-,-,-,-,-,-,-,-,-,-,53,27,31,73,5,7,39,4,0.72 ,0.41 ,95,4,8,42,0.44 ,-,4
2025/2026,A2,Regular_Season_GroupA,2nd,6,-,3103,20/12/2025 ,20:30,636,-,C,Il Bisonte Firenze,Azzurra Volley Firenze,1,3,8,5,13,16,17,21,18,25,8,7,16,12,21,20,25,23,8,6,15,16,15,21,18,25,8,6,16,11,21,17,23,25,-,-,-,-,-,-,-,-,73,29,38,85,9,5,93,4,0.56 ,0.23 ,149,13,7,59,0.40 ,-,9
2025/2026,A2,Regular_Season_GroupA,2nd,7,-,3103,20/12/2025 ,20:30,636,-,O,Megabox Ondulati Del Savio Vallefoglia,Megabox Vallefoglia,3,1,5,8,16,13,21,17,25,18,7,8,12,16,20,21,23,25,6,8,16,15,21,15,25,18,6,8,11,16,17,21,25,23,-,-,-,-,-,-,-,-,73,33,46,97,4,2,76,8,0.59 ,0.38 ,161,6,9,64,0.40 ,-,7
2025/2026,A2,Regular_Season_GroupA,2nd,9,-,3104,20/12/2025 ,20:30,759,-,C,Omag-Mt San Giovanni In Marignano,San Giovanni In Marignano,3,1,8,6,16,9,21,11,25,21,7,8,16,15,21,19,27,29,8,6,16,11,21,19,25,20,8,5,16,11,21,15,25,18,-,-,-,-,-,-,-,-,77,33,47,101,13,2,77,6,0.65 ,0.38 ,148,10,1,67,0.45 ,-,8
2025/2026,A2,Pool_Salvezza,1st,1,-,3104,20/12/2025 ,20:30,759,-,O,Bergamo,Volley Bergamo 1991,1,3,6,8,9,16,11,21,21,25,8,7,15,16,19,21,29,27,6,8,11,16,19,21,20,25,5,8,11,16,15,21,18,25,-,-,-,-,-,-,-,-,63,20,29,89,12,6,88,4,0.50 ,0.22 ,148,10,8,56,0.38 ,-,1
2025/2026,A2,Pool_Salvezza,1st,2,-,3108,23/12/2025 ,19:30,1.448,-,C,Reale Mutua Fenera Chieri '76,Fenera Chieri '76,3,1,7,8,14,16,17,21,25,23,7,8,16,15,19,21,23,25,8,2,16,5,21,11,25,12,7,8,16,12,21,17,25,21,-,-,-,-,-,-,-,-,79,30,49,97,13,4,71,3,0.54 ,0.21 ,125,10,4,65,0.52 ,-,10
2025/2026,A2,Pool_Salvezza,1st,3,-,3108,23/12/2025 ,19:30,1.448,-,O,Igor Gorgonzola Novara,Igor Novara,1,3,8,7,16,14,21,17,23,25,8,7,15,16,21,19,25,23,2,8,5,16,11,21,12,25,8,7,12,16,17,21,21,25,-,-,-,-,-,-,-,-,58,14,21,81,9,1,85,10,0.67 ,0.26 ,129,8,10,53,0.41 ,-,4
2025/2026,A2,Pool_Salvezza,1st,4,-,3110,23/12/2025 ,20:00,2.589,-,C,Megabox Ondulati Del Savio Vallefoglia,Megabox Vallefoglia,3,1,8,6,16,11,21,13,25,21,5,8,11,16,16,21,17,25,8,5,13,16,21,20,25,23,8,6,16,11,21,14,25,15,-,-,-,-,-,-,-,-,74,32,48,91,6,4,77,3,0.61 ,0.32 ,150,10,7,62,0.41 ,-,8
2025/2026,A2,Pool_Salvezza,1st,5,-,3110,23/12/2025 ,20:00,2.589,-,O,Numia Vero Volley Milano,Vero Volley,1,3,6,8,11,16,13,21,21,25,8,5,16,11,21,16,25,17,5,8,16,13,20,21,23,25,6,8,11,16,14,21,15,25,-,-,-,-,-,-,-,-,68,27,36,85,8,1,85,8,0.52 ,0.27 ,146,8,8,60,0.41 ,-,7
2025/2026,A2,Pool_Salvezza,2nd,1,-,3106,23/12/2025 ,20:30,2.872,-,C,Bergamo,Volley Bergamo 1991,3,0,8,5,16,13,20,21,25,23,8,5,16,8,21,10,25,13,8,6,16,13,21,17,25,19,-,-,-,-,-,-,-,-,-,-,-,-,-,-,-,-,58,31,40,74,6,4,46,2,0.50 ,0.37 ,94,4,6,46,0.49 ,-,8
2025/2026,A2,Pool_Salvezza,2nd,2,-,3106,23/12/2025 ,20:30,2.872,-,O,Eurotek Laica Uyba,Uyba Busto Arsizio,0,3,5,8,13,16,21,20,23,25,5,8,8,16,10,21,13,25,6,8,13,16,17,21,19,25,-,-,-,-,-,-,-,-,-,-,-,-,-,-,-,-,44,16,11,56,10,1,68,9,0.40 ,0.24 ,105,6,8,37,0.35 ,-,6
2025/2026,A2,Pool_Salvezza,2nd,3,-,3107,23/12/2025 ,20:30,900,-,C,Wash4green Monviso Volley,Pallavolo Pinerolo,3,0,5,8,16,15,21,19,25,23,6,8,15,16,21,20,25,22,6,8,14,16,21,19,25,20,-,-,-,-,-,-,-,-,-,-,-,-,-,-,-,-,59,24,33,73,11,3,59,3,0.64 ,0.36 ,98,9,3,47,0.48 ,-,9
2025/2026,A2,Pool_Salvezza,2nd,4,-,3107,23/12/2025 ,20:30,900,-,O,Bartoccini-Mc Restauri Perugia,Bartoccini Perugia,0,3,8,5,15,16,19,21,23,25,8,6,16,15,20,21,22,25,8,6,16,14,19,21,20,25,-,-,-,-,-,-,-,-,-,-,-,-,-,-,-,-,43,13,15,67,8,.,62,4,0.56 ,0.24 ,99,7,9,40,0.40 ,-,3
2025/2026,A2,Pool_Salvezza,2nd,5,-,3109,23/12/2025 ,20:30,730,-,C,Cbf Balducci Hr Macerata,Helvia Recina Volley Macerata,2,3,6,8,13,16,18,21,23,25,8,6,16,9,21,11,25,12,3,8,10,16,16,21,21,25,8,7,16,12,21,16,25,20,3,5,7,10,10,12,13,15,83,31,36,108,14,3,84,14,0.60 ,0.42 ,166,8,11,70,0.42 ,-,10
2025/2026,A2,Regular_Season_GroupA,1st,1,-,3109,23/12/2025 ,20:30,730,-,O,Il Bisonte Firenze,Azzurra Volley Firenze,3,2,8,6,16,13,21,18,25,23,6,8,9,16,11,21,12,25,8,3,16,10,21,16,25,21,7,8,12,16,16,21,20,25,5,3,10,7,12,10,15,13,73,22,38,96,12,2,94,4,0.62 ,0.33 ,180,9,10,60,0.33 ,-,11
2025/2026,A2,Regular_Season_GroupA,1st,2,-,3111,23/12/2025 ,20:30,4.999,-,C,Prosecco Doc A.Carraro Imoco Conegliano,Imoco Volley Conegliano,3,0,8,6,16,13,17,21,25,23,8,7,16,14,21,17,25,17,4,8,15,16,21,17,25,19,-,-,-,-,-,-,-,-,-,-,-,-,-,-,-,-,57,28,29,73,11,3,55,5,0.64 ,0.45 ,96,7,5,47,0.49 ,-,7
2025/2026,A2,Regular_Season_GroupA,1st,3,-,3111,23/12/2025 ,20:30,4.999,-,O,Omag-Mt San Giovanni In Marignano,San Giovanni In Marignano,0,3,6,8,13,16,21,17,23,25,7,8,14,16,17,21,17,25,8,4,16,15,17,21,19,25,-,-,-,-,-,-,-,-,-,-,-,-,-,-,-,-,39,15,8,61,6,4,62,9,0.58 ,0.34 ,97,9,7,30,0.31 ,-,5
2025/2026,A2,Regular_Season_GroupA,1st,4,-,3112,23/12/2025 ,20:30,2.127,-,C,Savino Del Bene Scandicci,Savino Del Bene Scandicci,3,0,8,3,16,11,21,13,25,15,8,3,16,14,21,20,27,25,8,2,16,8,21,11,25,13,-,-,-,-,-,-,-,-,-,-,-,-,-,-,-,-,48,27,27,75,6,5,39,4,0.56 ,0.36 ,71,7,4,33,0.46 ,-,10
2025/2026,A2,Regular_Season_GroupA,1st,5,-,3112,23/12/2025 ,20:30,2.127,-,O,Honda Cuneo Granda Volley,Honda Cuneo Granda Volley,0,3,3,8,11,16,13,21,15,25,3,8,14,16,20,21,25,27,2,8,8,16,11,21,13,25,-,-,-,-,-,-,-,-,-,-,-,-,-,-,-,-,38,11,-8,55,16,3,69,10,0.57 ,0.36 ,90,10,10,31,0.34 ,-,4
2025/2026,A2,Regular_Season_GroupA,1st,6,-,3118,26/12/2025 ,16:00,1.106,-,C,Omag-Mt San Giovanni In Marignano,San Giovanni In Marignano,0,3,7,8,15,16,18,21,19,25,8,7,13,16,16,21,20,25,8,7,13,16,21,20,26,28,-,-,-,-,-,-,-,-,-,-,-,-,-,-,-,-,55,18,29,66,7,2,72,7,0.57 ,0.35 ,126,9,3,44,0.35 ,-,9
2025/2026,A2,Regular_Season_GroupA,1st,7,-,3118,26/12/2025 ,16:00,1.106,-,O,Megabox Ondulati Del Savio Vallefoglia,Megabox Vallefoglia,3,0,8,7,16,15,21,18,25,19,7,8,16,13,21,16,25,20,7,8,16,13,20,21,28,26,-,-,-,-,-,-,-,-,-,-,-,-,-,-,-,-,61,26,39,77,5,3,59,5,0.47 ,0.32 ,137,3,9,55,0.40 ,-,3
2025/2026,A2,Regular_Season_GroupA,1st,8,-,3114,26/12/2025 ,17:00,2.043,-,C,Honda Cuneo Granda Volley,Honda Cuneo Granda Volley,3,1,8,6,16,13,19,21,24,26,8,3,16,12,21,17,25,19,8,5,16,12,21,13,25,15,6,8,12,16,18,21,25,23,-,-,-,-,-,-,-,-,71,31,36,98,11,11,75,2,0.49 ,0.19 ,144,11,11,54,0.38 ,-,6
2025/2026,A2,Regular_Season_GroupA,2nd,1,-,3114,26/12/2025 ,17:00,2.043,-,O,Wash4green Monviso Volley,Pallavolo Pinerolo,1,3,6,8,13,16,21,19,26,24,3,8,12,16,17,21,19,25,5,8,12,16,13,21,15,25,8,6,16,12,21,18,23,25,-,-,-,-,-,-,-,-,61,22,16,84,9,.,87,17,0.52 ,0.32 ,129,13,6,50,0.39 ,-,11
2025/2026,A2,Regular_Season_GroupA,2nd,2,-,3115,26/12/2025 ,17:00,1.217,-,C,Bartoccini-Mc Restauri Perugia,Bartoccini Perugia,2,3,8,7,13,16,21,18,25,22,8,6,16,14,21,20,27,29,4,8,13,16,18,21,22,25,8,4,16,11,21,15,25,18,5,3,8,10,11,12,13,15,79,30,38,112,4,2,99,12,0.54 ,0.31 ,184,11,13,55,0.30 ,-,22
2025/2026,A2,Regular_Season_GroupA,2nd,3,-,3115,26/12/2025 ,17:00,1.217,-,O,Cbf Balducci Hr Macerata,Helvia Recina Volley Macerata,3,2,7,8,16,13,18,21,22,25,6,8,14,16,20,21,29,27,8,4,16,13,21,18,25,22,4,8,11,16,15,21,18,25,3,5,10,8,12,11,15,13,92,34,31,109,10,7,108,9,0.53 ,0.28 ,219,20,22,72,0.33 ,-,13
2025/2026,A2,Regular_Season_GroupA,2nd,4,-,3119,26/12/2025 ,17:00,3.05,-,C,Igor Gorgonzola Novara,Igor Novara,3,2,4,8,16,15,21,18,25,23,5,8,15,16,19,21,23,25,6,8,13,16,15,21,18,25,8,6,16,11,21,16,25,18,5,4,10,8,12,11,15,12,77,27,35,105,13,6,85,7,0.52 ,0.33 ,158,9,13,63,0.40 ,-,8
2025/2026,A2,Regular_Season_GroupA,2nd,5,-,3119,26/12/2025 ,17:00,3.05,-,O,Bergamo,Volley Bergamo 1991,2,3,8,4,15,16,18,21,23,25,8,5,16,15,21,19,25,23,8,6,16,13,21,15,25,18,6,8,11,16,16,21,18,25,4,5,8,10,11,12,12,15,76,26,27,104,19,3,92,14,0.41 ,0.27 ,148,8,8,60,0.41 ,-,13
2025/2026,A2,Regular_Season_GroupA,2nd,6,-,3113,26/12/2025 ,18:00,1.725,-,C,Eurotek Laica Uyba,Uyba Busto Arsizio,1,3,3,8,11,16,14,21,20,25,8,6,16,13,21,20,31,33,8,6,16,12,21,17,25,19,8,5,16,14,19,21,22,25,-,-,-,-,-,-,-,-,70,24,32,99,12,6,90,4,0.53 ,0.28 ,158,9,13,56,0.35 ,-,8
2025/2026,A2,Regular_Season_GroupA,2nd,7,-,3113,26/12/2025 ,18:00,1.725,-,O,Reale Mutua Fenera Chieri '76,Fenera Chieri '76,3,1,8,3,16,11,21,14,25,20,6,8,13,16,20,21,33,31,6,8,12,16,17,21,19,25,5,8,14,16,21,19,25,22,-,-,-,-,-,-,-,-,81,30,42,101,11,3,87,6,0.54 ,0.26 ,161,14,8,65,0.40 ,-,13
2025/2026,A2,Regular_Season_GroupA,2nd,8,-,3116,26/12/2025 ,18:30,2.876,-,C,Il Bisonte Firenze,Azzurra Volley Firenze,0,3,5,8,12,16,18,21,21,25,5,8,11,16,12,21,13,25,8,6,13,16,14,21,17,25,-,-,-,-,-,-,-,-,-,-,-,-,-,-,-,-,36,8,9,52,3,2,66,6,0.62 ,0.26 ,97,12,6,31,0.32 ,-,3
2025/2026,A2,Pool_Salvezza,1st,1,-,3116,26/12/2025 ,18:30,2.876,-,O,Savino Del Bene Scandicci,Savino Del Bene Scandicci,3,0,8,5,16,12,21,18,25,21,8,5,16,11,21,12,25,13,6,8,16,13,21,14,25,17,-,-,-,-,-,-,-,-,-,-,-,-,-,-,-,-,58,26,36,74,8,3,49,5,0.59 ,0.27 ,94,6,3,49,0.52 ,-,6
2025/2026,A2,Pool_Salvezza,1st,2,-,3117,27/12/2025 ,18:00,5.296,-,C,Numia Vero Volley Milano,Vero Volley,3,1,2,8,12,16,17,21,22,25,8,5,16,12,21,18,25,19,8,7,16,15,19,21,31,29,8,5,16,11,21,16,25,20,-,-,-,-,-,-,-,-,76,30,46,102,9,3,79,5,0.67 ,0.41 ,156,10,6,65,0.42 ,-,8
2025/2026,A2,Pool_Salvezza,1st,3,-,3117,27/12/2025 ,18:00,5.296,-,O,Prosecco Doc A.Carraro Imoco Conegliano,Imoco Volley Conegliano,1,3,8,2,16,12,21,17,25,22,5,8,12,16,18,21,19,25,7,8,15,16,21,19,29,31,5,8,11,16,16,21,20,25,-,-,-,-,-,-,-,-,74,20,36,94,15,4,93,5,0.61 ,0.33 ,155,10,8,64,0.41 ,-,6
2025/2026,A2,Pool_Salvezza,1st,4,-,3124,3/1/2026 ,18:00,2,-,C,Cbf Balducci Hr Macerata,Helvia Recina Volley Macerata,0,3,6,8,14,16,16,21,22,25,7,8,15,16,15,21,19,25,6,8,10,16,12,21,18,25,-,-,-,-,-,-,-,-,-,-,-,-,-,-,-,-,43,12,13,61,9,2,65,6,0.52 ,0.28 ,98,6,9,36,0.37 ,-,5
2025/2026,A2,Pool_Salvezza,1st,5,-,3124,3/1/2026 ,18:00,2,-,O,Numia Vero Volley Milano,Vero Volley,3,0,8,6,16,14,21,16,25,22,8,7,16,15,21,15,25,19,8,6,16,10,21,12,25,18,-,-,-,-,-,-,-,-,-,-,-,-,-,-,-,-,58,26,31,73,8,3,52,6,0.69 ,0.33 ,96,8,5,46,0.48 ,-,9
2025/2026,A2,Pool_Salvezza,2nd,1,-,3123,3/1/2026 ,20:30,1.17,-,C,Bartoccini-Mc Restauri Perugia,Bartoccini Perugia,0,3,7,8,16,14,21,19,22,25,7,8,16,14,21,17,28,30,8,6,16,14,21,19,26,28,-,-,-,-,-,-,-,-,-,-,-,-,-,-,-,-,56,20,30,77,3,.,70,9,0.50 ,0.39 ,128,6,8,46,0.36 ,-,10
2025/2026,A2,Pool_Salvezza,2nd,2,-,3123,3/1/2026 ,20:30,1.17,-,O,Honda Cuneo Granda Volley,Honda Cuneo Granda Volley,3,0,8,7,14,16,19,21,25,22,8,7,14,16,17,21,30,28,6,8,14,16,19,21,28,26,-,-,-,-,-,-,-,-,-,-,-,-,-,-,-,-,72,25,41,82,12,8,74,1,0.58 ,0.31 ,134,8,10,56,0.42 ,-,8
2025/2026,A2,Pool_Salvezza,2nd,3,-,3120,4/1/2026 ,16:00,1.012,-,C,Megabox Ondulati Del Savio Vallefoglia,Megabox Vallefoglia,3,0,8,5,16,10,21,16,29,27,5,8,15,16,20,21,26,24,8,4,16,12,21,16,25,23,-,-,-,-,-,-,-,-,-,-,-,-,-,-,-,-,60,22,30,78,11,4,67,5,0.54 ,0.22 ,117,7,7,49,0.42 ,-,7
2025/2026,A2,Pool_Salvezza,2nd,4,-,3120,4/1/2026 ,16:00,1.012,-,O,Eurotek Laica Uyba,Uyba Busto Arsizio,0,3,5,8,10,16,16,21,27,29,8,5,16,15,21,20,24,26,4,8,12,16,16,21,23,25,-,-,-,-,-,-,-,-,-,-,-,-,-,-,-,-,56,20,24,76,9,1,67,6,0.39 ,0.15 ,112,10,7,48,0.43 ,-,7
2025/2026,A2,Pool_Salvezza,2nd,5,-,3121,4/1/2026 ,17:00,980,-,C,Wash4green Monviso Volley,Pallavolo Pinerolo,1,3,5,8,15,16,19,21,21,25,8,7,16,10,21,16,25,20,3,8,8,16,13,21,14,25,7,8,13,16,21,20,24,26,-,-,-,-,-,-,-,-,68,25,27,84,12,2,87,9,0.56 ,0.28 ,143,12,8,60,0.42 ,-,6
2025/2026,A2,Regular_Season_GroupA,1st,1,-,3121,4/1/2026 ,17:00,980,-,O,Il Bisonte Firenze,Azzurra Volley Firenze,3,1,8,5,16,15,21,19,25,21,7,8,10,16,16,21,20,25,8,3,16,8,21,13,25,14,8,7,16,13,20,21,26,24,-,-,-,-,-,-,-,-,70,34,44,95,8,5,72,5,0.58 ,0.25 ,135,7,6,57,0.42 ,-,8
2025/2026,A2,Regular_Season_GroupA,1st,2,-,3122,4/1/2026 ,17:00,3.183,-,C,Bergamo,Volley Bergamo 1991,2,3,8,3,16,10,21,16,25,20,8,7,13,16,18,21,22,25,7,8,16,12,21,16,25,19,8,5,15,16,20,21,24,26,4,5,7,10,8,12,10,15,76,28,36,106,18,5,91,5,0.62 ,0.29 ,157,8,9,63,0.40 ,-,8
2025/2026,A2,Regular_Season_GroupA,1st,3,-,3122,4/1/2026 ,17:00,3.183,-,O,Reale Mutua Fenera Chieri '76,Fenera Chieri '76,3,2,3,8,10,16,16,21,20,25,7,8,16,13,21,18,25,22,8,7,12,16,16,21,19,25,5,8,16,15,21,20,26,24,5,4,10,7,12,8,15,10,78,32,35,105,14,5,88,9,0.53 ,0.32 ,145,12,8,64,0.44 ,-,9
2025/2026,A2,Regular_Season_GroupA,1st,4,-,3125,4/1/2026 ,17:00,1.763,-,C,Savino Del Bene Scandicci,Savino Del Bene Scandicci,3,0,8,6,16,9,21,14,25,17,8,5,16,14,21,15,25,18,8,4,16,12,21,20,25,23,-,-,-,-,-,-,-,-,-,-,-,-,-,-,-,-,55,28,29,74,9,4,51,7,0.53 ,0.41 ,84,5,5,41,0.49 ,-,10
2025/2026,A2,Regular_Season_GroupA,1st,5,-,3125,4/1/2026 ,17:00,1.763,-,O,Omag-Mt San Giovanni In Marignano,San Giovanni In Marignano,0,3,6,8,9,16,14,21,17,25,5,8,14,16,15,21,18,25,4,8,12,16,20,21,23,25,-,-,-,-,-,-,-,-,-,-,-,-,-,-,-,-,43,15,5,59,8,4,65,11,0.63 ,0.48 ,84,9,10,34,0.40 ,-,5
2025/2026,A2,Regular_Season_GroupA,1st,6,-,3126,4/1/2026 ,18:00,5.344,-,C,Prosecco Doc A.Carraro Imoco Conegliano,Imoco Volley Conegliano,3,1,4,8,11,16,20,21,23,25,8,2,16,8,21,11,25,13,8,7,16,13,21,15,25,18,7,8,15,16,20,21,29,27,-,-,-,-,-,-,-,-,83,35,51,101,12,5,71,9,0.55 ,0.35 ,139,6,5,66,0.47 ,-,12
2025/2026,A2,Regular_Season_GroupA,1st,8,-,3126,4/1/2026 ,18:00,5.344,-,O,Igor Gorgonzola Novara,Igor Novara,1,3,8,4,16,11,21,20,25,23,2,8,8,16,11,21,13,25,7,8,13,16,15,21,18,25,8,7,16,15,21,20,27,29,-,-,-,-,-,-,-,-,62,18,26,84,13,5,89,7,0.49 ,0.28 ,140,4,12,52,0.37 ,-,5
2025/2026,A2,Regular_Season_GroupA,1st,9,-,3128,10/12/2025 ,20:00,2.311,-,C,Igor Gorgonzola Novara,Igor Novara,3,1,8,5,16,12,21,17,25,20,6,8,11,16,15,21,20,25,5,8,16,11,21,19,25,21,7,8,16,15,21,18,25,23,-,-,-,-,-,-,-,-,66,28,27,94,9,2,72,10,0.53 ,0.35 ,123,13,7,55,0.45 ,-,9
2025/2026,A2,Regular_Season_GroupA,2nd,1,-,3128,10/12/2025 ,20:00,2.311,-,O,Wash4green Monviso Volley,Pallavolo Pinerolo,1,3,5,8,12,16,17,21,20,25,8,6,16,11,21,15,25,20,8,5,11,16,19,21,21,25,8,7,15,16,18,21,23,25,-,-,-,-,-,-,-,-,64,21,23,90,18,5,85,4,0.64 ,0.39 ,133,10,9,52,0.39 ,-,7
2025/2026,A2,Regular_Season_GroupA,2nd,2,-,3132,10/1/2026 ,21:00,800,-,C,Omag-Mt San Giovanni In Marignano,San Giovanni In Marignano,2,3,6,8,15,16,20,21,22,25,8,5,16,11,21,14,25,22,7,8,16,12,21,16,25,18,5,8,16,13,21,19,23,25,5,2,10,9,12,9,17,19,85,30,48,112,13,3,95,3,0.53 ,0.24 ,190,16,5,64,0.34 ,-,18
2025/2026,A2,Regular_Season_GroupA,2nd,3,-,3132,10/1/2026 ,21:00,800,-,O,Cbf Balducci Hr Macerata,Helvia Recina Volley Macerata,3,2,8,6,16,15,21,20,25,22,5,8,11,16,14,21,22,25,8,7,12,16,16,21,18,25,8,5,13,16,19,21,25,23,2,5,9,10,9,12,19,17,79,23,28,109,14,1,99,6,0.41 ,0.15 ,192,13,18,73,0.38 ,-,5
2025/2026,A2,Regular_Season_GroupA,2nd,4,-,3129,11/1/2026 ,16:00,3.438,-,C,Reale Mutua Fenera Chieri '76,Fenera Chieri '76,2,3,4,8,12,16,18,21,25,22,8,7,16,14,20,21,21,25,8,2,16,8,21,10,25,17,6,8,12,16,16,21,18,25,3,5,7,10,9,12,12,15,77,22,33,102,18,2,96,8,0.64 ,0.41 ,164,13,5,68,0.41 ,-,7
2025/2026,A2,Regular_Season_GroupA,2nd,5,-,3129,11/1/2026 ,16:00,3.438,-,O,Prosecco Doc A.Carraro Imoco Conegliano,Imoco Volley Conegliano,3,2,8,4,16,12,21,18,22,25,7,8,14,16,21,20,25,21,2,8,8,16,10,21,17,25,8,6,16,12,21,16,25,18,5,3,10,7,12,9,15,12,72,30,39,103,7,7,84,4,0.60 ,0.21 ,154,15,7,60,0.39 ,-,5
2025/2026,A2,Regular_Season_GroupA,2nd,6,-,3127,11/1/2026 ,17:00,2.163,-,C,Eurotek Laica Uyba,Uyba Busto Arsizio,0,3,5,8,13,16,14,21,18,25,6,8,12,16,14,21,15,25,8,6,16,12,17,21,19,25,-,-,-,-,-,-,-,-,-,-,-,-,-,-,-,-,41,16,4,54,13,5,65,5,0.57 ,0.29 ,97,10,9,32,0.33 ,-,4
2025/2026,A2,Regular_Season_GroupA,2nd,8,-,3127,11/1/2026 ,17:00,2.163,-,O,Savino Del Bene Scandicci,Savino Del Bene Scandicci,3,0,8,5,16,13,21,14,25,18,8,6,16,12,21,14,25,15,6,8,12,16,21,17,25,19,-,-,-,-,-,-,-,-,-,-,-,-,-,-,-,-,49,28,27,73,8,3,41,7,0.51 ,0.32 ,74,3,4,37,0.50 ,-,9
2025/2026,A2,Regular_Season_GroupA,2nd,9,-,3130,11/1/2026 ,17:00,3.983,-,C,Numia Vero Volley Milano,Vero Volley,3,0,7,8,16,12,21,16,25,18,8,3,16,12,21,16,25,19,6,8,16,15,21,17,25,19,-,-,-,-,-,-,-,-,-,-,-,-,-,-,-,-,65,25,41,73,13,1,51,4,0.67 ,0.43 ,103,5,2,55,0.53 ,-,9
2025/2026,A1,Regular_Season,1st,2,-,3130,11/1/2026 ,17:00,3.983,-,O,Bartoccini-Mc Restauri Perugia,Bartoccini Perugia,0,3,8,7,12,16,16,21,18,25,3,8,12,16,16,21,19,25,8,6,15,16,17,21,19,25,-,-,-,-,-,-,-,-,-,-,-,-,-,-,-,-,37,7,17,58,7,1,60,2,0.53 ,0.37 ,90,2,9,34,0.38 ,-,2
2025/2026,A1,Regular_Season,1st,1,-,3131,11/1/2026 ,17:00,804,-,C,Il Bisonte Firenze,Azzurra Volley Firenze,3,0,8,6,16,13,21,17,25,21,8,5,14,16,19,21,25,23,8,4,16,14,21,18,25,19,-,-,-,-,-,-,-,-,-,-,-,-,-,-,-,-,52,22,26,73,5,6,51,6,0.59 ,0.31 ,99,10,5,35,0.35 ,-,11
2025/2026,A1,Regular_Season,1st,3,-,3131,11/1/2026 ,17:00,804,-,O,Honda Cuneo Granda Volley,Honda Cuneo Granda Volley,0,3,6,8,13,16,17,21,21,25,5,8,16,14,21,19,23,25,4,8,14,16,18,21,19,25,-,-,-,-,-,-,-,-,-,-,-,-,-,-,-,-,48,13,5,65,14,3,68,10,0.51 ,0.25 ,114,8,11,40,0.35 ,-,5
2025/2026,A1,Regular_Season,1st,4,-,3133,11/1/2026 ,17:00,1.538,-,C,Bergamo,Volley Bergamo 1991,2,3,8,6,13,16,21,19,25,21,5,8,16,12,21,18,25,18,5,8,8,16,11,21,12,25,8,6,16,14,21,20,24,26,3,5,8,10,8,12,12,15,76,31,25,99,12,6,96,9,0.55 ,0.34 ,180,16,14,53,0.29 ,-,17
2025/2026,A1,Regular_Season,1st,5,-,3133,11/1/2026 ,17:00,1.538,-,O,Megabox Ondulati Del Savio Vallefoglia,Megabox Vallefoglia,3,2,6,8,16,13,19,21,21,25,8,5,12,16,18,21,18,25,8,5,16,8,21,11,25,12,6,8,14,16,20,21,26,24,5,3,10,8,12,8,15,12,76,38,26,104,8,3,87,14,0.56 ,0.29 ,157,11,17,59,0.38 ,-,14
2025/2026,A1,Regular_Season,1st,6,-,3138,17/1/2026 ,19:30,1.124,-,C,Honda Cuneo Granda Volley,Honda Cuneo Granda Volley,0,3,5,8,12,16,16,21,17,25,8,7,15,16,20,21,30,32,5,8,9,16,12,21,13,25,-,-,-,-,-,-,-,-,-,-,-,-,-,-,-,-,41,11,.,61,8,3,71,14,0.59 ,0.31 ,97,7,12,34,0.35 ,-,4
2025/2026,A1,Regular_Season,1st,7,-,3138,17/1/2026 ,19:30,1.124,-,O,Omag-Mt San Giovanni In Marignano,San Giovanni In Marignano,3,0,8,5,16,12,21,16,25,17,7,8,16,15,21,20,32,30,8,5,16,9,21,12,25,13,-,-,-,-,-,-,-,-,-,-,-,-,-,-,-,-,64,28,37,81,10,5,53,6,0.75 ,0.55 ,99,7,4,47,0.47 ,-,12
2025/2026,A1,Regular_Season,1st,8,-,3139,17/1/2026 ,20:00,3.395,-,C,Savino Del Bene Scandicci,Savino Del Bene Scandicci,3,2,8,5,16,15,21,16,25,17,8,6,16,14,21,17,25,20,5,8,13,16,16,21,19,25,5,8,16,12,21,20,24,26,5,3,10,9,12,11,15,11,82,33,44,108,10,5,81,7,0.58 ,0.21 ,134,11,5,62,0.46 ,-,15
2025/2026,A1,Regular_Season,1st,9,-,3139,17/1/2026 ,20:00,3.395,-,O,Igor Gorgonzola Novara,Igor Novara,2,3,5,8,15,16,16,21,17,25,6,8,14,16,17,21,20,25,8,5,16,13,21,16,25,19,8,5,12,16,20,21,26,24,3,5,9,10,11,12,11,15,73,17,21,99,18,2,98,13,0.61 ,0.33 ,140,5,15,66,0.47 ,-,5
2025/2026,A1,Regular_Season,1st,10,-,3134,17/1/2026 ,20:30,730,-,C,Cbf Balducci Hr Macerata,Helvia Recina Volley Macerata,0,3,6,8,10,16,18,21,19,25,4,8,8,16,19,21,21,25,6,8,11,16,13,21,16,25,-,-,-,-,-,-,-,-,-,-,-,-,-,-,-,-,44,13,13,57,9,3,69,8,0.48 ,0.23 ,107,5,9,37,0.35 ,-,4
2025/2026,A1,Regular_Season,1st,11,-,3134,17/1/2026 ,20:30,730,-,O,Eurotek Laica Uyba,Uyba Busto Arsizio,3,0,8,6,16,10,21,18,25,19,8,4,16,8,21,19,25,21,8,6,16,11,21,13,25,16,-,-,-,-,-,-,-,-,-,-,-,-,-,-,-,-,59,31,43,74,5,7,48,3,0.56 ,0.17 ,90,4,4,43,0.48 ,-,9
2025/2026,A1,Regular_Season,1st,12,-,3135,17/1/2026 ,20:30,1.25,-,C,Wash4green Monviso Volley,Pallavolo Pinerolo,1,3,7,8,15,16,21,20,25,23,8,6,11,16,18,21,19,25,6,8,12,16,16,21,21,25,2,8,7,16,11,21,12,25,-,-,-,-,-,-,-,-,54,18,14,78,15,7,80,2,0.64 ,0.21 ,129,13,10,40,0.31 ,-,7
2025/2026,A1,Regular_Season,1st,13,-,3135,17/1/2026 ,20:30,1.25,-,O,Numia Vero Volley Milano,Vero Volley,3,1,8,7,16,15,20,21,23,25,6,8,16,11,21,18,25,19,8,6,16,12,21,16,25,21,8,2,16,7,21,11,25,12,-,-,-,-,-,-,-,-,70,30,32,97,17,1,63,8,0.56 ,0.24 ,119,6,7,59,0.50 ,-,10
2025/2026,A1,Regular_Season,2nd,1,-,3136,17/1/2026 ,20:30,1.253,-,C,Reale Mutua Fenera Chieri '76,Fenera Chieri '76,3,0,6,8,13,16,17,21,27,25,8,3,16,7,21,13,25,19,8,4,16,15,21,18,25,22,-,-,-,-,-,-,-,-,-,-,-,-,-,-,-,-,55,22,25,76,12,4,54,4,0.59 ,0.28 ,90,10,4,41,0.46 ,-,10
2025/2026,A1,Regular_Season,2nd,2,-,3136,17/1/2026 ,20:30,1.253,-,O,Megabox Ondulati Del Savio Vallefoglia,Megabox Vallefoglia,0,3,8,6,16,13,21,17,25,27,3,8,7,16,13,21,19,25,4,8,15,16,18,21,22,25,-,-,-,-,-,-,-,-,-,-,-,-,-,-,-,-,43,10,9,67,13,2,64,5,0.64 ,0.28 ,92,6,10,37,0.40 ,-,4
2025/2026,A1,Regular_Season,2nd,3,-,3137,17/1/2026 ,20:30,1.77,-,C,Bartoccini-Mc Restauri Perugia,Bartoccini Perugia,0,3,8,6,10,16,15,21,17,25,1,8,12,16,17,21,19,25,5,8,9,16,13,21,18,25,-,-,-,-,-,-,-,-,-,-,-,-,-,-,-,-,38,12,9,56,8,2,62,7,0.47 ,0.32 ,104,9,5,32,0.31 ,-,4
2025/2026,A1,Regular_Season,2nd,4,-,3137,17/1/2026 ,20:30,1.77,-,O,Il Bisonte Firenze,Azzurra Volley Firenze,3,0,6,8,16,10,21,15,25,17,8,1,16,12,21,17,25,19,8,5,16,9,21,13,25,18,-,-,-,-,-,-,-,-,-,-,-,-,-,-,-,-,58,26,37,73,11,6,48,3,0.50 ,0.42 ,99,3,4,47,0.47 ,-,5
2025/2026,A1,Regular_Season,2nd,5,-,3140,17/1/2026 ,20:30,5.344,-,C,Prosecco Doc A.Carraro Imoco Conegliano,Imoco Volley Conegliano,3,0,8,4,15,16,21,19,25,20,8,6,16,14,21,17,25,23,8,5,16,9,21,11,25,15,-,-,-,-,-,-,-,-,-,-,-,-,-,-,-,-,55,29,26,73,9,1,44,5,0.41 ,0.18 ,89,11,4,48,0.54 ,-,6
2025/2026,A1,Regular_Season,2nd,6,-,3140,17/1/2026 ,20:30,5.344,-,O,Bergamo,Volley Bergamo 1991,0,3,4,8,16,15,19,21,20,25,6,8,14,16,17,21,23,25,5,8,9,16,11,21,15,25,-,-,-,-,-,-,-,-,-,-,-,-,-,-,-,-,38,10,4,60,16,2,64,8,0.55 ,0.25 ,93,4,6,32,0.34 ,-,4
2025/2026,A1,Regular_Season,2nd,7,-,3144,20/1/2026 ,19:30,796,-,C,Omag-Mt San Giovanni In Marignano,San Giovanni In Marignano,3,0,8,5,16,14,21,17,25,21,8,4,16,14,21,17,25,19,8,2,16,9,21,17,25,18,-,-,-,-,-,-,-,-,-,-,-,-,-,-,-,-,51,27,33,74,7,7,48,3,0.60 ,0.29 ,88,5,3,34,0.39 ,-,10
2025/2026,A1,Regular_Season,2nd,8,-,3144,20/1/2026 ,19:30,796,-,O,Il Bisonte Firenze,Azzurra Volley Firenze,0,3,5,8,14,16,17,21,21,25,4,8,14,16,17,21,19,25,2,8,9,16,17,21,18,25,-,-,-,-,-,-,-,-,-,-,-,-,-,-,-,-,46,16,5,59,11,2,67,8,0.51 ,0.13 ,105,12,10,41,0.39 ,-,3
2025/2026,A1,Regular_Season,2nd,9,-,3142,20/1/2026 ,20:00,650,-,C,Cbf Balducci Hr Macerata,Helvia Recina Volley Macerata,1,3,7,8,14,16,19,21,26,24,6,8,15,16,19,21,22,25,6,8,11,16,18,21,23,25,8,6,14,16,17,21,23,25,-,-,-,-,-,-,-,-,70,17,47,95,6,1,85,7,0.59 ,0.25 ,130,7,3,64,0.49 ,-,5
2025/2026,A1,Regular_Season,2nd,10,-,3142,20/1/2026 ,20:00,650,-,O,Reale Mutua Fenera Chieri '76,Fenera Chieri '76,3,1,8,7,16,14,21,19,24,26,8,6,16,15,21,19,25,22,8,6,16,11,21,18,25,23,6,8,16,14,21,17,25,23,-,-,-,-,-,-,-,-,86,23,51,98,13,2,89,6,0.64 ,0.35 ,144,11,5,81,0.56 ,-,3
2025/2026,A1,Regular_Season,2nd,11,-,3141,20/1/2026 ,20:30,1.007,-,C,Eurotek Laica Uyba,Uyba Busto Arsizio,2,3,4,8,16,14,21,15,25,17,6,8,14,16,21,20,26,28,4,8,16,15,21,18,25,22,3,8,13,16,19,21,19,25,3,5,7,10,8,12,11,15,82,33,42,106,13,6,94,4,0.48 ,0.15 ,166,13,10,67,0.40 ,-,9
2025/2026,A1,Regular_Season,2nd,12,-,3141,20/1/2026 ,20:30,1.007,-,O,Wash4green Monviso Volley,Pallavolo Pinerolo,3,2,8,4,14,16,15,21,17,25,8,6,16,14,20,21,28,26,8,4,15,16,18,21,22,25,8,3,16,13,21,19,25,19,5,3,10,7,12,8,15,11,79,29,41,107,13,4,93,6,0.66 ,0.33 ,157,10,9,65,0.41 ,-,10
2025/2026,A1,Regular_Season,2nd,13,-,3143,20/1/2026 ,20:30,2.255,-,C,Igor Gorgonzola Novara,Igor Novara,3,0,6,8,16,12,21,13,25,17,8,2,16,9,21,11,25,13,8,5,16,10,21,14,25,20,-,-,-,-,-,-,-,-,-,-,-,-,-,-,-,-,61,28,42,72,8,3,49,6,0.51 ,0.31 ,110,3,2,49,0.45 ,-,9
2025/2026,A1,Play_Off,Quarter,1 ,-,3143,20/1/2026 ,20:30,2.255,-,O,Bartoccini-Mc Restauri Perugia,Bartoccini Perugia,0,3,8,6,12,16,13,21,17,25,2,8,9,16,11,21,13,25,5,8,10,16,14,21,20,25,-,-,-,-,-,-,-,-,-,-,-,-,-,-,-,-,36,9,9,52,3,3,64,8,0.44 ,0.31 ,103,7,9,31,0.30 ,-,2
2025/2026,A1,Play_Off,Quarter,2 ,-,3145,20/1/2026 ,20:30,2.744,-,C,Numia Vero Volley Milano,Vero Volley,3,0,8,4,16,10,21,13,25,16,8,3,16,9,21,16,25,17,8,3,14,16,21,20,29,27,-,-,-,-,-,-,-,-,-,-,-,-,-,-,-,-,54,25,35,76,7,1,49,3,0.53 ,0.22 ,96,7,2,44,0.46 ,-,9
2025/2026,A1,Coppa_Italia,Quarter,-,-,3145,20/1/2026 ,20:30,2.744,-,O,Honda Cuneo Granda Volley,Honda Cuneo Granda Volley,0,3,4,8,10,16,13,21,16,25,3,8,9,16,16,21,17,25,3,8,16,14,20,21,27,29,-,-,-,-,-,-,-,-,-,-,-,-,-,-,-,-,46,13,18,62,13,2,69,1,0.62 ,0.35 ,122,5,9,42,0.34 ,-,2
2025/2026,A1,Play_Off_Challenge ,GroupA,1,-,3146,20/1/2026 ,20:30,1.879,-,C,Bergamo,Volley Bergamo 1991,0,3,5,8,11,16,15,21,18,25,8,7,16,14,21,20,23,25,4,8,7,16,11,21,13,25,-,-,-,-,-,-,-,-,-,-,-,-,-,-,-,-,41,14,9,55,8,3,64,11,0.41 ,0.28 ,90,5,8,29,0.32 ,-,9
2025/2026,A1,Play_Off_Challenge ,GroupA,2,-,3146,20/1/2026 ,20:30,1.879,-,O,Savino Del Bene Scandicci,Savino Del Bene Scandicci,3,0,8,5,16,11,21,15,25,18,7,8,14,16,20,21,25,23,8,4,16,7,21,11,25,13,-,-,-,-,-,-,-,-,-,-,-,-,-,-,-,-,59,28,30,74,10,7,47,7,0.60 ,0.53 ,92,3,9,44,0.48 ,-,8
2025/2026,A1,Play_Off_Challenge ,GroupA,3,-,3147,20/1/2026 ,20:30,1.653,-,C,Megabox Ondulati Del Savio Vallefoglia,Megabox Vallefoglia,0,3,4,8,13,16,19,21,22,25,6,8,9,16,17,21,19,25,8,5,15,16,19,21,23,25,-,-,-,-,-,-,-,-,-,-,-,-,-,-,-,-,51,13,22,66,8,2,66,2,0.55 ,0.27 ,116,8,11,47,0.41 ,-,2
2025/2026,A1,Play_Off_Challenge ,GroupA,4,-,3147,20/1/2026 ,20:30,1.653,-,O,Prosecco Doc A.Carraro Imoco Conegliano,Imoco Volley Conegliano,3,0,8,4,16,13,21,19,25,22,8,6,16,9,21,17,25,19,5,8,16,15,21,19,25,23,-,-,-,-,-,-,-,-,-,-,-,-,-,-,-,-,57,20,40,73,7,2,58,3,0.52 ,0.26 ,106,5,2,44,0.42 ,-,11
2025/2026,A1,Play_Off_Challenge ,GroupA,5,-,3148,31/1/2026 ,20:30,2.793,-,C,Honda Cuneo Granda Volley,Honda Cuneo Granda Volley,0,3,2,8,5,16,9,21,10,25,6,8,12,16,16,21,18,25,7,8,15,16,21,20,21,25,-,-,-,-,-,-,-,-,-,-,-,-,-,-,-,-,35,9,-8,50,12,1,69,11,0.51 ,0.19 ,101,11,9,30,0.30 ,-,4
2025/2026,A1,Play_Off_Challenge ,GroupA,6,-,3148,31/1/2026 ,20:30,2.793,-,O,Eurotek Laica Uyba,Uyba Busto Arsizio,3,0,8,2,16,5,21,9,25,10,8,6,16,12,21,16,25,18,8,7,16,15,20,21,25,21,-,-,-,-,-,-,-,-,-,-,-,-,-,-,-,-,50,26,29,74,5,5,38,5,0.42 ,0.11 ,83,7,4,36,0.43 ,-,9
2025/2026,A2,Pool_Promozione,1st,1,-,3149,1/2/2026 ,16:00,1.16,-,C,Wash4green Monviso Volley,Pallavolo Pinerolo,0,3,3,8,9,16,14,21,18,25,3,8,6,16,11,21,17,25,6,8,13,16,16,21,20,25,-,-,-,-,-,-,-,-,-,-,-,-,-,-,-,-,43,11,6,57,11,1,66,9,0.56 ,0.15 ,107,10,7,38,0.36 ,-,4
2025/2026,A2,Pool_Promozione,1st,2,-,3149,1/2/2026 ,16:00,1.16,-,O,Omag-Mt San Giovanni In Marignano,San Giovanni In Marignano,3,0,8,3,16,9,21,14,25,18,8,3,16,6,21,11,25,17,8,6,16,13,21,16,25,20,-,-,-,-,-,-,-,-,-,-,-,-,-,-,-,-,54,25,35,73,7,5,46,3,0.72 ,0.17 ,102,5,4,43,0.42 ,-,6
2025/2026,A2,Pool_Promozione,1st,3,-,3150,1/2/2026 ,17:00,2.07,-,C,Reale Mutua Fenera Chieri '76,Fenera Chieri '76,2,3,8,7,13,16,20,21,27,25,7,8,12,16,15,21,18,25,8,6,16,15,21,20,25,21,4,8,12,16,18,21,20,25,5,4,9,10,12,11,13,15,79,20,32,103,14,4,97,7,0.67 ,0.33 ,161,12,14,71,0.44 ,-,4
2025/2026,A2,Pool_Promozione,1st,4,-,3150,1/2/2026 ,17:00,2.07,-,O,Savino Del Bene Scandicci,Savino Del Bene Scandicci,3,2,7,8,16,13,21,20,25,27,8,7,16,12,21,15,25,18,6,8,15,16,20,21,21,25,8,4,16,12,21,18,25,20,4,5,10,9,11,12,15,13,85,30,55,110,13,6,89,6,0.67 ,0.28 ,139,7,4,65,0.47 ,-,14
2025/2026,A2,Pool_Promozione,1st,5,-,3151,1/2/2026 ,17:00,1.082,-,C,Bartoccini-Mc Restauri Perugia,Bartoccini Perugia,0,3,8,6,12,16,15,21,18,25,5,8,14,16,16,21,19,25,8,7,11,16,18,21,22,25,-,-,-,-,-,-,-,-,-,-,-,-,-,-,-,-,41,11,9,60,6,.,65,6,0.37 ,0.25 ,129,8,12,37,0.29 ,-,4
2025/2026,A2,Pool_Promozione,2nd,1,-,3151,1/2/2026 ,17:00,1.082,-,O,Bergamo,Volley Bergamo 1991,3,0,6,8,16,12,21,15,25,18,8,5,16,14,21,16,25,19,7,8,16,11,21,18,25,22,-,-,-,-,-,-,-,-,-,-,-,-,-,-,-,-,57,24,32,74,9,5,54,4,0.44 ,0.28 ,118,8,4,40,0.34 ,-,12
2025/2026,A2,Pool_Promozione,2nd,2,-,3152,1/2/2026 ,17:00,1.446,-,C,Il Bisonte Firenze,Azzurra Volley Firenze,0,3,6,8,9,16,11,21,13,25,4,8,11,16,19,21,20,25,4,8,10,16,10,21,15,25,-,-,-,-,-,-,-,-,-,-,-,-,-,-,-,-,33,9,7,49,4,.,65,4,0.57 ,0.31 ,97,7,11,30,0.31 ,-,3
2025/2026,A2,Pool_Promozione,2nd,3,-,3152,1/2/2026 ,17:00,1.446,-,O,Numia Vero Volley Milano,Vero Volley,3,0,8,6,16,9,21,11,25,13,8,4,16,11,21,19,25,20,8,4,16,10,21,10,25,15,-,-,-,-,-,-,-,-,-,-,-,-,-,-,-,-,63,33,43,74,9,2,45,4,0.49 ,0.20 ,88,4,3,50,0.57 ,-,11
2025/2026,A2,Pool_Promozione,2nd,4,-,3154,1/2/2026 ,17:00,5.344,-,C,Prosecco Doc A.Carraro Imoco Conegliano,Imoco Volley Conegliano,3,0,8,6,16,13,21,15,25,20,8,6,16,10,21,14,25,16,8,4,16,10,21,12,25,15,-,-,-,-,-,-,-,-,-,-,-,-,-,-,-,-,62,26,44,73,9,4,49,4,0.65 ,0.41 ,98,1,4,49,0.50 ,-,9
2025/2026,A2,Pool_Promozione,2nd,5,-,3154,1/2/2026 ,17:00,5.344,-,O,Cbf Balducci Hr Macerata,Helvia Recina Volley Macerata,0,3,6,8,13,16,15,21,20,25,6,8,10,16,14,21,16,25,4,8,10,16,12,21,15,25,-,-,-,-,-,-,-,-,-,-,-,-,-,-,-,-,40,10,11,53,4,1,64,8,0.48 ,0.27 ,101,8,9,35,0.35 ,-,4
2025/2026,A2,Regular_Season_GroupB,1st,1,-,3153,1/2/2026 ,18:00,1.032,-,C,Megabox Ondulati Del Savio Vallefoglia,Megabox Vallefoglia,1,3,3,8,6,16,9,21,11,25,8,5,16,13,21,16,25,17,8,5,15,16,20,21,23,25,6,8,13,16,18,21,21,25,-,-,-,-,-,-,-,-,55,19,25,81,10,4,77,4,0.49 ,0.19 ,113,8,8,44,0.39 ,-,7
2025/2026,A2,Regular_Season_GroupB,1st,2,-,3153,1/2/2026 ,18:00,1.032,-,O,Igor Gorgonzola Novara,Igor Novara,3,1,8,3,16,6,21,9,25,11,5,8,13,16,16,21,17,25,5,8,16,15,21,20,25,23,8,6,16,13,21,18,25,21,-,-,-,-,-,-,-,-,73,31,39,91,15,1,71,6,0.56 ,0.27 ,117,6,7,64,0.55 ,-,8
2025/2026,A2,Regular_Season_GroupB,1st,3,-,3156,7/2/2026 ,19:00,1.325,-,C,Bergamo,Volley Bergamo 1991,3,1,8,2,16,9,21,14,25,19,4,8,9,16,15,21,18,25,8,6,16,12,21,18,25,20,8,7,16,12,21,14,25,19,-,-,-,-,-,-,-,-,65,24,26,92,17,3,70,7,0.50 ,0.30 ,136,6,9,53,0.39 ,-,9
2025/2026,A2,Regular_Season_GroupB,1st,4,-,3156,7/2/2026 ,19:00,1.325,-,O,Wash4green Monviso Volley,Pallavolo Pinerolo,1,3,2,8,9,16,14,21,19,25,8,4,16,9,21,15,25,18,6,8,12,16,18,21,20,25,7,8,12,16,14,21,19,25,-,-,-,-,-,-,-,-,58,19,16,84,14,5,75,7,0.55 ,0.31 ,137,12,9,44,0.32 ,-,9
2025/2026,A2,Regular_Season_GroupB,1st,5,-,3158,7/2/2026 ,21:00,1.436,-,C,Omag-Mt San Giovanni In Marignano,San Giovanni In Marignano,3,1,6,8,12,16,20,21,22,25,8,7,16,12,21,17,25,18,8,7,16,14,21,19,25,20,8,5,16,12,21,18,29,27,-,-,-,-,-,-,-,-,77,31,40,100,16,8,81,4,0.60 ,0.28 ,148,12,5,61,0.41 ,-,8
2025/2026,A2,Regular_Season_GroupB,1st,6,-,3158,7/2/2026 ,21:00,1.436,-,O,Bartoccini-Mc Restauri Perugia,Bartoccini Perugia,1,3,8,6,16,12,21,20,25,22,7,8,12,16,17,21,18,25,7,8,14,16,19,21,20,25,5,8,12,16,18,21,27,29,-,-,-,-,-,-,-,-,55,18,17,91,10,3,84,10,0.46 ,0.11 ,132,10,8,47,0.36 ,-,5
2025/2026,A2,Regular_Season_GroupB,1st,7,-,3159,8/2/2026 ,16:00,3.768,-,C,Igor Gorgonzola Novara,Igor Novara,3,2,7,8,16,14,21,15,25,18,6,8,12,16,15,21,19,25,8,6,14,16,21,19,25,20,8,7,16,13,19,21,22,25,4,5,10,8,12,10,16,14,83,24,43,107,12,7,88,5,0.67 ,0.42 ,156,10,13,71,0.46 ,-,5
2025/2026,A2,Regular_Season_GroupB,1st,8,-,3159,8/2/2026 ,16:00,3.768,-,O,Numia Vero Volley Milano,Vero Volley,2,3,8,7,14,16,15,21,18,25,8,6,16,12,21,15,25,19,6,8,16,14,19,21,20,25,7,8,13,16,21,19,25,22,5,4,8,10,10,12,14,16,79,21,40,102,14,2,95,10,0.52 ,0.28 ,161,10,5,64,0.40 ,-,13
2025/2026,A2,Regular_Season_GroupB,1st,9,-,3155,8/2/2026 ,17:00,1.492,-,C,Eurotek Laica Uyba,Uyba Busto Arsizio,1,3,8,7,16,15,21,19,25,22,5,8,11,16,18,21,23,25,5,8,13,16,16,21,22,25,5,8,12,16,18,21,22,25,-,-,-,-,-,-,-,-,62,22,29,93,9,3,79,5,0.43 ,0.19 ,158,12,7,54,0.34 ,-,5
2025/2026,A2,Regular_Season_GroupB,2nd,1,-,3155,8/2/2026 ,17:00,1.492,-,O,Il Bisonte Firenze,Azzurra Volley Firenze,3,1,7,8,15,16,19,21,22,25,8,5,16,11,21,18,25,23,8,5,16,13,21,16,25,22,8,5,16,12,21,18,25,22,-,-,-,-,-,-,-,-,74,25,37,96,17,4,84,5,0.56 ,0.23 ,162,10,5,63,0.39 ,-,7
2025/2026,A2,Regular_Season_GroupB,2nd,2,-,3157,8/2/2026 ,17:00,1.38,-,C,Reale Mutua Fenera Chieri '76,Fenera Chieri '76,3,0,8,7,16,12,21,16,25,19,5,8,15,16,18,21,26,24,8,4,16,14,21,16,27,25,-,-,-,-,-,-,-,-,-,-,-,-,-,-,-,-,50,17,25,76,15,1,53,5,0.58 ,0.23 ,80,2,3,41,0.51 ,-,8
2025/2026,A2,Regular_Season_GroupB,2nd,3,-,3157,8/2/2026 ,17:00,1.38,-,O,Honda Cuneo Granda Volley,Honda Cuneo Granda Volley,0,3,7,8,12,16,16,21,19,25,8,5,16,15,21,18,24,26,4,8,14,16,16,21,25,27,-,-,-,-,-,-,-,-,-,-,-,-,-,-,-,-,49,15,11,70,17,2,61,2,0.56 ,0.31 ,87,11,8,44,0.51 ,-,3
2025/2026,A2,Regular_Season_GroupB,2nd,4,-,3160,8/2/2026 ,17:00,3.59,-,C,Savino Del Bene Scandicci,Savino Del Bene Scandicci,0,3,8,5,16,15,20,21,41,43,8,7,11,16,15,21,22,25,4,8,9,16,14,21,20,25,-,-,-,-,-,-,-,-,-,-,-,-,-,-,-,-,63,19,30,85,10,6,79,6,0.72 ,0.34 ,138,7,9,49,0.36 ,-,8
2025/2026,A2,Regular_Season_GroupB,2nd,5,-,3160,8/2/2026 ,17:00,3.59,-,O,Prosecco Doc A.Carraro Imoco Conegliano,Imoco Volley Conegliano,3,0,5,8,15,16,21,20,43,41,7,8,16,11,21,15,25,22,8,4,16,9,21,14,25,20,-,-,-,-,-,-,-,-,-,-,-,-,-,-,-,-,74,25,41,91,12,2,75,8,0.49 ,0.27 ,130,4,8,63,0.48 ,-,9
2025/2026,A2,Regular_Season_GroupB,2nd,6,-,3161,8/2/2026 ,17:00,1.32,-,C,Cbf Balducci Hr Macerata,Helvia Recina Volley Macerata,1,3,5,8,12,16,17,21,20,25,6,8,10,16,16,21,25,23,4,8,11,16,15,21,21,25,6,8,12,16,15,21,20,25,-,-,-,-,-,-,-,-,49,17,-2,87,16,4,76,13,0.50 ,0.16 ,126,11,9,40,0.32 ,-,5
2025/2026,A2,Regular_Season_GroupB,2nd,7,-,3161,8/2/2026 ,17:00,1.32,-,O,Megabox Ondulati Del Savio Vallefoglia,Megabox Vallefoglia,3,1,8,5,16,12,21,17,25,20,8,6,16,10,21,16,23,25,8,4,16,11,21,15,25,21,8,6,16,12,21,15,25,20,-,-,-,-,-,-,-,-,69,31,22,97,21,8,71,7,0.54 ,0.17 ,135,14,5,52,0.39 ,-,9
2025/2026,A2,Regular_Season_GroupB,2nd,8,-,3164,10/2/2026 ,19:00,1.107,-,C,Il Bisonte Firenze,Azzurra Volley Firenze,0,3,3,8,8,16,15,21,17,25,2,8,10,16,13,21,16,25,7,8,13,16,16,21,18,25,-,-,-,-,-,-,-,-,-,-,-,-,-,-,-,-,36,10,4,52,7,2,68,7,0.56 ,0.22 ,104,10,8,32,0.31 ,-,2
2025/2026,A2,Regular_Season_GroupB,2nd,9,-,3164,10/2/2026 ,19:00,1.107,-,O,Prosecco Doc A.Carraro Imoco Conegliano,Imoco Volley Conegliano,3,0,8,3,16,8,21,15,25,17,8,2,16,10,21,13,25,16,8,7,16,13,21,16,25,18,-,-,-,-,-,-,-,-,-,-,-,-,-,-,-,-,58,30,38,74,6,4,45,4,0.62 ,0.24 ,101,8,2,46,0.46 ,-,8
2025/2026,A2,Play_Off,Quarter,1 ,-,3167,11/2/2026 ,19:30,1.083,-,C,Honda Cuneo Granda Volley,Honda Cuneo Granda Volley,1,3,6,8,12,16,18,21,26,24,8,7,16,14,21,19,24,26,6,8,13,16,18,21,21,25,8,6,14,16,20,21,22,25,-,-,-,-,-,-,-,-,72,26,29,94,9,3,88,12,0.55 ,0.27 ,159,12,10,60,0.38 ,-,9
2025/2026,A2,Play_Off,Quarter,2 ,-,3167,11/2/2026 ,19:30,1.083,-,O,Bergamo,Volley Bergamo 1991,3,1,8,6,16,12,21,18,24,26,7,8,14,16,19,21,26,24,8,6,16,13,21,18,25,21,6,8,16,14,21,20,25,22,-,-,-,-,-,-,-,-,79,30,43,99,11,7,85,7,0.54 ,0.27 ,154,9,9,62,0.40 ,-,10
2025/2026,A2,Play_Off,Semifinal,1 ,-,3162,11/2/2026 ,20:00,1.115,-,C,Bartoccini-Mc Restauri Perugia,Bartoccini Perugia,3,1,8,4,16,13,21,20,26,24,4,8,11,16,21,20,25,22,5,8,7,16,16,21,22,25,7,8,16,12,21,15,25,21,-,-,-,-,-,-,-,-,76,33,50,97,3,6,86,5,0.50 ,0.38 ,160,9,9,57,0.36 ,-,13
2025/2026,A2,Play_Off,Semifinal,2 ,-,3162,11/2/2026 ,20:00,1.115,-,O,Eurotek Laica Uyba,Uyba Busto Arsizio,1,3,4,8,13,16,20,21,24,26,8,4,16,11,20,21,22,25,8,5,16,7,21,16,25,22,8,7,12,16,15,21,21,25,-,-,-,-,-,-,-,-,78,31,40,93,7,3,94,8,0.41 ,0.30 ,176,9,13,66,0.38 ,-,9
2025/2026,A2,Pool_Promozione,1st,1,-,3165,11/2/2026 ,20:00,2.787,-,C,Numia Vero Volley Milano,Vero Volley,3,1,8,5,16,11,21,19,25,21,8,7,15,16,20,21,23,25,8,7,15,16,21,20,25,22,8,6,16,14,21,16,25,21,-,-,-,-,-,-,-,-,71,25,39,97,7,.,74,3,0.66 ,0.35 ,138,14,8,60,0.43 ,-,11
2025/2026,A2,Pool_Promozione,1st,2,-,3165,11/2/2026 ,20:00,2.787,-,O,Omag-Mt San Giovanni In Marignano,San Giovanni In Marignano,1,3,5,8,11,16,19,21,21,25,7,8,16,15,21,20,25,23,7,8,16,15,20,21,22,25,6,8,14,16,16,21,21,25,-,-,-,-,-,-,-,-,64,17,26,90,16,2,90,3,0.61 ,0.28 ,148,8,11,54,0.36 ,-,8
2025/2026,A2,Pool_Promozione,1st,3,-,3163,11/2/2026 ,20:30,910,-,C,Wash4green Monviso Volley,Pallavolo Pinerolo,3,1,7,8,16,12,21,14,25,18,8,5,16,13,21,18,25,22,7,8,16,14,20,21,22,25,6,8,14,16,21,20,25,23,-,-,-,-,-,-,-,-,69,23,37,96,12,5,73,5,0.66 ,0.27 ,117,8,7,57,0.49 ,-,7
2025/2026,A2,Pool_Promozione,1st,4,-,3163,11/2/2026 ,20:30,910,-,O,Reale Mutua Fenera Chieri '76,Fenera Chieri '76,1,3,8,7,12,16,14,21,18,25,5,8,13,16,18,21,22,25,8,7,14,16,21,20,25,22,8,6,16,14,20,21,23,25,-,-,-,-,-,-,-,-,68,19,26,89,16,4,84,8,0.56 ,0.30 ,126,11,7,57,0.45 ,-,7
2025/2026,A2,Pool_Promozione,1st,5,-,3166,11/2/2026 ,20:30,1.034,-,C,Megabox Ondulati Del Savio Vallefoglia,Megabox Vallefoglia,0,3,4,8,13,16,18,21,23,25,4,8,11,16,16,21,18,25,7,8,12,16,16,21,19,25,-,-,-,-,-,-,-,-,-,-,-,-,-,-,-,-,47,14,10,61,5,4,69,15,0.38 ,0.25 ,94,10,7,43,0.46 ,-,.
2025/2026,A2,Pool_Promozione,2nd,1,-,3166,11/2/2026 ,20:30,1.034,-,O,Savino Del Bene Scandicci,Savino Del Bene Scandicci,3,0,8,4,16,13,21,18,25,23,8,4,16,11,21,16,25,18,8,7,16,12,21,16,25,19,-,-,-,-,-,-,-,-,-,-,-,-,-,-,-,-,58,24,40,74,5,9,56,5,0.61 ,0.21 ,85,8,.,42,0.49 ,-,7
2025/2026,A2,Pool_Promozione,2nd,2,-,3168,11/2/2026 ,20:30,710,-,C,Cbf Balducci Hr Macerata,Helvia Recina Volley Macerata,0,3,6,8,16,15,20,21,22,25,5,8,14,16,18,21,31,33,6,8,11,16,15,21,16,25,-,-,-,-,-,-,-,-,-,-,-,-,-,-,-,-,45,12,15,70,9,.,68,7,0.66 ,0.31 ,103,6,8,38,0.37 ,-,7
2025/2026,A2,Pool_Promozione,2nd,3,-,3168,11/2/2026 ,20:30,710,-,O,Igor Gorgonzola Novara,Igor Novara,3,0,8,6,15,16,21,20,25,22,8,5,16,14,21,18,33,31,8,6,16,11,21,15,25,16,-,-,-,-,-,-,-,-,-,-,-,-,-,-,-,-,67,26,34,82,14,4,61,2,0.64 ,0.31 ,120,10,7,55,0.46 ,-,8
2025/2026,A2,Pool_Promozione,2nd,4,-,3169,14/2/2026 ,20:30,3.002,-,C,Eurotek Laica Uyba,Uyba Busto Arsizio,0,3,8,4,13,16,15,21,17,25,7,8,15,16,17,21,20,25,5,8,8,16,10,21,14,25,-,-,-,-,-,-,-,-,-,-,-,-,-,-,-,-,35,8,7,53,6,4,65,3,0.43 ,0.23 ,87,12,7,30,0.34 ,-,1
2025/2026,A2,Pool_Promozione,2nd,5,-,3169,14/2/2026 ,20:30,3.002,-,O,Numia Vero Volley Milano,Vero Volley,3,0,4,8,16,13,21,15,25,17,8,7,16,15,21,17,25,20,8,5,16,8,21,10,25,14,-,-,-,-,-,-,-,-,-,-,-,-,-,-,-,-,56,22,35,73,8,2,47,4,0.45 ,0.23 ,84,8,1,47,0.56 ,-,7
2025/2026,A2,Regular_Season_GroupA,1st,1,-,3172,15/2/2026 ,16:00,5.13,-,C,Prosecco Doc A.Carraro Imoco Conegliano,Imoco Volley Conegliano,3,1,8,3,16,7,21,13,25,18,6,8,14,16,20,21,21,25,6,8,16,13,21,14,25,17,7,8,12,16,20,21,26,24,-,-,-,-,-,-,-,-,81,38,45,96,9,6,75,11,0.63 ,0.35 ,150,7,9,72,0.48 ,-,3
2025/2026,A2,Regular_Season_GroupA,1st,2,-,3172,15/2/2026 ,16:00,5.13,-,O,Bartoccini-Mc Restauri Perugia,Bartoccini Perugia,1,3,3,8,7,16,13,21,18,25,8,6,16,14,21,20,25,21,8,6,13,16,14,21,17,25,8,7,16,12,21,20,24,26,-,-,-,-,-,-,-,-,66,27,31,85,10,6,87,18,0.47 ,0.24 ,143,4,3,51,0.36 ,-,9
2025/2026,A2,Regular_Season_GroupA,1st,4,-,3170,15/2/2026 ,17:00,729,-,C,Megabox Ondulati Del Savio Vallefoglia,Megabox Vallefoglia,3,2,8,5,16,14,21,16,25,23,6,8,13,16,16,21,23,25,7,8,14,16,21,20,23,25,8,7,14,16,20,21,26,24,5,3,10,6,12,8,15,11,76,25,38,112,11,2,87,8,0.53 ,0.23 ,144,11,8,63,0.44 ,-,11
2025/2026,A2,Regular_Season_GroupA,1st,5,-,3170,15/2/2026 ,17:00,729,-,O,Wash4green Monviso Volley,Pallavolo Pinerolo,2,3,5,8,14,16,16,21,23,25,8,6,16,13,21,16,25,23,8,7,16,14,20,21,25,23,7,8,16,14,21,20,24,26,3,5,6,10,8,12,11,15,86,27,35,108,21,3,101,7,0.57 ,0.27 ,170,12,11,75,0.44 ,-,8
2025/2026,A2,Regular_Season_GroupA,1st,6,-,3171,15/2/2026 ,17:00,1.232,-,C,Reale Mutua Fenera Chieri '76,Fenera Chieri '76,3,0,8,3,16,10,21,12,25,13,5,8,16,14,21,17,25,18,8,4,16,12,21,18,25,23,-,-,-,-,-,-,-,-,-,-,-,-,-,-,-,-,60,27,39,73,13,4,48,4,0.58 ,0.35 ,86,3,1,48,0.56 ,-,8
2025/2026,A2,Regular_Season_GroupA,1st,7,-,3171,15/2/2026 ,17:00,1.232,-,O,Omag-Mt San Giovanni In Marignano,San Giovanni In Marignano,0,3,3,8,10,16,12,21,13,25,8,5,14,16,17,21,18,25,4,8,12,16,18,21,23,25,-,-,-,-,-,-,-,-,-,-,-,-,-,-,-,-,36,10,6,56,8,2,60,8,0.55 ,0.27 ,84,6,8,33,0.39 ,-,1
2025/2026,A2,Regular_Season_GroupA,1st,8,-,3173,15/2/2026 ,17:00,1.337,-,C,Bergamo,Volley Bergamo 1991,3,2,7,8,12,16,16,21,17,25,6,8,11,16,17,21,24,26,8,5,16,12,21,15,25,18,8,6,16,13,21,19,25,21,4,5,8,10,12,10,15,11,73,34,34,106,13,4,84,8,0.62 ,0.40 ,156,10,8,57,0.37 ,-,12
2025/2026,A2,Regular_Season_GroupA,1st,9,-,3173,15/2/2026 ,17:00,1.337,-,O,Il Bisonte Firenze,Azzurra Volley Firenze,2,3,8,7,16,12,21,16,25,17,8,6,16,11,21,17,26,24,5,8,12,16,15,21,18,25,6,8,13,16,19,21,21,25,5,4,10,8,10,12,11,15,75,32,21,101,17,5,93,11,0.57 ,0.40 ,166,14,12,62,0.37 ,-,8
2025/2026,A2,Regular_Season_GroupA,2nd,1,-,3174,15/2/2026 ,17:00,2.821,-,C,Savino Del Bene Scandicci,Savino Del Bene Scandicci,3,0,8,5,16,9,21,13,25,15,8,6,16,15,21,19,25,20,8,6,16,10,21,13,25,17,-,-,-,-,-,-,-,-,-,-,-,-,-,-,-,-,62,30,53,73,4,2,46,1,0.70 ,0.39 ,89,3,1,45,0.51 ,-,15
2025/2026,A2,Regular_Season_GroupA,2nd,2,-,3174,15/2/2026 ,17:00,2.821,-,O,Cbf Balducci Hr Macerata,Helvia Recina Volley Macerata,0,3,5,8,9,16,13,21,15,25,6,8,15,16,19,21,20,25,6,8,10,16,13,21,17,25,-,-,-,-,-,-,-,-,-,-,-,-,-,-,-,-,44,8,12,54,8,.,69,4,0.61 ,0.29 ,105,5,15,43,0.41 ,-,1
2025/2026,A2,Regular_Season_GroupA,2nd,4,-,3175,15/2/2026 ,18:00,2.53,-,C,Igor Gorgonzola Novara,Igor Novara,2,3,8,7,16,15,21,19,23,25,8,2,16,13,21,15,25,19,8,5,16,13,21,15,25,18,7,8,14,16,20,21,23,25,3,5,7,10,9,12,13,15,93,34,55,109,13,8,97,9,0.59 ,0.31 ,176,9,7,74,0.42 ,-,11
2025/2026,A2,Regular_Season_GroupA,2nd,5,-,3175,15/2/2026 ,18:00,2.53,-,O,Honda Cuneo Granda Volley,Honda Cuneo Granda Volley,3,2,7,8,15,16,19,21,25,23,2,8,13,16,15,21,19,25,5,8,13,16,15,21,18,25,8,7,16,14,21,20,25,23,5,3,10,7,12,9,15,13,77,28,36,102,5,5,96,15,0.50 ,0.20 ,167,10,11,65,0.39 ,-,7
2025/2026,A2,Regular_Season_GroupA,2nd,6,-,3176,21/2/2026 ,20:30,1.444,-,C,Omag-Mt San Giovanni In Marignano,San Giovanni In Marignano,2,3,8,7,16,14,18,21,23,25,8,7,16,12,21,16,25,20,8,3,16,9,21,14,25,18,8,7,12,16,17,21,19,25,3,5,6,10,11,12,19,21,74,29,33,112,14,3,91,7,0.59 ,0.24 ,185,11,9,61,0.33 ,-,10
2025/2026,A2,Regular_Season_GroupA,2nd,7,-,3176,21/2/2026 ,20:30,1.444,-,O,Eurotek Laica Uyba,Uyba Busto Arsizio,3,2,7,8,14,16,21,18,25,23,7,8,12,16,16,21,20,25,3,8,9,16,14,21,18,25,7,8,16,12,21,17,25,19,5,3,10,6,12,11,21,19,80,31,31,108,17,6,98,4,0.42 ,0.14 ,197,18,10,65,0.33 ,-,9
2025/2026,A2,Regular_Season_GroupA,2nd,8,-,3177,21/2/2026 ,20:30,4.998,-,C,Prosecco Doc A.Carraro Imoco Conegliano,Imoco Volley Conegliano,3,1,8,6,16,12,21,19,25,22,6,8,13,16,17,21,22,25,8,3,16,12,21,14,25,16,8,6,16,12,21,16,25,16,-,-,-,-,-,-,-,-,78,35,41,96,15,4,70,13,0.37 ,0.24 ,110,5,4,66,0.60 ,-,8
2025/2026,A2,Regular_Season_GroupA,2nd,9,-,3177,21/2/2026 ,20:30,4.998,-,O,Wash4green Monviso Volley,Pallavolo Pinerolo,1,3,6,8,12,16,19,21,22,25,8,6,16,13,21,17,25,22,3,8,12,16,14,21,16,25,6,8,12,16,16,21,16,25,-,-,-,-,-,-,-,-,59,19,25,80,10,8,81,9,0.58 ,0.32 ,114,7,8,47,0.41 ,-,4
2025/2026,A1,Regular_Season,1st,1,-,3178,21/2/2026 ,20:30,1.144,-,C,Bartoccini-Mc Restauri Perugia,Bartoccini Perugia,3,2,7,8,11,16,14,21,15,25,5,8,9,16,15,21,16,25,6,8,16,13,21,17,25,19,8,4,16,9,21,12,25,14,5,3,10,6,12,7,15,9,70,30,42,95,9,2,78,9,0.56 ,0.36 ,136,4,5,59,0.43 ,-,9
2025/2026,A1,Regular_Season,1st,2,-,3178,21/2/2026 ,20:30,1.144,-,O,Reale Mutua Fenera Chieri '76,Fenera Chieri '76,2,3,8,7,16,11,21,14,25,15,8,5,16,9,21,15,25,16,8,6,13,16,17,21,19,25,4,8,9,16,12,21,14,25,3,5,6,10,7,12,9,15,72,25,31,93,15,5,86,7,0.49 ,0.36 ,160,10,9,62,0.39 ,-,5
2025/2026,A1,Regular_Season,1st,3,-,3179,21/2/2026 ,20:30,813,-,C,Il Bisonte Firenze,Azzurra Volley Firenze,1,3,8,7,15,16,21,20,23,25,6,8,16,15,19,21,22,25,8,3,16,9,21,12,25,18,7,8,11,16,15,21,17,25,-,-,-,-,-,-,-,-,64,18,25,88,9,3,82,8,0.59 ,0.24 ,153,11,11,55,0.36 ,-,6
2025/2026,A1,Regular_Season,1st,4,-,3179,21/2/2026 ,20:30,813,-,O,Igor Gorgonzola Novara,Igor Novara,3,1,7,8,16,15,20,21,25,23,8,6,15,16,21,19,25,22,3,8,9,16,12,21,18,25,8,7,16,11,21,15,25,17,-,-,-,-,-,-,-,-,73,28,37,92,10,5,79,8,0.53 ,0.27 ,151,12,6,57,0.38 ,-,11
2025/2026,A1,Regular_Season,1st,5,-,3180,21/2/2026 ,20:30,5.296,-,C,Numia Vero Volley Milano,Vero Volley,3,0,8,7,16,14,21,16,25,19,7,8,16,14,21,16,25,21,8,6,16,14,20,21,25,23,-,-,-,-,-,-,-,-,-,-,-,-,-,-,-,-,65,24,39,73,9,2,61,6,0.64 ,0.33 ,113,6,5,54,0.48 ,-,9
2025/2026,A1,Regular_Season,1st,6,-,3180,21/2/2026 ,20:30,5.296,-,O,Savino Del Bene Scandicci,Savino Del Bene Scandicci,0,3,7,8,14,16,16,21,19,25,8,7,14,16,16,21,21,25,6,8,14,16,21,20,23,25,-,-,-,-,-,-,-,-,-,-,-,-,-,-,-,-,42,8,20,65,4,2,64,5,0.67 ,0.38 ,105,4,9,35,0.33 ,-,5
2025/2026,A1,Regular_Season,1st,7,-,3181,21/2/2026 ,20:30,1.862,-,C,Honda Cuneo Granda Volley,Honda Cuneo Granda Volley,3,2,8,7,11,16,14,21,18,25,7,8,16,12,21,18,25,20,5,8,16,14,21,19,25,23,4,8,11,16,16,21,18,25,5,4,10,8,12,9,15,13,78,21,29,100,13,5,99,11,0.47 ,0.22 ,162,14,11,64,0.40 ,-,9
2025/2026,A1,Regular_Season,1st,8,-,3181,21/2/2026 ,20:30,1.862,-,O,Megabox Ondulati Del Savio Vallefoglia,Megabox Vallefoglia,2,3,7,8,16,11,21,14,25,18,8,7,12,16,18,21,20,25,8,5,14,16,19,21,23,25,8,4,16,11,21,16,25,18,4,5,8,10,9,12,13,15,79,28,43,107,8,5,87,7,0.57 ,0.32 ,146,12,9,63,0.43 ,-,11
2025/2026,A1,Regular_Season,1st,9,-,3182,21/2/2026 ,20:30,1.475,-,C,Bergamo,Volley Bergamo 1991,2,3,7,8,14,16,19,21,26,24,8,4,16,11,21,14,25,19,5,8,15,16,20,21,21,25,6,8,9,16,13,21,14,25,3,5,6,10,10,12,13,15,77,29,40,100,11,8,95,7,0.59 ,0.34 ,168,9,10,55,0.33 ,-,14
2025/2026,A1,Regular_Season,1st,10,-,3182,21/2/2026 ,20:30,1.475,-,O,Cbf Balducci Hr Macerata,Helvia Recina Volley Macerata,3,2,8,7,16,14,21,19,24,26,4,8,11,16,14,21,19,25,8,5,16,15,21,20,25,21,8,6,16,9,21,13,25,14,5,3,10,6,12,10,15,13,87,35,37,107,12,4,89,16,0.64 ,0.42 ,176,8,14,73,0.41 ,-,10
2025/2026,A1,Regular_Season,1st,11,-,4003,1/3/2026 ,16:00,1.805,-,C,Savino Del Bene Scandicci,Savino Del Bene Scandicci,3,2,8,6,16,15,21,17,25,20,8,3,16,10,21,20,22,25,8,6,16,13,21,18,25,18,7,8,15,16,18,21,23,25,2,5,9,10,11,12,17,15,76,28,33,111,16,4,85,12,0.59 ,0.31 ,149,9,6,63,0.42 ,-,9
2025/2026,A1,Regular_Season,1st,12,-,4003,1/3/2026 ,16:00,1.805,-,O,Bergamo,Volley Bergamo 1991,2,3,6,8,15,16,17,21,20,25,3,8,10,16,20,21,25,22,6,8,13,16,18,21,18,25,8,7,16,15,21,18,25,23,5,2,10,9,12,11,15,17,78,26,29,105,20,4,95,9,0.62 ,0.32 ,159,11,9,68,0.43 ,-,6
2025/2026,A1,Regular_Season,1st,13,-,4001,1/3/2026 ,17:00,4.983,-,C,Prosecco Doc A.Carraro Imoco Conegliano,Imoco Volley Conegliano,3,1,8,3,16,12,21,12,25,16,6,8,12,16,17,21,22,25,6,8,16,11,21,15,25,18,8,5,16,9,21,14,25,18,-,-,-,-,-,-,-,-,83,40,53,96,10,3,72,11,0.57 ,0.32 ,143,6,3,70,0.49 ,-,10
2025/2026,A1,Regular_Season,2nd,1,-,4001,1/3/2026 ,17:00,4.983,-,O,Eurotek Laica Uyba,Uyba Busto Arsizio,1,3,3,8,12,16,12,21,16,25,8,6,16,12,21,17,25,22,8,6,11,16,15,21,18,25,5,8,9,16,14,21,18,25,-,-,-,-,-,-,-,-,60,22,25,78,6,9,86,11,0.38 ,0.19 ,125,8,10,48,0.38 ,-,3
2025/2026,A1,Regular_Season,2nd,2,-,4004,1/3/2026 ,17:00,3.146,-,C,Numia Vero Volley Milano,Vero Volley,3,0,8,7,16,10,21,15,25,20,8,6,16,11,21,13,25,15,8,5,16,15,21,15,25,19,-,-,-,-,-,-,-,-,-,-,-,-,-,-,-,-,62,27,44,73,4,1,49,4,0.55 ,0.27 ,103,8,2,49,0.48 ,-,12
2025/2026,A1,Regular_Season,2nd,3,-,4004,1/3/2026 ,17:00,3.146,-,O,Megabox Ond. Savio Vallefoglia,Megabox Vallefoglia,0,3,7,8,10,16,15,21,20,25,6,8,11,16,13,21,15,25,5,8,15,16,15,21,19,25,-,-,-,-,-,-,-,-,-,-,-,-,-,-,-,-,42,11,12,56,7,3,69,6,0.54 ,0.38 ,109,5,12,37,0.34 ,-,2
2025/2026,A1,Regular_Season,2nd,4,-,4002,1/3/2026 ,18:00,3.147,-,C,Igor Gorgonzola Novara,Igor Novara,3,1,8,3,16,8,21,12,25,17,8,5,16,13,21,15,25,17,8,6,15,16,20,21,22,25,7,8,16,13,21,15,25,17,-,-,-,-,-,-,-,-,69,28,37,96,14,2,60,3,0.60 ,0.42 ,108,9,6,61,0.56 ,-,6
2025/2026,A1,Regular_Season,2nd,5,-,4002,1/3/2026 ,18:00,3.147,-,O,Reale Mutua Fenera Chieri,Fenera Chieri '76,1,3,3,8,8,16,12,21,17,25,5,8,13,16,15,21,17,25,6,8,16,15,21,20,25,22,8,7,13,16,15,21,17,25,-,-,-,-,-,-,-,-,53,12,11,77,17,2,82,8,0.56 ,0.38 ,104,11,6,45,0.43 ,-,6
2025/2026,A1,Regular_Season,2nd,6,-,4006,4/3/2026 ,20:00,1.774,-,C,Reale Mutua Fenera Chieri,Fenera Chieri '76,2,3,8,5,14,16,18,21,20,25,8,6,15,16,21,20,25,22,8,6,16,10,21,17,25,21,6,8,12,16,15,21,18,25,1,5,8,10,11,12,16,18,79,22,35,105,16,3,98,2,0.68 ,0.35 ,169,17,9,60,0.36 ,-,16
2025/2026,A1,Regular_Season,2nd,7,-,4006,4/3/2026 ,20:00,1.774,-,O,Igor Gorgonzola Novara,Igor Novara,3,2,5,8,16,14,21,18,25,20,6,8,16,15,20,21,22,25,6,8,10,16,17,21,21,25,8,6,16,12,21,15,25,18,5,1,10,8,12,11,18,16,77,23,36,110,12,2,89,4,0.70 ,0.37 ,157,9,16,66,0.42 ,-,9
2025/2026,A1,Regular_Season,2nd,8,-,4005,4/3/2026 ,20:30,1.889,-,C,Eurotek Laica Uyba,Uyba Busto Arsizio,0,3,3,8,9,16,14,21,16,25,4,8,12,16,16,21,17,25,2,8,8,16,9,21,15,25,-,-,-,-,-,-,-,-,-,-,-,-,-,-,-,-,36,11,7,50,9,5,67,3,0.54 ,0.21 ,91,4,13,29,0.32 ,-,2
2025/2026,A1,Regular_Season,2nd,9,-,4005,4/3/2026 ,20:30,1.889,-,O,Prosecco Doc A.Carraro Imoco Conegliano,Imoco Volley Conegliano,3,0,8,3,16,9,21,14,25,16,8,4,16,12,21,16,25,17,8,2,16,8,21,9,25,15,-,-,-,-,-,-,-,-,-,-,-,-,-,-,-,-,59,32,40,73,6,.,41,5,0.59 ,0.39 ,82,6,2,46,0.56 ,-,13
2025/2026,A1,Regular_Season,2nd,10,-,4008,4/3/2026 ,20:30,2.733,-,C,Megabox Ond. Savio Vallefoglia,Megabox Vallefoglia,0,3,2,8,15,16,18,21,20,25,5,8,13,16,17,21,19,25,8,7,16,14,21,20,22,25,-,-,-,-,-,-,-,-,-,-,-,-,-,-,-,-,44,13,11,63,7,4,64,7,0.66 ,0.19 ,88,5,14,36,0.41 ,-,4
2025/2026,A1,Regular_Season,2nd,11,-,4008,4/3/2026 ,20:30,2.733,-,O,Numia Vero Volley Milano,Vero Volley,3,0,8,2,16,15,21,18,25,20,8,5,16,13,21,17,25,19,7,8,14,16,20,21,25,22,-,-,-,-,-,-,-,-,-,-,-,-,-,-,-,-,61,26,35,73,9,5,56,7,0.57 ,0.18 ,93,6,4,42,0.45 ,-,14
2025/2026,A1,Regular_Season,2nd,12,-,4007,5/3/2026 ,20:00,1.607,-,C,Bergamo,Volley Bergamo 1991,0,3,7,8,16,15,18,21,20,25,4,8,9,16,14,21,17,25,7,8,12,16,17,21,20,25,-,-,-,-,-,-,-,-,-,-,-,-,-,-,-,-,44,10,10,59,12,2,68,11,0.44 ,0.26 ,102,5,6,37,0.36 ,-,5
2025/2026,A1,Regular_Season,2nd,13,-,4007,5/3/2026 ,20:00,1.607,-,O,Savino Del Bene Scandicci,Savino Del Bene Scandicci,3,0,8,7,15,16,21,18,25,20,8,4,16,9,21,14,25,17,8,7,16,12,21,17,25,20,-,-,-,-,-,-,-,-,-,-,-,-,-,-,-,-,57,24,35,73,5,4,47,5,0.49 ,0.36 ,106,7,5,47,0.44 ,-,6
2025/2026,A1,Play_Off_Challenge ,Final,-,-,4010,14/3/2026 ,20:30,2.355,-,C,Savino Del Bene Scandicci,Savino Del Bene Scandicci,0,3,8,6,16,11,21,20,26,28,4,8,15,16,17,21,20,25,1,8,9,16,12,21,16,25,-,-,-,-,-,-,-,-,-,-,-,-,-,-,-,-,46,14,17,64,7,3,70,7,0.57 ,0.39 ,108,10,5,42,0.39 ,-,1
2025/2026,A1,Play_Off_Challenge ,GroupB,1,-,4010,14/3/2026 ,20:30,2.355,-,O,Numia Vero Volley Milano,Vero Volley,3,0,6,8,11,16,20,21,28,26,8,4,16,15,21,17,25,20,8,1,16,9,21,12,25,16,-,-,-,-,-,-,-,-,-,-,-,-,-,-,-,-,60,26,42,76,6,4,57,3,0.67 ,0.33 ,90,8,1,51,0.57 ,-,5
2025/2026,A1,Play_Off_Challenge ,GroupB,2,-,4009,15/3/2026 ,17:15,5.23,-,C,Prosecco Doc A.Carraro Imoco Conegliano,Imoco Volley Conegliano,3,2,7,8,16,14,21,20,23,25,5,8,13,16,16,21,23,25,8,4,16,7,21,12,25,15,8,7,16,14,21,19,26,24,4,5,10,8,12,10,15,12,79,29,38,111,15,4,81,11,0.47 ,0.27 ,134,12,3,63,0.47 ,-,12
2025/2026,A1,Play_Off_Challenge ,GroupB,3,-,4009,15/3/2026 ,17:15,5.23,-,O,Igor Gorgonzola Novara,Igor Novara,2,3,8,7,14,16,20,21,25,23,8,5,16,13,21,16,25,23,4,8,7,16,12,21,15,25,7,8,14,16,19,21,24,26,5,4,8,10,10,12,12,15,72,18,24,102,21,8,96,5,0.53 ,0.34 ,146,10,12,61,0.42 ,-,3
2025/2026,A1,Play_Off_Challenge ,GroupB,4,-,4011,21/3/2026 ,21:15,3.668,-,C,Igor Gorgonzola Novara,Igor Novara,0,3,6,8,8,16,10,21,12,25,5,8,13,16,18,21,21,25,7,8,11,16,16,21,17,25,-,-,-,-,-,-,-,-,-,-,-,-,-,-,-,-,40,6,11,51,7,.,65,4,0.68 ,0.42 ,104,11,7,39,0.38 ,-,1
2025/2026,A1,Play_Off_Challenge ,GroupB,5,-,4011,21/3/2026 ,21:15,3.668,-,O,Prosecco Doc A.Carraro Imoco Conegliano,Imoco Volley Conegliano,3,0,8,6,16,8,21,10,25,12,8,5,16,13,21,18,25,21,8,7,16,11,21,16,25,17,-,-,-,-,-,-,-,-,-,-,-,-,-,-,-,-,57,24,42,74,9,1,44,4,0.57 ,0.36 ,89,1,1,49,0.55 ,-,7
2025/2026,A1,Play_Off_Challenge ,GroupB,6,-,4012,22/3/2026 ,15:00,4.883,-,C,Numia Vero Volley Milano,Vero Volley,3,2,7,8,12,16,20,21,24,26,1,8,5,16,12,21,13,25,8,7,16,10,21,13,25,15,8,7,16,13,21,15,25,16,5,2,10,5,12,6,15,6,90,39,53,101,8,2,83,9,0.59 ,0.36 ,153,10,10,78,0.51 ,-,10
2025/2026,A1,Regular_Season,1st,1,-,4012,22/3/2026 ,15:00,4.883,-,O,Savino Del Bene Scandicci,Savino Del Bene Scandicci,2,3,8,7,16,12,21,20,26,24,8,1,16,5,21,12,25,13,7,8,10,16,13,21,15,25,7,8,13,16,15,21,16,25,2,5,5,10,6,12,6,15,66,21,39,89,6,6,93,9,0.57 ,0.28 ,138,2,10,50,0.36 ,-,10
2025/2026,A1,Regular_Season,1st,2,-,4013,24/3/2026 ,20:30,5.28,-,C,Prosecco Doc A.Carraro Imoco Conegliano,Imoco Volley Conegliano,3,1,6,8,11,16,17,21,18,25,6,8,16,12,21,15,25,20,8,5,16,14,21,19,28,26,6,8,14,16,19,21,25,23,-,-,-,-,-,-,-,-,71,23,30,95,15,2,87,9,0.59 ,0.39 ,151,14,3,60,0.40 ,-,9
2025/2026,A1,Regular_Season,1st,3,-,4013,24/3/2026 ,20:30,5.28,-,O,Igor Gorgonzola Novara,Igor Novara,1,3,8,6,16,11,21,17,25,18,8,6,12,16,15,21,20,25,5,8,14,16,19,21,26,28,8,6,16,14,21,19,23,25,-,-,-,-,-,-,-,-,65,22,28,95,8,7,80,6,0.70 ,0.53 ,150,14,9,55,0.37 ,-,3
2025/2026,A1,Regular_Season,1st,4,-,4014,25/3/2026 ,20:30,2.636,-,C,Savino Del Bene Scandicci,Savino Del Bene Scandicci,3,1,8,4,16,12,21,18,25,21,8,4,16,12,21,18,24,26,8,7,16,13,21,17,25,22,5,8,16,14,21,19,25,20,-,-,-,-,-,-,-,-,75,23,45,98,11,4,82,7,0.59 ,0.30 ,125,5,7,61,0.49 ,-,10
2025/2026,A1,Regular_Season,1st,5,-,4014,25/3/2026 ,20:30,2.636,-,O,Numia Vero Volley Milano,Vero Volley,1,3,4,8,12,16,18,21,21,25,4,8,12,16,18,21,26,24,7,8,13,16,17,21,22,25,8,5,14,16,19,21,20,25,-,-,-,-,-,-,-,-,69,22,30,90,8,2,87,6,0.62 ,0.30 ,139,15,10,60,0.43 ,-,7
2025/2026,A1,Regular_Season,1st,6,-,4015,29/3/2026 ,20:30,4.262,-,C,Numia Vero Volley Milano,Vero Volley,3,1,5,8,16,14,20,21,28,26,6,8,16,14,18,21,19,25,8,6,16,12,21,17,25,21,8,7,16,15,21,18,25,22,-,-,-,-,-,-,-,-,81,28,43,96,10,1,91,5,0.58 ,0.38 ,146,13,10,70,0.48 ,-,10
2025/2026,A1,Regular_Season,1st,7,-,4015,29/3/2026 ,20:30,4.262,-,O,Savino Del Bene Scandicci,Savino Del Bene Scandicci,1,3,8,5,14,16,21,20,26,28,8,6,14,16,21,18,25,19,6,8,12,16,17,21,21,25,7,8,15,16,18,21,22,25,-,-,-,-,-,-,-,-,71,29,45,96,5,3,86,4,0.64 ,0.36 ,143,7,10,58,0.41 ,-,10
2025/2026,A1,Regular_Season,1st,8,-,4016,11/4/2026 ,20:30,5.344,-,C,Prosecco Doc A.Carraro Imoco Conegliano,Imoco Volley Conegliano,3,2,8,3,16,9,21,14,25,20,5,8,13,16,17,21,25,27,8,7,14,16,18,21,20,25,7,8,14,16,21,20,27,25,3,5,8,10,12,11,15,13,87,30,45,112,14,3,97,6,0.59 ,0.36 ,161,11,11,70,0.43 ,-,14
2025/2026,A1,Regular_Season,1st,9,-,4016,11/4/2026 ,20:30,5.344,-,O,Numia Vero Volley Milano,Vero Volley,2,3,3,8,9,16,14,21,20,25,8,5,16,13,21,17,27,25,7,8,16,14,21,18,25,20,8,7,16,14,20,21,25,27,5,3,10,8,11,12,13,15,85,29,43,110,13,3,98,5,0.64 ,0.42 ,163,10,14,71,0.44 ,-,11
2025/2026,A1,Regular_Season,1st,10,-,4017,15/4/2026 ,20:30,5.296,-,C,Numia Vero Volley Milano,Vero Volley,0,3,7,8,10,16,15,21,21,25,5,8,11,16,16,21,19,25,8,6,13,16,17,21,18,25,-,-,-,-,-,-,-,-,-,-,-,-,-,-,-,-,48,10,20,59,9,3,69,5,0.70 ,0.52 ,102,6,8,39,0.38 ,-,6
2025/2026,A1,Regular_Season,1st,11,-,4017,15/4/2026 ,20:30,5.296,-,O,Prosecco Doc A.Carraro Imoco Conegliano,Imoco Volley Conegliano,3,0,8,7,16,10,21,15,25,21,8,5,16,11,21,16,25,19,6,8,16,13,21,17,25,18,-,-,-,-,-,-,-,-,-,-,-,-,-,-,-,-,60,24,42,74,5,3,50,3,0.62 ,0.44 ,96,4,6,49,0.51 ,-,8
2025/2026,A1,Regular_Season,1st,12,-,4018,19/4/2026 ,18:05,5.344,-,C,Prosecco Doc A.Carraro Imoco Conegliano,Imoco Volley Conegliano,1,3,6,8,13,16,17,21,20,25,6,8,16,14,21,17,25,20,7,8,15,16,20,21,28,30,4,8,11,16,18,21,20,25,-,-,-,-,-,-,-,-,72,19,31,94,17,3,86,8,0.59 ,0.44 ,132,7,9,62,0.47 ,-,7
2025/2026,A1,Regular_Season,1st,13,-,4018,19/4/2026 ,18:05,5.344,-,O,Numia Vero Volley Milano,Vero Volley,3,1,8,6,16,13,21,17,25,20,8,6,14,16,17,21,20,25,8,7,16,15,21,20,30,28,8,4,16,11,21,18,25,20,-,-,-,-,-,-,-,-,75,24,41,99,13,3,77,8,0.58 ,0.43 ,132,6,7,63,0.48 ,-,9
2025/2026,A1,Regular_Season,2nd,1,-,4019,22/4/2026 ,20:30,5.296,-,C,Numia Vero Volley Milano,Vero Volley,0,3,3,8,9,16,14,21,17,25,5,8,11,16,18,21,22,25,5,8,13,16,18,21,22,25,-,-,-,-,-,-,-,-,-,-,-,-,-,-,-,-,50,12,24,62,7,.,68,1,0.71 ,0.51 ,121,15,3,49,0.40 ,-,1
2025/2026,A1,Regular_Season,2nd,2,-,4019,22/4/2026 ,20:30,5.296,-,O,Prosecco Doc A.Carraro Imoco Conegliano,Imoco Volley Conegliano,3,0,8,3,16,9,21,14,25,17,8,5,16,11,21,18,25,22,8,5,16,13,21,18,25,22,-,-,-,-,-,-,-,-,-,-,-,-,-,-,-,-,51,14,36,74,6,1,55,3,0.67 ,0.51 ,89,5,1,47,0.53 ,-,3
2025/2026,A1,Regular_Season,2nd,3,-,5023,30/12/2025 ,19:00,1.647,-,C,Savino Del Bene Scandicci,Savino Del Bene Scandicci,3,2,8,6,16,13,21,17,25,19,8,6,16,14,21,19,25,22,8,4,16,12,20,21,20,25,6,8,12,16,18,21,22,25,5,3,10,8,12,10,18,16,87,30,49,110,14,2,98,8,0.69 ,0.60 ,158,6,10,72,0.46 ,-,13
2025/2026,A1,Regular_Season,2nd,4,-,5023,30/12/2025 ,19:00,1.647,-,O,Megabox Ond. Savio Vallefoglia,Megabox Vallefoglia,2,3,6,8,13,16,17,21,19,25,6,8,14,16,19,21,22,25,4,8,12,16,21,20,25,20,8,6,16,12,21,18,25,22,3,5,8,10,10,12,16,18,84,28,43,107,9,2,96,7,0.59 ,0.45 ,158,12,13,72,0.46 ,-,10
2025/2026,A1,Regular_Season,2nd,5,-,5021,30/12/2025 ,20:00,5.203,-,C,Prosecco Doc A.Carraro Imoco Conegliano,Imoco Volley Conegliano,3,1,8,7,16,14,20,21,26,28,8,4,16,13,21,17,25,21,8,4,16,7,21,12,25,14,8,7,16,12,21,19,25,23,-,-,-,-,-,-,-,-,77,26,39,100,15,3,71,8,0.58 ,0.35 ,142,9,6,66,0.46 ,-,8
2025/2026,A1,Regular_Season,2nd,6,-,5021,30/12/2025 ,20:00,5.203,-,O,Bergamo,Volley Bergamo 1991,1,3,7,8,14,16,21,20,28,26,4,8,13,16,17,21,21,25,4,8,7,16,12,21,14,25,7,8,12,16,19,21,23,25,-,-,-,-,-,-,-,-,61,15,25,87,16,2,85,6,0.53 ,0.31 ,135,6,8,53,0.39 ,-,6
2025/2026,A1,Regular_Season,2nd,7,-,5022,30/12/2025 ,20:00,3.768,-,C,Igor Gorgonzola Novara,Igor Novara,3,1,6,8,14,16,18,21,21,25,8,7,16,12,21,17,26,24,8,5,16,12,21,15,25,19,8,5,16,11,21,16,25,18,-,-,-,-,-,-,-,-,71,22,32,96,18,7,74,7,0.64 ,0.47 ,98,6,8,57,0.58 ,-,7
2025/2026,A1,Regular_Season,2nd,8,-,5022,30/12/2025 ,20:00,3.768,-,O,Numia Vero Volley Milano,Vero Volley,1,3,8,6,16,14,21,18,25,21,7,8,12,16,17,21,24,26,5,8,12,16,15,21,19,25,5,8,11,16,16,21,18,25,-,-,-,-,-,-,-,-,61,18,23,87,13,2,78,9,0.56 ,0.42 ,98,9,7,51,0.52 ,-,8
2025/2026,A1,Regular_Season,2nd,9,-,5024,30/12/2025 ,20:30,1.358,-,C,Reale Mutua Fenera Chieri,Fenera Chieri '76,3,2,8,4,16,11,21,16,25,27,8,7,16,13,21,19,25,22,8,6,16,13,20,21,25,27,5,8,16,14,21,16,25,20,5,4,10,7,12,7,15,8,84,31,42,115,15,1,94,3,0.73 ,0.38 ,197,14,10,73,0.37 ,-,10
2025/2026,A1,Regular_Season,2nd,10,-,5024,30/12/2025 ,20:30,1.358,-,O,Eurotek Laica Uyba,Uyba Busto Arsizio,2,3,4,8,11,16,16,21,27,25,7,8,13,16,19,21,22,25,6,8,13,16,21,20,27,25,8,5,14,16,16,21,20,25,4,5,7,10,7,12,8,15,74,23,29,104,10,2,100,5,0.69 ,0.27 ,176,20,10,62,0.35 ,-,10
2025/2026,A1,Regular_Season,2nd,11,-,5025,24/1/2026 ,15:30,12.327,-,C,Prosecco Doc A.Carraro Imoco Conegliano,Imoco Volley Conegliano,3,0,7,8,16,13,21,18,25,23,8,6,16,13,21,16,25,20,8,3,16,12,21,19,25,21,-,-,-,-,-,-,-,-,-,-,-,-,-,-,-,-,50,19,23,74,11,3,54,4,0.65 ,0.44 ,93,8,4,40,0.43 ,-,7
2025/2026,A1,Regular_Season,2nd,12,-,5025,24/1/2026 ,15:30,12.327,-,O,Igor Gorgonzola Novara,Igor Novara,0,3,8,7,13,16,18,21,23,25,6,8,13,16,16,21,20,25,3,8,12,16,19,21,21,25,-,-,-,-,-,-,-,-,-,-,-,-,-,-,-,-,45,11,13,65,11,2,63,3,0.81 ,0.44 ,110,11,7,39,0.35 ,-,4
2025/2026,A1,Regular_Season,2nd,13,-,5026,24/1/2026 ,18:00,12.327,-,C,Savino Del Bene Scandicci,Savino Del Bene Scandicci,3,2,8,6,16,14,21,18,25,22,6,8,14,16,19,21,22,25,8,5,16,10,21,13,25,20,7,8,16,14,20,21,22,25,5,3,10,6,12,7,15,8,84,23,51,108,15,5,91,4,0.67 ,0.38 ,146,6,8,66,0.45 ,-,13
2025/2026,A1,Play_Off,Quarter,1 ,-,5026,24/1/2026 ,18:00,12.327,-,O,Reale Mutua Fenera Chieri,Fenera Chieri '76,2,3,6,8,14,16,18,21,22,25,8,6,16,14,21,19,25,22,5,8,10,16,13,21,20,25,8,7,14,16,21,20,25,22,3,5,6,10,7,12,8,15,78,23,35,101,10,1,93,9,0.48 ,0.29 ,149,11,13,69,0.46 ,-,8
2025/2026,A1,Play_Off,Quarter,2 ,-,5027,25/1/2026 ,15:05,12.853,-,C,Prosecco Doc A.Carraro Imoco Conegliano,Imoco Volley Conegliano,3,0,8,4,13,16,19,21,31,29,7,8,14,16,19,21,26,24,8,7,15,16,21,19,27,25,-,-,-,-,-,-,-,-,-,-,-,-,-,-,-,-,71,25,44,82,10,.,73,6,0.62 ,0.40 ,127,7,4,59,0.46 ,-,12
2025/2026,A1,Play_Off,Semifinal,1 ,-,5027,25/1/2026 ,15:05,12.853,-,O,Savino Del Bene Scandicci,Savino Del Bene Scandicci,0,3,4,8,16,13,21,19,29,31,8,7,16,14,21,19,24,26,7,8,16,15,19,21,25,27,-,-,-,-,-,-,-,-,-,-,-,-,-,-,-,-,58,18,32,80,7,5,72,1,0.76 ,0.64 ,120,6,12,49,0.41 ,-,4
2025/2026,A1,Play_Off,Semifinal,2 ,-,5001,18/10/2025 ,17:30,6.807,-,C,Prosecco Doc A.Carraro Imoco Conegliano,Imoco Volley Conegliano,2,3,8,5,16,13,21,17,25,18,8,4,16,12,19,21,22,25,8,7,11,16,17,21,20,25,8,4,16,7,21,10,25,13,2,5,7,10,9,12,12,15,76,26,41,105,12,1,83,4,0.67 ,0.49 ,156,8,11,68,0.44 ,-,7
2025/2026,A1,Play_Off,Semifinal,3 ,-,5001,18/10/2025 ,17:30,6.807,-,O,Numia Vero Volley Milano,Vero Volley,3,2,5,8,13,16,17,21,18,25,4,8,12,16,21,19,25,22,7,8,16,11,21,17,25,20,4,8,7,16,10,21,13,25,5,2,10,7,12,9,15,12,75,25,40,95,12,4,93,2,0.68 ,0.39 ,160,14,7,60,0.38 ,-,11
2025/2026,A1,Coppa_Italia,Quarter,-,-,4052,18/4/2026 ,20:00,1.362,-,C,Reale Mutua Fenera Chieri,Fenera Chieri '76,3,0,7,8,16,14,21,19,25,23,8,2,16,13,21,16,25,18,8,4,16,8,21,12,25,15,-,-,-,-,-,-,-,-,-,-,-,-,-,-,-,-,57,22,32,73,12,2,52,4,0.69 ,0.19 ,97,4,5,47,0.48 ,-,8
2025/2026,A1,Coppa_Italia,Semifinal,-,-,4052,18/4/2026 ,20:00,1.362,-,O,Honda Cuneo Granda Volley,Honda Cuneo Granda Volley,0,3,8,7,14,16,19,21,23,25,2,8,13,16,16,21,18,25,4,8,8,16,12,21,15,25,-,-,-,-,-,-,-,-,-,-,-,-,-,-,-,-,39,11,10,58,6,2,61,6,0.64 ,0.25 ,89,9,8,32,0.36 ,-,5
2025/2026,A1,Regular_Season,1st,1,-,4028,28/2/2026 ,18:00,174,-,C,Il Bisonte Firenze,Azzurra Volley Firenze,0,3,8,7,12,16,17,21,19,25,2,8,9,16,12,21,12,25,5,8,13,16,20,21,30,32,-,-,-,-,-,-,-,-,-,-,-,-,-,-,-,-,41,14,2,62,9,3,70,8,0.50 ,0.16 ,135,13,9,34,0.25 ,-,4
2025/2026,A1,Regular_Season,1st,2,-,4028,28/2/2026 ,18:00,174,-,O,Cbf Balducci Hr Macerata,Helvia Recina Volley Macerata,3,0,7,8,16,12,21,17,25,19,8,2,16,9,21,12,25,12,8,5,16,13,21,20,32,30,-,-,-,-,-,-,-,-,-,-,-,-,-,-,-,-,59,30,29,81,11,3,53,6,0.58 ,0.32 ,120,8,4,47,0.39 ,-,9
2025/2026,A1,Regular_Season,1st,3,-,4029,25/3/2026 ,20:00,751,-,C,Reale Mutua Fenera Chieri,Fenera Chieri '76,3,0,7,8,13,16,19,21,28,26,8,5,16,11,21,13,25,16,8,4,16,11,21,18,25,21,-,-,-,-,-,-,-,-,-,-,-,-,-,-,-,-,58,16,37,77,13,.,55,2,0.60 ,0.25 ,109,5,1,51,0.47 ,-,7
2025/2026,A1,Regular_Season,1st,4,-,4029,25/3/2026 ,20:00,751,-,O,Eurotek Laica Uyba,Uyba Busto Arsizio,0,3,8,7,16,13,21,19,26,28,5,8,11,16,13,21,16,25,4,8,11,16,18,21,21,25,-,-,-,-,-,-,-,-,-,-,-,-,-,-,-,-,45,7,17,64,9,1,64,1,0.48 ,0.22 ,111,11,7,43,0.39 ,-,1
2025/2026,A1,Regular_Season,1st,5,-,4030,15/3/2026 ,17:00,1.013,-,C,Reale Mutua Fenera Chieri,Fenera Chieri '76,3,0,8,6,16,14,19,21,26,24,8,5,16,11,21,15,25,18,8,2,16,11,21,18,25,20,-,-,-,-,-,-,-,-,-,-,-,-,-,-,-,-,57,23,25,74,14,2,58,9,0.57 ,0.22 ,97,7,2,44,0.45 ,-,11
2025/2026,A1,Regular_Season,1st,6,-,4030,15/3/2026 ,17:00,1.013,-,O,Cbf Balducci Hr Macerata,Helvia Recina Volley Macerata,0,3,6,8,14,16,21,19,24,26,5,8,11,16,15,21,18,25,2,8,11,16,18,21,20,25,-,-,-,-,-,-,-,-,-,-,-,-,-,-,-,-,41,17,7,64,6,5,60,5,0.60 ,0.10 ,108,12,11,34,0.31 ,-,2
2025/2026,A1,Regular_Season,1st,7,-,4031,15/3/2026 ,17:00,268,-,C,Il Bisonte Firenze,Azzurra Volley Firenze,3,1,6,8,11,16,15,21,18,25,8,6,16,14,21,18,25,21,8,2,16,7,21,8,25,9,7,8,14,16,18,21,25,21,-,-,-,-,-,-,-,-,71,31,43,92,8,5,69,2,0.55 ,0.38 ,156,10,8,54,0.35 ,-,12
2025/2026,A1,Regular_Season,1st,8,-,4031,15/3/2026 ,17:00,268,-,O,Eurotek Laica Uyba,Uyba Busto Arsizio,1,3,8,6,16,11,21,15,25,18,6,8,14,16,18,21,21,25,2,8,7,16,8,21,9,25,8,7,16,14,21,18,21,25,-,-,-,-,-,-,-,-,58,20,19,77,8,.,84,7,0.35 ,0.30 ,149,11,12,50,0.34 ,-,8
2025/2026,A1,Regular_Season,1st,9,-,4032,22/3/2026 ,17:00,315,-,C,Il Bisonte Firenze,Azzurra Volley Firenze,1,3,8,5,16,15,21,18,25,20,6,8,11,16,14,21,21,25,4,8,11,16,14,21,15,25,8,5,12,16,15,21,15,25,-,-,-,-,-,-,-,-,56,23,6,77,9,6,81,17,0.47 ,0.20 ,137,10,14,45,0.33 ,-,5
2025/2026,A1,Regular_Season,1st,10,-,4032,22/3/2026 ,17:00,315,-,O,Reale Mutua Fenera Chieri,Fenera Chieri '76,3,1,5,8,15,16,18,21,20,25,8,6,16,11,21,14,25,21,8,4,16,11,21,14,25,15,5,8,16,12,21,15,25,15,-,-,-,-,-,-,-,-,76,39,42,94,13,8,68,10,0.41 ,0.18 ,121,6,5,54,0.45 ,-,14
2025/2026,A1,Regular_Season,1st,11,-,4033,22/3/2026 ,17:00,1.059,-,C,Eurotek Laica Uyba,Uyba Busto Arsizio,3,2,8,4,16,12,21,16,25,18,8,3,16,7,21,10,25,13,3,8,14,16,17,21,19,25,8,4,15,16,18,21,21,25,5,4,7,10,12,10,15,12,81,32,43,105,14,6,85,4,0.53 ,0.31 ,170,9,11,67,0.39 ,-,8
2025/2026,A1,Regular_Season,1st,12,-,4033,22/3/2026 ,17:00,1.059,-,O,Cbf Balducci Hr Macerata,Helvia Recina Volley Macerata,2,3,4,8,12,16,16,21,18,25,3,8,7,16,10,21,13,25,8,3,16,14,21,17,25,19,4,8,16,15,21,18,25,21,4,5,10,7,10,12,12,15,68,22,32,93,8,4,91,7,0.64 ,0.31 ,162,13,8,53,0.33 ,-,11
2025/2026,A1,Regular_Season,1st,13,-,4034,7/3/2026 ,18:00,420,-,C,Cbf Balducci Hr Macerata,Helvia Recina Volley Macerata,1,3,5,8,16,14,21,17,25,18,4,8,12,16,16,21,23,25,6,8,10,16,14,21,20,25,4,8,9,16,9,21,9,25,-,-,-,-,-,-,-,-,52,17,8,78,10,.,78,13,0.42 ,0.19 ,138,9,12,48,0.35 ,-,4
2025/2026,A1,Regular_Season,2nd,1,-,4034,7/3/2026 ,18:00,420,-,O,Il Bisonte Firenze,Azzurra Volley Firenze,3,1,8,5,14,16,17,21,18,25,8,4,16,12,21,16,25,23,8,6,16,10,21,14,25,20,8,4,16,9,21,9,25,9,-,-,-,-,-,-,-,-,71,36,41,92,14,12,68,3,0.51 ,0.24 ,123,8,4,47,0.38 ,-,12
2025/2026,A1,Regular_Season,2nd,2,-,4035,4/4/2026 ,17:00,1.132,-,C,Eurotek Laica Uyba,Uyba Busto Arsizio,3,0,8,2,16,9,21,13,25,18,7,8,15,16,21,19,25,21,8,5,16,11,21,17,26,24,-,-,-,-,-,-,-,-,-,-,-,-,-,-,-,-,51,20,27,75,9,4,54,1,0.56 ,0.30 ,106,8,6,41,0.39 ,-,6
2025/2026,A1,Regular_Season,2nd,3,-,4035,4/4/2026 ,17:00,1.132,-,O,Reale Mutua Fenera Chieri,Fenera Chieri '76,0,3,2,8,9,16,13,21,18,25,8,7,16,15,19,21,21,25,5,8,11,16,17,21,24,26,-,-,-,-,-,-,-,-,-,-,-,-,-,-,-,-,46,12,13,64,10,1,66,4,0.56 ,0.26 ,116,13,6,39,0.34 ,-,6
2025/2026,A1,Regular_Season,2nd,4,-,4036,28/3/2026 ,18:00,250,-,C,Cbf Balducci Hr Macerata,Helvia Recina Volley Macerata,1,3,8,3,16,8,21,11,25,13,8,7,16,12,19,21,23,25,5,8,13,16,15,21,19,25,4,8,9,16,13,21,19,25,-,-,-,-,-,-,-,-,-,-,-,-,-,-,-,-,-,-,-,-,-,-,-,-,-
2025/2026,A1,Regular_Season,2nd,5,-,4036,28/3/2026 ,18:00,250,-,O,Reale Mutua Fenera Chieri,Fenera Chieri '76,3,1,3,8,8,16,11,21,13,25,7,8,12,16,21,19,25,23,8,5,16,13,21,15,25,19,8,4,16,9,21,13,25,19,-,-,-,-,-,-,-,-,-,-,-,-,-,-,-,-,-,-,-,-,-,-,-,-,-
2025/2026,A1,Regular_Season,2nd,6,-,4037,30/3/2026 ,20:00,842,-,C,Eurotek Laica Uyba,Uyba Busto Arsizio,3,0,7,8,16,13,21,17,25,21,8,2,16,7,21,11,25,15,6,8,16,12,21,17,25,20,-,-,-,-,-,-,-,-,-,-,-,-,-,-,-,-,52,25,30,74,13,1,43,5,0.40 ,0.26 ,87,3,1,42,0.48 ,-,9
2025/2026,A1,Regular_Season,2nd,7,-,4037,30/3/2026 ,20:00,842,-,O,Il Bisonte Firenze,Azzurra Volley Firenze,0,3,8,7,13,16,17,21,21,25,2,8,7,16,11,21,15,25,8,6,12,16,17,21,20,25,-,-,-,-,-,-,-,-,-,-,-,-,-,-,-,-,39,11,4,57,14,5,61,3,0.70 ,0.36 ,95,9,9,33,0.35 ,-,1
2025/2026,A1,Regular_Season,2nd,8,-,4038,12/4/2026 ,17:00,1.027,-,C,Reale Mutua Fenera Chieri,Fenera Chieri '76,3,0,8,7,16,12,21,18,25,22,8,7,16,13,21,17,25,23,8,6,16,14,21,17,25,20,-,-,-,-,-,-,-,-,-,-,-,-,-,-,-,-,60,22,31,73,11,2,62,6,0.40 ,0.11 ,98,10,2,52,0.53 ,-,6
2025/2026,A1,Regular_Season,2nd,9,-,4038,12/4/2026 ,17:00,1.027,-,O,Il Bisonte Firenze,Azzurra Volley Firenze,0,3,7,8,12,16,18,21,22,25,7,8,13,16,17,21,23,25,6,8,14,16,17,21,20,25,-,-,-,-,-,-,-,-,-,-,-,-,-,-,-,-,43,11,20,67,5,3,62,3,0.68 ,0.39 ,97,9,6,38,0.39 ,-,2
2025/2026,A1,Regular_Season,2nd,10,-,4039,12/4/2026 ,17:00,320,-,C,Cbf Balducci Hr Macerata,Helvia Recina Volley Macerata,2,3,8,6,16,13,21,19,25,22,8,2,16,13,18,21,24,26,8,6,14,16,20,21,25,23,6,8,15,16,18,21,23,25,5,2,10,7,12,10,15,17,92,37,31,113,10,4,104,20,0.56 ,0.23 ,190,16,15,79,0.42 ,-,9
2025/2026,A1,Regular_Season,2nd,11,-,4039,12/4/2026 ,17:00,320,-,O,Eurotek Laica Uyba,Uyba Busto Arsizio,3,2,6,8,13,16,19,21,22,25,2,8,13,16,21,18,26,24,6,8,16,14,21,20,23,25,8,6,16,15,21,18,25,23,2,5,7,10,10,12,17,15,85,32,49,112,8,9,103,9,0.51 ,0.17 ,184,10,9,61,0.33 ,-,15
2025/2026,A1,Regular_Season,2nd,12,-,4040,1/3/2026 ,17:00,1.162,-,C,Honda Cuneo Granda Volley,Honda Cuneo Granda Volley,3,1,5,8,16,12,21,14,25,18,7,8,16,14,21,20,23,25,8,5,16,15,21,20,25,23,8,5,16,12,21,16,25,19,-,-,-,-,-,-,-,-,-,-,-,-,-,-,-,-,-,-,-,-,-,-,-,-,-
2025/2026,A1,Regular_Season,2nd,13,-,4040,1/3/2026 ,17:00,1.162,-,O,Omag-Mt San Giovanni In M.No,San Giovanni In Marignano,1,3,8,5,12,16,14,21,18,25,8,7,14,16,20,21,25,23,5,8,15,16,20,21,23,25,5,8,12,16,16,21,19,25,-,-,-,-,-,-,-,-,-,-,-,-,-,-,-,-,-,-,-,-,-,-,-,-,-
2025/2026,A1,Play_Off_Challenge ,GroupA,1,-,4041,26/3/2026 ,20:30,300,-,C,Megabox Ond. Savio Vallefoglia,Megabox Vallefoglia,3,0,7,8,14,16,21,18,25,22,8,3,16,8,21,16,25,19,8,7,16,15,21,18,25,20,-,-,-,-,-,-,-,-,-,-,-,-,-,-,-,-,52,22,27,73,4,2,49,3,0.61 ,0.33 ,107,11,7,40,0.37 ,-,10
2025/2026,A1,Play_Off_Challenge ,GroupA,2,-,4041,26/3/2026 ,20:30,300,-,O,Bergamo,Volley Bergamo 1991,0,3,8,7,16,14,18,21,22,25,3,8,8,16,16,21,19,25,7,8,15,16,18,21,20,25,-,-,-,-,-,-,-,-,-,-,-,-,-,-,-,-,43,11,9,62,13,2,69,6,0.45 ,0.25 ,112,5,10,34,0.30 ,-,7
2025/2026,A1,Play_Off_Challenge ,GroupA,3,-,4042,14/3/2026 ,20:30,281,-,C,Megabox Ond. Savio Vallefoglia,Megabox Vallefoglia,1,3,8,7,16,15,18,21,20,25,5,8,14,16,19,21,25,27,7,8,16,15,21,18,25,22,7,8,15,16,19,21,22,25,-,-,-,-,-,-,-,-,67,22,16,93,16,4,87,9,0.57 ,0.26 ,139,11,15,52,0.37 ,-,11
2025/2026,A1,Play_Off_Challenge ,GroupA,4,-,4042,14/3/2026 ,20:30,281,-,O,Omag-Mt San Giovanni In M.No,San Giovanni In Marignano,3,1,7,8,15,16,21,18,25,20,8,5,16,14,21,19,27,25,8,7,15,16,18,21,22,25,8,7,16,15,21,19,25,22,-,-,-,-,-,-,-,-,67,31,26,98,11,5,77,6,0.58 ,0.22 ,129,13,11,47,0.36 ,-,15
2025/2026,A1,Play_Off_Challenge ,GroupA,5,-,4043,15/3/2026 ,17:00,1.237,-,C,Honda Cuneo Granda Volley,Honda Cuneo Granda Volley,3,2,4,8,15,16,19,21,21,25,8,4,16,9,21,13,25,19,8,3,16,9,21,15,25,19,2,8,12,16,16,21,19,25,2,5,10,7,12,9,15,10,78,34,36,105,10,8,84,9,0.60 ,0.29 ,155,10,13,63,0.41 ,-,7
2025/2026,A1,Play_Off_Challenge ,GroupA,6,-,4043,15/3/2026 ,17:00,1.237,-,O,Bergamo,Volley Bergamo 1991,2,3,8,4,16,15,21,19,25,21,4,8,9,16,13,21,19,25,3,8,9,16,15,21,19,25,8,2,16,12,21,16,25,19,5,2,7,10,9,12,10,15,74,30,29,98,14,3,95,15,0.51 ,0.24 ,144,9,7,58,0.40 ,-,13
2025/2026,A2,Pool_Promozione,1st,1,-,4045,20/3/2026 ,20:00,893,-,C,Bergamo,Volley Bergamo 1991,3,2,8,6,14,16,21,20,22,25,5,8,16,10,21,12,25,17,5,8,11,16,13,21,17,25,8,6,15,16,21,18,25,19,5,4,10,6,12,7,15,8,81,32,43,104,14,4,86,6,0.56 ,0.41 ,157,11,7,61,0.39 ,-,16
2025/2026,A2,Pool_Promozione,1st,2,-,4045,20/3/2026 ,20:00,893,-,O,Omag-Mt San Giovanni In M.No,San Giovanni In Marignano,2,3,6,8,16,14,20,21,25,22,8,5,10,16,12,21,17,25,8,5,16,11,21,13,25,17,6,8,16,15,18,21,19,25,4,5,6,10,7,12,8,15,64,23,17,94,8,3,90,10,0.60 ,0.37 ,160,14,15,54,0.34 ,-,7
2025/2026,A2,Pool_Promozione,1st,3,-,4044,22/3/2026 ,17:00,1.194,-,C,Honda Cuneo Granda Volley,Honda Cuneo Granda Volley,1,3,8,7,14,16,19,21,21,25,7,8,16,14,21,19,25,27,8,7,16,15,21,19,32,30,5,8,16,15,19,21,23,25,-,-,-,-,-,-,-,-,79,24,36,102,15,6,96,5,0.59 ,0.23 ,159,13,10,61,0.38 ,-,12
2025/2026,A2,Pool_Promozione,1st,4,-,4044,22/3/2026 ,17:00,1.194,-,O,Megabox Ond. Savio Vallefoglia,Megabox Vallefoglia,3,1,7,8,16,14,21,19,25,21,8,7,14,16,19,21,27,25,7,8,15,16,19,21,30,32,8,5,15,16,21,19,25,23,-,-,-,-,-,-,-,-,75,25,34,105,9,.,87,8,0.49 ,0.28 ,154,12,12,65,0.42 ,-,10
2025/2026,A2,Pool_Promozione,1st,5,-,4046,8/3/2026 ,17:00,462,-,C,Omag-Mt San Giovanni In M.No,San Giovanni In Marignano,0,3,5,8,5,16,7,21,10,25,2,8,10,16,11,21,14,25,3,8,10,16,18,21,24,26,-,-,-,-,-,-,-,-,-,-,-,-,-,-,-,-,-,-,-,-,-,-,-,-,-,-,-,-,-,-,-,-,-
2025/2026,A2,Pool_Promozione,2nd,1,-,4046,8/3/2026 ,17:00,462,-,O,Honda Cuneo Granda Volley,Honda Cuneo Granda Volley,3,0,8,5,16,5,21,7,25,10,8,2,16,10,21,11,25,14,8,3,16,10,21,18,26,24,-,-,-,-,-,-,-,-,-,-,-,-,-,-,-,-,-,-,-,-,-,-,-,-,-,-,-,-,-,-,-,-,-
2025/2026,A2,Pool_Promozione,2nd,2,-,4047,3/4/2026 ,20:00,1.006,-,C,Bergamo,Volley Bergamo 1991,3,2,8,7,14,16,20,21,23,25,8,7,14,16,21,18,25,20,2,8,15,16,21,17,25,19,8,3,15,16,21,20,24,26,5,3,10,6,12,7,15,9,83,38,42,111,14,11,88,10,0.58 ,0.45 ,151,7,10,58,0.38 ,-,14
2025/2026,A2,Pool_Promozione,2nd,3,-,4047,3/4/2026 ,20:00,1.006,-,O,Megabox Ond. Savio Vallefoglia,Megabox Vallefoglia,2,3,7,8,16,14,21,20,25,23,7,8,16,14,18,21,20,25,8,2,16,15,17,21,19,25,3,8,16,15,20,21,26,24,3,5,6,10,7,12,9,15,76,34,23,100,12,7,97,12,0.49 ,0.34 ,149,15,14,59,0.40 ,-,10
2025/2026,A2,Pool_Promozione,2nd,4,-,4048,30/3/2026 ,20:00,424,-,C,Omag-Mt San Giovanni In M.No,San Giovanni In Marignano,3,2,8,3,16,14,18,21,21,25,8,5,16,14,21,19,26,24,5,8,12,16,17,21,20,25,8,4,16,12,21,20,30,28,5,0,10,6,12,9,15,12,79,28,35,112,14,10,102,7,0.61 ,0.28 ,148,12,11,59,0.40 ,-,10
2025/2026,A2,Pool_Promozione,2nd,5,-,4048,30/3/2026 ,20:00,424,-,O,Megabox Ond. Savio Vallefoglia,Megabox Vallefoglia,2,3,3,8,14,16,21,18,25,21,5,8,14,16,19,21,24,26,8,5,16,12,21,17,25,20,4,8,12,16,20,21,28,30,0,5,6,10,9,12,12,15,87,37,34,114,12,4,98,16,0.53 ,0.29 ,159,15,10,72,0.45 ,-,11
2025/2026,A2,Regular_Season_GroupA,1st,1,-,4049,30/3/2026 ,20:00,865,-,C,Bergamo,Volley Bergamo 1991,2,3,6,8,16,13,21,17,25,18,5,8,13,16,18,21,23,25,8,5,14,16,21,19,23,25,8,4,16,15,21,17,29,27,5,3,10,4,11,12,12,15,82,31,32,113,15,4,98,8,0.50 ,0.33 ,177,13,14,63,0.36 ,-,15
2025/2026,A2,Regular_Season_GroupA,1st,2,-,4049,30/3/2026 ,20:00,865,-,O,Honda Cuneo Granda Volley,Honda Cuneo Granda Volley,3,2,8,6,13,16,17,21,18,25,8,5,16,13,21,18,25,23,5,8,16,14,19,21,25,23,4,8,15,16,17,21,27,29,3,5,4,10,12,11,15,12,75,31,21,109,11,5,98,13,0.40 ,0.27 ,167,15,15,56,0.34 ,-,14
2025/2026,A2,Regular_Season_GroupA,1st,3,-,4051,8/4/2026 ,20:00,468,-,C,Omag-Mt San Giovanni In M.No,San Giovanni In Marignano,2,3,6,8,14,16,19,21,22,25,8,7,16,12,21,16,25,23,8,4,16,12,21,17,25,20,5,8,13,16,18,21,24,26,4,5,6,10,9,12,10,15,69,27,24,106,14,6,87,9,0.56 ,0.28 ,141,8,14,54,0.38 ,-,9
2025/2026,A2,Regular_Season_GroupA,1st,4,-,4051,8/4/2026 ,20:00,468,-,O,Bergamo,Volley Bergamo 1991,3,2,8,6,16,14,21,19,25,22,7,8,12,16,16,21,23,25,4,8,12,16,17,21,20,25,8,5,16,13,21,18,26,24,5,4,10,6,12,9,15,10,86,31,32,109,22,5,92,11,0.49 ,0.14 ,143,12,9,67,0.47 ,-,14
2025/2026,A2,Regular_Season_GroupA,1st,6,-,4050,12/4/2026 ,17:00,681,-,C,Megabox Ond. Savio Vallefoglia,Megabox Vallefoglia,1,3,8,5,14,16,17,21,20,25,8,3,16,7,21,10,25,14,4,8,12,16,15,21,20,25,5,8,8,16,17,21,21,25,-,-,-,-,-,-,-,-,62,21,27,87,7,3,76,10,0.54 ,0.26 ,132,7,11,53,0.40 ,-,6
2025/2026,A2,Regular_Season_GroupA,1st,7,-,4050,12/4/2026 ,17:00,681,-,O,Honda Cuneo Granda Volley,Honda Cuneo Granda Volley,3,1,5,8,16,14,21,17,25,20,3,8,7,16,10,21,14,25,8,4,16,12,21,15,25,20,8,5,16,8,21,17,25,21,-,-,-,-,-,-,-,-,73,25,36,88,12,5,80,7,0.60 ,0.30 ,132,12,6,57,0.43 ,-,11
2025/2026,A2,Regular_Season_GroupA,1st,8,-,4205,31/1/2026 ,17:00,-,-,C,Itas Trentino,Trentino Volley,3,1,8,3,16,9,21,11,25,13,4,8,12,16,15,21,23,25,8,7,16,10,21,17,25,19,8,3,16,9,21,11,25,14,-,-,-,-,-,-,-,-,65,40,41,97,8,3,52,4,0.65 ,0.48 ,134,10,2,48,0.36 ,-,14
2025/2026,A2,Regular_Season_GroupA,1st,9,-,4205,31/1/2026 ,17:00,-,-,O,Futura Giovani Busto Arsizio,Futura Giovani Busto Arsizio,1,3,3,8,9,16,11,21,13,25,8,4,16,12,21,15,25,23,7,8,10,16,17,21,19,25,3,8,9,16,11,21,14,25,-,-,-,-,-,-,-,-,51,17,-4,72,20,2,89,10,0.53 ,0.35 ,151,11,14,47,0.31 ,-,2
2025/2026,A2,Regular_Season_GroupA,2nd,1,-,4201,1/2/2026 ,17:00,-,-,C,SMI Roma Volley,Roma Volley Club,2,3,8,7,11,16,21,19,25,23,5,8,10,16,14,21,14,25,8,7,16,12,21,15,25,19,4,8,13,16,18,21,20,25,2,5,9,10,9,12,14,16,74,24,36,99,13,4,98,4,0.54 ,0.34 ,172,11,10,63,0.37 ,-,7
2025/2026,A2,Regular_Season_GroupA,2nd,2,-,4201,1/2/2026 ,17:00,-,-,O,Olio Pantaleo Volley Fasano,Il Podio Fasano,3,2,7,8,16,11,19,21,23,25,8,5,16,10,21,14,25,14,7,8,12,16,15,21,19,25,8,4,16,13,21,18,25,20,5,2,10,9,12,9,16,14,76,31,38,105,7,4,86,7,0.51 ,0.26 ,166,17,7,62,0.37 ,-,10
2025/2026,A2,Regular_Season_GroupA,2nd,3,-,4202,1/2/2026 ,17:00,-,-,C,Cda Volley Talmassons Fvg,Volley Talmassons,3,0,8,2,16,6,21,8,25,11,7,8,16,15,21,15,25,21,8,4,16,13,21,19,25,21,-,-,-,-,-,-,-,-,-,-,-,-,-,-,-,-,57,27,39,71,7,3,45,2,0.78 ,0.24 ,94,3,6,41,0.44 ,-,13
2025/2026,A2,Regular_Season_GroupA,2nd,4,-,4202,1/2/2026 ,17:00,-,-,O,Gruppo Formula 3 Messina,Akademia Messina,0,3,2,8,6,16,8,21,11,25,8,7,15,16,15,21,21,25,4,8,13,16,19,21,21,25,-,-,-,-,-,-,-,-,-,-,-,-,-,-,-,-,41,11,7,52,7,2,64,6,0.64 ,0.20 ,101,8,13,33,0.33 ,-,6
2025/2026,A2,Regular_Season_GroupA,2nd,6,-,4203,1/2/2026 ,17:00,-,-,C,C.B.L. Costa Volpino,Pallavolo C.B.L Costa Volpino,1,3,3,8,11,16,18,21,28,26,8,6,14,16,17,21,21,25,7,8,12,16,19,21,25,27,7,8,15,16,17,21,22,25,-,-,-,-,-,-,-,-,69,28,26,97,7,4,89,6,0.62 ,0.42 ,161,13,17,51,0.32 ,-,14
2025/2026,A2,Regular_Season_GroupA,2nd,7,-,4203,1/2/2026 ,17:00,-,-,O,Nuvolì Altafratte Padova,Alta Fratte Volley Padova,3,1,8,3,16,11,21,18,26,28,6,8,16,14,21,17,25,21,8,7,16,12,21,19,27,25,8,7,16,15,21,17,25,22,-,-,-,-,-,-,-,-,82,35,39,102,13,4,90,7,0.66 ,0.41 ,155,8,15,61,0.39 ,-,17
2025/2026,A2,Regular_Season_GroupA,2nd,8,-,4204,2/2/2026 ,20:00,-,-,C,Valsabbina Millenium Brescia,Millenium Brescia,3,0,8,6,16,10,21,13,25,17,8,7,16,11,21,16,25,19,8,6,16,14,21,15,25,19,-,-,-,-,-,-,-,-,-,-,-,-,-,-,-,-,56,27,31,73,8,5,46,3,0.43 ,0.26 ,93,8,5,39,0.42 ,-,12
2025/2026,A2,Regular_Season_GroupA,2nd,9,-,4204,2/2/2026 ,20:00,-,-,O,Narconon Volley Melendugno,Narconon Volley Melendugno,0,3,6,8,10,16,13,21,17,25,7,8,11,16,16,21,19,25,6,8,14,16,15,21,19,25,-,-,-,-,-,-,-,-,-,-,-,-,-,-,-,-,37,11,-2,57,11,1,65,8,0.34 ,0.14 ,98,8,12,31,0.32 ,-,5
2025/2026,A2,Play_Off,Quarter,1 ,-,4207,7/2/2026 ,16:00,-,-,C,Futura Giovani Busto Arsizio,Futura Giovani Busto Arsizio,3,1,8,2,16,3,21,6,25,8,5,8,15,16,21,19,25,21,8,7,15,16,18,21,23,25,8,7,16,13,21,18,25,20,-,-,-,-,-,-,-,-,73,36,43,97,12,6,66,5,0.50 ,0.32 ,124,5,8,52,0.42 ,-,15
2025/2026,A2,Play_Off,Quarter,2 ,-,4207,7/2/2026 ,16:00,-,-,O,Gruppo Formula 3 Messina,Akademia Messina,1,3,2,8,3,16,6,21,8,25,8,5,16,15,19,21,21,25,7,8,16,15,21,18,25,23,7,8,13,16,18,21,20,25,-,-,-,-,-,-,-,-,52,17,7,75,9,1,85,7,0.61 ,0.32 ,146,14,15,43,0.29 ,-,8
2025/2026,A2,Coppa_Italia,Quarter,-,-,4206,8/2/2026 ,17:00,-,-,C,Nuvolì Altafratte Padova,Alta Fratte Volley Padova,2,3,5,8,13,16,14,21,19,25,7,8,16,12,21,17,25,20,8,5,16,12,21,16,25,19,1,8,9,16,15,21,19,25,3,5,10,9,12,10,12,15,75,32,27,100,11,4,91,9,0.68 ,0.32 ,165,15,13,55,0.33 ,-,16
2025/2026,A2,Pool_Salvezza,1st,1,-,4206,8/2/2026 ,17:00,-,-,O,SMI Roma Volley,Roma Volley Club,3,2,8,5,16,13,21,14,25,19,8,7,12,16,17,21,20,25,5,8,12,16,16,21,19,25,8,1,16,9,21,15,25,19,5,3,9,10,10,12,15,12,76,32,28,103,12,5,89,11,0.70 ,0.22 ,161,9,16,58,0.36 ,-,13
2025/2026,A2,Pool_Salvezza,1st,2,-,4208,8/2/2026 ,17:00,-,-,C,Olio Pantaleo Volley Fasano,Il Podio Fasano,0,3,2,8,9,16,15,21,19,25,2,8,9,16,12,21,14,25,8,5,16,13,20,21,24,26,-,-,-,-,-,-,-,-,-,-,-,-,-,-,-,-,38,12,9,58,7,.,66,9,0.44 ,0.14 ,91,7,6,33,0.36 ,-,5
2025/2026,A2,Pool_Salvezza,1st,3,-,4208,8/2/2026 ,17:00,-,-,O,C.B.L. Costa Volpino,Pallavolo C.B.L Costa Volpino,3,0,8,2,16,9,21,15,25,19,8,2,16,9,21,12,25,14,5,8,13,16,21,20,26,24,-,-,-,-,-,-,-,-,-,-,-,-,-,-,-,-,62,28,35,75,9,7,51,3,0.69 ,0.18 ,110,10,5,49,0.45 ,-,6
2025/2026,A2,Pool_Salvezza,1st,4,-,4210,8/2/2026 ,17:00,-,-,C,Itas Trentino,Trentino Volley,2,3,8,6,16,10,21,16,25,20,8,5,16,15,21,18,25,20,6,8,14,16,18,21,27,29,1,8,9,16,13,21,15,25,3,5,5,10,7,12,7,15,68,24,17,100,13,4,93,5,0.55 ,0.33 ,181,13,20,52,0.29 ,-,12
2025/2026,A2,Pool_Salvezza,1st,5,-,4210,8/2/2026 ,17:00,-,-,O,Valsabbina Millenium Brescia,Millenium Brescia,3,2,6,8,10,16,16,21,20,25,5,8,15,16,18,21,20,25,8,6,16,14,21,18,29,27,8,1,16,9,21,13,25,15,5,3,10,5,12,7,15,7,80,35,30,108,15,3,87,10,0.64 ,0.43 ,164,13,12,57,0.35 ,-,20
2025/2026,A2,Pool_Salvezza,2nd,1,-,4209,9/2/2026 ,20:00,-,-,C,Narconon Volley Melendugno,Narconon Volley Melendugno,1,3,8,5,12,16,14,21,22,25,8,3,16,10,21,17,25,23,8,6,13,16,17,21,21,25,8,5,16,15,20,21,24,26,-,-,-,-,-,-,-,-,67,27,21,91,16,7,87,4,0.68 ,0.49 ,146,15,11,50,0.34 ,-,10
2025/2026,A2,Pool_Salvezza,2nd,2,-,4209,9/2/2026 ,20:00,-,-,O,Cda Volley Talmassons Fvg,Volley Talmassons,3,1,5,8,16,12,21,14,25,22,3,8,10,16,17,21,23,25,6,8,16,13,21,17,25,21,5,8,15,16,21,20,26,24,-,-,-,-,-,-,-,-,65,29,26,96,9,1,75,11,0.51 ,0.32 ,135,9,10,53,0.39 ,-,11
2025/2026,A2,Pool_Salvezza,2nd,3,-,4212,15/2/2026 ,16:00,-,-,C,Gruppo Formula 3 Messina,Akademia Messina,1,3,6,8,10,16,18,21,25,23,5,8,8,16,10,21,16,25,2,8,5,16,8,21,12,25,8,7,11,16,18,21,20,25,-,-,-,-,-,-,-,-,56,17,5,74,14,5,87,11,0.52 ,.,128,16,10,44,0.34 ,-,7
2025/2026,A2,Pool_Salvezza,2nd,4,-,4212,15/2/2026 ,16:00,-,-,O,Valsabbina Millenium Brescia,Millenium Brescia,3,1,8,6,16,10,21,18,23,25,8,5,16,8,21,10,25,16,8,2,16,5,21,8,25,12,7,8,16,11,21,18,25,20,-,-,-,-,-,-,-,-,62,35,31,97,10,7,60,7,0.52 ,0.07 ,113,7,7,46,0.41 ,-,9
2025/2026,A2,Pool_Salvezza,2nd,5,-,4211,15/2/2026 ,17:00,-,-,C,SMI Roma Volley,Roma Volley Club,3,2,4,8,12,16,19,21,28,26,7,8,13,16,18,21,22,25,8,4,16,15,18,21,25,23,7,8,15,16,15,21,21,25,5,3,10,7,12,10,20,18,81,33,34,115,14,3,98,7,0.61 ,0.49 ,205,13,13,64,0.31 ,-,14
2025/2026,A2,Regular_Season_GroupA,1st,1,-,4211,15/2/2026 ,17:00,-,-,O,Futura Giovani Busto Arsizio,Futura Giovani Busto Arsizio,2,3,8,4,16,12,21,19,26,28,8,7,16,13,21,18,25,22,4,8,15,16,21,18,23,25,8,7,16,15,21,15,25,21,3,5,7,10,10,12,18,20,84,38,34,116,18,2,101,5,0.52 ,0.30 ,219,13,14,70,0.32 ,-,12
2025/2026,A2,Regular_Season_GroupA,1st,3,-,4214,15/2/2026 ,17:00,-,-,C,Nuvolì Altafratte Padova,Alta Fratte Volley Padova,3,1,8,5,13,16,19,21,27,25,8,3,16,11,21,16,25,20,6,8,13,16,14,21,16,25,8,5,16,9,21,17,25,21,-,-,-,-,-,-,-,-,70,29,29,92,7,7,78,6,0.62 ,0.23 ,154,15,13,56,0.36 ,-,7
2025/2026,A2,Regular_Season_GroupA,1st,4,-,4214,15/2/2026 ,17:00,-,-,O,Narconon Volley Melendugno,Narconon Volley Melendugno,1,3,5,8,16,13,21,19,25,27,3,8,11,16,16,21,20,25,8,6,16,13,21,14,25,16,5,8,9,16,17,21,21,25,-,-,-,-,-,-,-,-,68,24,24,92,14,3,85,15,0.56 ,0.24 ,138,8,7,52,0.38 ,-,13
2025/2026,A2,Regular_Season_GroupA,1st,5,-,4215,15/2/2026 ,17:00,-,-,C,Olio Pantaleo Volley Fasano,Il Podio Fasano,3,1,8,4,16,13,21,18,25,22,3,8,9,16,12,21,13,25,8,6,16,13,21,16,25,21,5,8,16,14,21,18,25,21,-,-,-,-,-,-,-,-,75,25,43,88,9,3,85,4,0.65 ,0.20 ,149,10,9,63,0.42 ,-,9
2025/2026,A2,Regular_Season_GroupA,1st,6,-,4215,15/2/2026 ,17:00,-,-,O,Itas Trentino,Trentino Volley,1,3,4,8,13,16,18,21,22,25,8,3,16,9,21,12,25,13,6,8,13,16,16,21,21,25,8,5,14,16,18,21,21,25,-,-,-,-,-,-,-,-,70,24,43,90,5,3,79,4,0.57 ,0.10 ,148,9,9,58,0.39 ,-,9
2025/2026,A2,Regular_Season_GroupA,1st,7,-,4213,25/2/2026 ,20:00,-,-,C,C.B.L. Costa Volpino,Pallavolo C.B.L Costa Volpino,3,2,8,5,16,12,21,17,25,17,8,6,15,16,21,19,25,23,1,8,7,16,13,21,18,25,7,8,15,16,19,21,26,28,5,4,10,8,12,10,15,11,80,35,39,109,9,8,97,3,0.62 ,0.38 ,167,12,17,61,0.37 ,-,11
2025/2026,A2,Regular_Season_GroupA,1st,8,-,4213,25/2/2026 ,20:00,-,-,O,Cda Volley Talmassons Fvg,Volley Talmassons,2,3,5,8,12,16,17,21,17,25,6,8,16,15,19,21,23,25,8,1,16,7,21,13,25,18,8,7,16,15,21,19,28,26,4,5,8,10,10,12,11,15,78,36,33,104,7,3,100,11,0.59 ,0.38 ,165,16,11,58,0.35 ,-,17
2025/2026,A2,Regular_Season_GroupA,1st,9,-,4216,18/2/2026 ,20:00,-,-,C,Valsabbina Millenium Brescia,Millenium Brescia,3,0,2,8,14,16,21,18,25,22,8,6,16,11,21,14,25,19,7,8,16,13,21,16,25,17,-,-,-,-,-,-,-,-,-,-,-,-,-,-,-,-,55,27,27,73,9,6,54,6,0.74 ,0.56 ,131,8,5,38,0.29 ,-,11
2025/2026,A2,Regular_Season_GroupA,2nd,1,-,4216,18/2/2026 ,20:00,-,-,O,SMI Roma Volley,Roma Volley Club,0,3,8,2,16,14,18,21,22,25,6,8,11,16,14,21,19,25,8,7,13,16,16,21,17,25,-,-,-,-,-,-,-,-,-,-,-,-,-,-,-,-,37,14,-1,60,6,2,64,9,0.55 ,0.31 ,133,12,11,30,0.23 ,-,5
2025/2026,A2,Regular_Season_GroupA,2nd,3,-,4217,18/2/2026 ,20:30,-,-,C,Gruppo Formula 3 Messina,Akademia Messina,1,3,8,7,16,12,21,17,25,20,4,8,8,16,10,21,17,25,8,7,16,15,17,21,23,25,8,6,14,16,18,21,20,25,-,-,-,-,-,-,-,-,67,24,20,86,13,6,86,13,0.50 ,0.10 ,126,12,9,50,0.40 ,-,11
2025/2026,A2,Regular_Season_GroupA,2nd,4,-,4217,18/2/2026 ,20:30,-,-,O,Nuvolì Altafratte Padova,Alta Fratte Volley Padova,3,1,7,8,12,16,17,21,20,25,8,4,16,8,21,10,25,17,7,8,15,16,21,17,25,23,6,8,16,14,21,18,25,20,-,-,-,-,-,-,-,-,67,30,27,92,6,6,73,11,0.55 ,0.11 ,133,11,12,52,0.39 ,-,9
2025/2026,A2,Regular_Season_GroupA,2nd,5,-,4218,18/2/2026 ,20:30,-,-,C,C.B.L. Costa Volpino,Pallavolo C.B.L Costa Volpino,0,3,4,8,11,16,16,21,20,25,5,8,12,16,17,21,17,25,3,8,9,16,14,21,15,25,-,-,-,-,-,-,-,-,-,-,-,-,-,-,-,-,39,10,7,53,7,1,65,10,0.52 ,0.34 ,89,11,4,32,0.36 ,-,6
2025/2026,A2,Regular_Season_GroupA,2nd,6,-,4218,18/2/2026 ,20:30,-,-,O,Futura Giovani Busto Arsizio,Futura Giovani Busto Arsizio,3,0,8,4,16,11,21,16,25,20,8,5,16,12,21,17,25,17,8,3,16,9,21,14,25,15,-,-,-,-,-,-,-,-,-,-,-,-,-,-,-,-,55,24,36,74,9,7,46,1,0.70 ,0.50 ,95,2,7,45,0.47 ,-,3
2025/2026,A2,Regular_Season_GroupA,2nd,7,-,4219,18/2/2026 ,20:30,-,-,C,Narconon Volley Melendugno,Narconon Volley Melendugno,3,1,8,6,16,11,21,13,25,16,3,8,16,14,21,14,25,17,6,8,13,16,15,21,17,25,8,7,14,16,21,19,25,19,-,-,-,-,-,-,-,-,73,42,33,91,10,12,70,7,0.53 ,0.33 ,130,13,10,49,0.38 ,-,12
2025/2026,A2,Regular_Season_GroupA,2nd,8,-,4219,18/2/2026 ,20:30,-,-,O,Olio Pantaleo Volley Fasano,Il Podio Fasano,1,3,6,8,11,16,13,21,16,25,8,3,14,16,14,21,17,25,8,6,16,13,21,15,25,17,7,8,16,14,19,21,19,25,-,-,-,-,-,-,-,-,51,24,12,78,8,4,81,12,0.47 ,0.26 ,125,7,12,37,0.30 ,-,10
2025/2026,A2,Regular_Season_GroupA,2nd,9,-,4220,18/2/2026 ,20:30,-,-,C,Cda Volley Talmassons Fvg,Volley Talmassons,3,1,7,8,14,16,18,21,21,25,8,5,16,10,21,13,25,18,4,8,16,14,21,19,26,24,8,5,16,14,21,18,25,21,-,-,-,-,-,-,-,-,74,31,32,96,13,3,78,5,0.78 ,0.10 ,143,11,13,61,0.43 ,-,10
2025/2026,A1,Play_Off,Quarter,1 ,-,4220,18/2/2026 ,20:30,-,-,O,Itas Trentino,Trentino Volley,1,3,8,7,16,14,21,18,25,21,5,8,10,16,13,21,18,25,8,4,14,16,19,21,24,26,5,8,14,16,18,21,21,25,-,-,-,-,-,-,-,-,62,24,20,89,11,2,83,10,0.64 ,0.08 ,136,11,10,47,0.35 ,-,13
2025/2026,A1,Play_Off,Quarter,2 ,-,4222,22/2/2026 ,16:00,-,-,C,Olio Pantaleo Volley Fasano,Il Podio Fasano,3,0,8,6,16,11,21,16,25,20,7,8,16,15,21,16,25,17,8,5,16,10,21,19,25,20,-,-,-,-,-,-,-,-,-,-,-,-,-,-,-,-,51,24,36,73,5,7,50,2,0.66 ,0.26 ,97,6,2,37,0.38 ,-,7
2025/2026,A1,Coppa_Italia,Quarter,-,-,4222,22/2/2026 ,16:00,-,-,O,Gruppo Formula 3 Messina,Akademia Messina,0,3,6,8,11,16,16,21,20,25,8,7,15,16,16,21,17,25,5,8,10,16,19,21,20,25,-,-,-,-,-,-,-,-,-,-,-,-,-,-,-,-,46,15,7,59,9,1,68,8,0.60 ,0.12 ,117,15,7,43,0.37 ,-,2
2025/2026,A1,Play_Off_Challenge ,GroupB,1,-,4221,22/2/2026 ,17:00,-,-,C,Cda Volley Talmassons Fvg,Volley Talmassons,3,0,8,6,16,11,21,16,25,18,8,5,16,10,21,11,25,12,7,8,14,16,21,18,25,19,-,-,-,-,-,-,-,-,-,-,-,-,-,-,-,-,54,29,34,73,5,3,42,5,0.64 ,0.10 ,95,3,7,41,0.43 ,-,10
2025/2026,A1,Play_Off_Challenge ,GroupB,2,-,4221,22/2/2026 ,17:00,-,-,O,SMI Roma Volley,Roma Volley Club,0,3,6,8,11,16,16,21,18,25,5,8,10,16,11,21,12,25,8,7,16,14,18,21,19,25,-,-,-,-,-,-,-,-,-,-,-,-,-,-,-,-,38,12,6,51,9,4,68,5,0.68 ,0.12 ,109,7,11,27,0.25 ,-,7
2025/2026,A1,Play_Off_Challenge ,GroupB,3,-,4223,22/2/2026 ,17:00,-,-,C,Valsabbina Millenium Brescia,Millenium Brescia,3,0,8,3,16,11,21,15,25,15,5,8,13,16,20,21,25,22,8,5,16,9,21,12,25,15,-,-,-,-,-,-,-,-,-,-,-,-,-,-,-,-,57,22,41,73,7,5,49,3,0.78 ,0.43 ,113,5,1,44,0.39 ,-,8
2025/2026,A1,Play_Off_Challenge ,GroupB,4,-,4223,22/2/2026 ,17:00,-,-,O,C.B.L. Costa Volpino,Pallavolo C.B.L Costa Volpino,0,3,3,8,11,16,15,21,15,25,8,5,16,13,21,20,22,25,5,8,9,16,12,21,15,25,-,-,-,-,-,-,-,-,-,-,-,-,-,-,-,-,39,8,4,53,4,.,66,9,0.65 ,0.42 ,125,14,8,37,0.30 ,-,2
2025/2026,A1,Play_Off_Challenge ,GroupB,5,-,4225,22/2/2026 ,17:00,-,-,C,Itas Trentino,Trentino Volley,3,0,7,8,16,15,21,19,25,21,8,4,16,10,21,13,25,19,8,6,16,14,21,18,25,22,-,-,-,-,-,-,-,-,-,-,-,-,-,-,-,-,54,24,34,73,4,4,55,4,0.55 ,0.35 ,121,9,3,44,0.36 ,-,6
2025/2026,A1,Play_Off_Challenge ,GroupB,6,-,4225,22/2/2026 ,17:00,-,-,O,Nuvolì Altafratte Padova,Alta Fratte Volley Padova,0,3,8,7,15,16,19,21,21,25,4,8,10,16,13,21,19,25,6,8,14,16,18,21,22,25,-,-,-,-,-,-,-,-,-,-,-,-,-,-,-,-,48,15,14,64,9,3,69,7,0.57 ,0.36 ,116,12,6,42,0.36 ,-,3
2025/2026,A1,Regular_Season,1st,1,-,4224,23/2/2026 ,20:00,-,-,C,Futura Giovani Busto Arsizio,Futura Giovani Busto Arsizio,3,1,8,7,12,16,19,21,22,25,8,7,16,12,21,15,25,16,8,6,13,16,17,21,28,26,8,4,16,11,21,13,25,17,-,-,-,-,-,-,-,-,76,37,41,99,9,5,74,8,0.49 ,0.39 ,141,10,8,59,0.42 ,-,12
2025/2026,A1,Regular_Season,1st,2,-,4224,23/2/2026 ,20:00,-,-,O,Narconon Volley Melendugno,Narconon Volley Melendugno,1,3,7,8,16,12,21,19,25,22,7,8,12,16,15,21,16,25,6,8,16,13,21,17,26,28,4,8,11,16,13,21,17,25,-,-,-,-,-,-,-,-,63,21,20,85,11,6,90,10,0.56 ,0.41 ,138,10,12,49,0.36 ,-,8
2025/2026,A1,Regular_Season,1st,3,-,4230,27/2/2026 ,20:00,-,-,C,Futura Giovani Busto Arsizio,Futura Giovani Busto Arsizio,3,0,8,3,16,13,21,17,25,21,8,7,16,13,21,18,25,21,8,7,16,12,21,20,25,22,-,-,-,-,-,-,-,-,-,-,-,-,-,-,-,-,57,24,20,74,14,6,57,4,0.51 ,0.39 ,106,10,9,46,0.43 ,-,5
2025/2026,A1,Regular_Season,1st,4,-,4230,27/2/2026 ,20:00,-,-,O,Itas Trentino,Trentino Volley,0,3,3,8,13,16,17,21,21,25,7,8,13,16,18,21,21,25,7,8,12,16,20,21,22,25,-,-,-,-,-,-,-,-,-,-,-,-,-,-,-,-,39,15,6,65,8,2,60,12,0.50 ,0.38 ,84,8,5,28,0.33 ,-,9
2025/2026,A1,Regular_Season,1st,5,-,4227,1/3/2026 ,16:00,-,-,C,Gruppo Formula 3 Messina,Akademia Messina,1,3,5,8,10,16,14,21,19,25,8,6,11,16,11,21,18,25,8,3,16,11,21,18,25,20,8,5,16,11,19,21,22,25,-,-,-,-,-,-,-,-,61,26,22,85,12,10,83,6,0.51 ,0.19 ,149,10,11,42,0.28 ,-,9
2025/2026,A1,Regular_Season,1st,6,-,4227,1/3/2026 ,16:00,-,-,O,Cda Volley Talmassons Fvg,Volley Talmassons,3,1,8,5,16,10,21,14,25,19,6,8,16,11,21,11,25,18,3,8,11,16,18,21,20,25,5,8,11,16,21,19,25,22,-,-,-,-,-,-,-,-,71,36,30,94,11,5,73,12,0.51 ,0.29 ,144,9,9,55,0.38 ,-,11
2025/2026,A1,Regular_Season,1st,7,-,4226,1/3/2026 ,17:00,-,-,C,Olio Pantaleo Volley Fasano,Il Podio Fasano,1,3,8,3,15,16,16,21,17,25,6,8,10,16,14,21,18,25,8,3,16,7,21,11,25,15,8,6,15,16,19,21,22,25,-,-,-,-,-,-,-,-,64,23,27,82,9,3,81,10,0.44 ,0.14 ,143,10,8,55,0.38 ,-,6
2025/2026,A1,Regular_Season,1st,8,-,4226,1/3/2026 ,17:00,-,-,O,SMI Roma Volley,Roma Volley Club,3,1,3,8,16,15,21,16,25,17,8,6,16,10,21,14,25,18,3,8,7,16,11,21,15,25,6,8,16,15,21,19,25,22,-,-,-,-,-,-,-,-,71,28,44,89,8,7,73,3,0.56 ,0.07 ,130,10,6,56,0.43 ,-,8
2025/2026,A1,Regular_Season,1st,9,-,4228,1/3/2026 ,17:00,-,-,C,Nuvolì Altafratte Padova,Alta Fratte Volley Padova,3,1,5,8,16,15,21,19,25,21,4,8,14,16,18,21,20,25,2,8,16,14,21,16,25,21,8,3,16,13,21,15,25,19,-,-,-,-,-,-,-,-,69,29,29,94,10,9,75,7,0.69 ,0.33 ,115,16,7,47,0.41 ,-,13
2025/2026,A1,Regular_Season,1st,10,-,4228,1/3/2026 ,17:00,-,-,O,C.B.L. Costa Volpino,Pallavolo C.B.L Costa Volpino,1,3,8,5,15,16,19,21,21,25,8,4,16,14,21,18,25,20,8,2,14,16,16,21,21,25,3,8,13,16,15,21,19,25,-,-,-,-,-,-,-,-,59,20,7,87,12,2,84,14,0.40 ,0.17 ,130,13,13,50,0.38 ,-,7
2025/2026,A1,Regular_Season,1st,11,-,4229,1/3/2026 ,17:00,-,-,C,Narconon Volley Melendugno,Narconon Volley Melendugno,2,3,8,7,16,14,18,21,20,25,8,7,10,16,14,21,15,25,8,4,16,11,21,15,25,20,8,6,16,11,21,17,25,22,4,5,9,10,11,12,17,19,69,30,20,103,9,4,92,16,0.43 ,0.28 ,151,16,8,48,0.32 ,-,17
2025/2026,A1,Regular_Season,1st,12,-,4229,1/3/2026 ,17:00,-,-,O,Valsabbina Millenium Brescia,Millenium Brescia,3,2,7,8,14,16,21,18,25,20,7,8,16,10,21,14,25,15,4,8,11,16,15,21,20,25,6,8,11,16,17,21,22,25,5,4,10,9,12,11,19,17,85,34,29,110,18,11,94,8,0.52 ,0.34 ,177,13,17,66,0.37 ,-,8
2025/2026,A1,Regular_Season,1st,13,-,4233,4/3/2026 ,20:00,-,-,C,C.B.L. Costa Volpino,Pallavolo C.B.L Costa Volpino,3,1,6,8,15,16,19,21,25,23,8,6,15,16,21,19,26,24,1,8,7,16,11,21,17,25,8,7,16,11,21,14,25,15,-,-,-,-,-,-,-,-,71,28,43,92,8,4,80,2,0.54 ,0.30 ,151,12,6,60,0.40 ,-,7
2025/2026,A1,Regular_Season,2nd,1,-,4233,4/3/2026 ,20:00,-,-,O,Olio Pantaleo Volley Fasano,Il Podio Fasano,1,3,8,6,16,15,21,19,23,25,6,8,16,15,19,21,24,26,8,1,16,7,21,11,25,17,7,8,11,16,14,21,15,25,-,-,-,-,-,-,-,-,64,19,29,87,7,2,84,9,0.63 ,0.46 ,146,12,7,56,0.38 ,-,6
2025/2026,A1,Regular_Season,2nd,2,-,4235,4/3/2026 ,20:00,-,-,C,Valsabbina Millenium Brescia,Millenium Brescia,3,2,7,8,16,12,21,14,25,16,8,4,16,8,21,9,25,12,4,8,12,16,17,21,17,25,7,8,12,16,16,21,22,25,5,3,10,9,12,11,15,12,72,32,28,103,11,6,76,10,0.63 ,0.41 ,132,13,10,52,0.39 ,-,14
2025/2026,A1,Regular_Season,2nd,3,-,4235,4/3/2026 ,20:00,-,-,O,Itas Trentino,Trentino Volley,2,3,8,7,12,16,14,21,16,25,4,8,8,16,9,21,12,25,8,4,16,12,21,17,25,17,8,7,16,12,21,16,25,22,3,5,9,10,11,12,12,15,64,24,10,91,15,6,92,9,0.53 ,0.32 ,154,16,14,48,0.31 ,-,10
2025/2026,A1,Regular_Season,2nd,4,-,4231,4/3/2026 ,20:30,-,-,C,SMI Roma Volley,Roma Volley Club,3,2,8,7,16,12,21,17,25,23,7,8,11,16,16,21,20,25,5,8,9,16,15,21,21,25,6,8,10,16,19,21,26,24,5,4,10,6,12,8,15,10,79,27,41,106,8,3,100,2,0.58 ,0.39 ,187,11,17,69,0.37 ,-,7
2025/2026,A1,Regular_Season,2nd,5,-,4231,4/3/2026 ,20:30,-,-,O,Nuvolì Altafratte Padova,Alta Fratte Volley Padova,2,3,7,8,12,16,17,21,23,25,8,7,16,11,21,16,25,20,8,5,16,9,21,15,25,21,8,6,16,10,21,19,24,26,4,5,6,10,8,12,10,15,86,31,48,108,8,2,98,5,0.53 ,0.35 ,192,18,7,67,0.35 ,-,17
2025/2026,A1,Regular_Season,2nd,6,-,4232,4/3/2026 ,20:30,-,-,C,Gruppo Formula 3 Messina,Akademia Messina,1,3,8,6,16,13,21,14,25,17,8,7,11,16,16,21,21,25,6,8,10,16,15,21,17,25,8,4,12,16,18,21,23,25,-,-,-,-,-,-,-,-,56,22,15,87,9,9,75,8,0.51 ,0.19 ,128,12,12,43,0.34 ,-,4
2025/2026,A1,Regular_Season,2nd,7,-,4232,4/3/2026 ,20:30,-,-,O,Futura Giovani Busto Arsizio,Futura Giovani Busto Arsizio,3,1,6,8,13,16,14,21,17,25,7,8,16,11,21,16,25,21,8,6,16,10,21,15,25,17,4,8,16,12,21,18,25,23,-,-,-,-,-,-,-,-,69,29,29,91,16,6,78,11,0.49 ,0.12 ,124,9,4,51,0.41 ,-,12
2025/2026,A1,Regular_Season,2nd,8,-,4234,4/3/2026 ,20:30,-,-,C,Cda Volley Talmassons Fvg,Volley Talmassons,3,2,5,8,14,16,20,21,23,25,7,8,15,16,17,21,21,25,8,4,16,13,21,13,25,18,8,7,16,13,21,18,25,21,5,2,10,9,12,9,15,12,84,37,38,108,16,4,88,9,0.63 ,0.08 ,157,9,12,66,0.42 ,-,14
2025/2026,A1,Regular_Season,2nd,9,-,4234,4/3/2026 ,20:30,-,-,O,Narconon Volley Melendugno,Narconon Volley Melendugno,2,3,8,5,16,14,21,20,25,23,8,7,16,15,21,17,25,21,4,8,13,16,13,21,18,25,7,8,13,16,18,21,21,25,2,5,9,10,9,12,12,15,73,31,28,102,14,5,92,9,0.57 ,0.09 ,151,8,14,56,0.37 ,-,12
2025/2026,A1,Regular_Season,2nd,10,-,4237,8/3/2026 ,16:00,-,-,C,Valsabbina Millenium Brescia,Millenium Brescia,3,0,8,6,16,6,21,10,25,10,5,8,16,14,19,21,25,23,6,8,16,15,21,19,25,22,-,-,-,-,-,-,-,-,-,-,-,-,-,-,-,-,56,31,34,73,9,8,46,5,0.63 ,0.57 ,88,7,1,39,0.44 ,-,9
2025/2026,A1,Regular_Season,2nd,11,-,4237,8/3/2026 ,16:00,-,-,O,Gruppo Formula 3 Messina,Akademia Messina,0,3,6,8,6,16,10,21,10,25,8,5,14,16,21,19,23,25,8,6,15,16,19,21,22,25,-,-,-,-,-,-,-,-,-,-,-,-,-,-,-,-,39,15,-1,56,10,3,64,13,0.55 ,0.30 ,95,8,9,35,0.37 ,-,1
2025/2026,A1,Regular_Season,2nd,12,-,4238,8/3/2026 ,17:00,-,-,C,Cda Volley Talmassons Fvg,Volley Talmassons,3,0,8,7,16,11,21,16,25,17,7,8,16,12,21,13,25,15,8,4,16,12,21,16,25,19,-,-,-,-,-,-,-,-,-,-,-,-,-,-,-,-,56,29,34,73,8,2,46,2,0.80 ,0.11 ,103,8,4,45,0.44 ,-,9
2025/2026,A1,Regular_Season,2nd,13,-,4238,8/3/2026 ,17:00,-,-,O,C.B.L. Costa Volpino,Pallavolo C.B.L Costa Volpino,0,3,7,8,11,16,16,21,17,25,8,7,12,16,13,21,15,25,4,8,12,16,16,21,19,25,-,-,-,-,-,-,-,-,-,-,-,-,-,-,-,-,33,9,5,53,7,.,65,2,0.51 ,0.06 ,102,10,9,29,0.28 ,-,4
2025/2026,A2,Pool_Promozione,1st,1,-,4236,9/3/2026 ,20:00,-,-,C,Futura Giovani Busto Arsizio,Futura Giovani Busto Arsizio,3,2,8,7,16,15,21,20,21,25,5,8,16,13,21,16,25,21,8,5,15,16,18,21,37,39,8,6,16,10,21,14,25,15,5,1,10,8,11,12,15,13,97,38,49,122,23,5,105,5,0.51 ,0.31 ,200,12,8,83,0.42 ,-,9
2025/2026,A2,Pool_Promozione,1st,2,-,4236,9/3/2026 ,20:00,-,-,O,SMI Roma Volley,Roma Volley Club,2,3,7,8,15,16,20,21,25,21,8,5,13,16,16,21,21,25,5,8,16,15,21,18,39,37,6,8,10,16,14,21,15,25,1,5,8,10,12,11,13,15,76,28,36,114,9,2,99,11,0.66 ,0.40 ,180,11,9,66,0.37 ,-,8
2025/2026,A2,Pool_Promozione,1st,3,-,4239,9/3/2026 ,20:00,-,-,C,Narconon Volley Melendugno,Narconon Volley Melendugno,3,2,8,6,16,14,19,21,25,22,5,8,14,16,18,21,19,25,6,8,12,16,18,21,21,25,5,8,16,10,21,17,25,19,5,4,10,9,12,9,15,11,78,35,40,104,9,8,91,15,0.49 ,0.29 ,150,6,8,51,0.34 ,-,19
2025/2026,A2,Pool_Promozione,1st,4,-,4239,9/3/2026 ,20:00,-,-,O,Nuvolì Altafratte Padova,Alta Fratte Volley Padova,2,3,6,8,14,16,21,19,22,25,8,5,16,14,21,18,25,19,8,6,16,12,21,18,25,21,8,5,10,16,17,21,19,25,4,5,9,10,9,12,11,15,82,32,29,103,12,10,95,12,0.46 ,0.35 ,165,10,19,64,0.39 ,-,8
2025/2026,A2,Pool_Promozione,1st,5,-,4240,9/3/2026 ,20:30,-,-,C,Itas Trentino,Trentino Volley,3,1,8,6,16,12,21,14,25,16,8,6,16,9,21,11,25,14,7,8,15,16,17,21,19,25,8,7,16,13,21,15,25,18,-,-,-,-,-,-,-,-,75,35,39,93,10,6,66,4,0.65 ,0.45 ,144,16,6,57,0.40 ,-,12
2025/2026,A2,Pool_Promozione,2nd,1,-,4240,9/3/2026 ,20:30,-,-,O,Olio Pantaleo Volley Fasano,Il Podio Fasano,1,3,6,8,12,16,14,21,16,25,6,8,9,16,11,21,14,25,8,7,16,15,21,17,25,19,7,8,13,16,15,21,18,25,-,-,-,-,-,-,-,-,47,14,9,74,8,2,83,9,0.48 ,0.33 ,139,9,12,39,0.28 ,-,6
2025/2026,A2,Pool_Promozione,2nd,2,-,4242,14/3/2026 ,17:00,-,-,C,Nuvolì Altafratte Padova,Alta Fratte Volley Padova,3,1,8,4,16,8,21,10,25,13,8,6,16,11,21,11,25,12,8,6,16,14,21,19,25,27,8,4,16,10,21,11,25,13,-,-,-,-,-,-,-,-,74,41,47,99,8,6,52,9,0.48 ,0.23 ,110,5,5,56,0.51 ,-,12
2025/2026,A2,Pool_Promozione,2nd,3,-,4242,14/3/2026 ,17:00,-,-,O,Gruppo Formula 3 Messina,Akademia Messina,1,3,4,8,8,16,10,21,13,25,6,8,11,16,11,21,12,25,6,8,14,16,19,21,27,25,4,8,10,16,11,21,13,25,-,-,-,-,-,-,-,-,51,12,2,66,14,3,91,15,0.48 ,0.26 ,121,8,12,43,0.36 ,-,5
2025/2026,A2,Pool_Promozione,2nd,4,-,4243,14/3/2026 ,17:30,-,-,C,Futura Giovani Busto Arsizio,Futura Giovani Busto Arsizio,3,2,5,8,11,16,15,21,20,25,7,8,16,15,21,17,25,21,8,5,16,5,21,8,25,11,8,0,16,5,19,21,22,25,4,5,10,9,12,11,15,13,79,33,44,106,19,3,85,.,0.66 ,0.47 ,147,11,5,63,0.43 ,-,13
2025/2026,A2,Pool_Promozione,2nd,5,-,4243,14/3/2026 ,17:30,-,-,O,C.B.L. Costa Volpino,Pallavolo C.B.L Costa Volpino,2,3,8,5,16,11,21,15,25,20,8,7,15,16,17,21,21,25,5,8,5,16,8,21,11,25,0,8,5,16,21,19,25,22,5,4,9,10,11,12,13,15,61,22,18,96,11,.,87,7,0.56 ,0.26 ,153,12,13,56,0.37 ,-,5
2025/2026,A2,Regular_Season_GroupA,1st,1,-,4241,15/3/2026 ,17:00,-,-,C,SMI Roma Volley,Roma Volley Club,3,2,8,6,16,10,21,16,25,17,7,8,10,16,14,21,16,25,5,8,13,16,18,21,26,24,8,6,9,16,14,21,17,25,5,2,10,7,12,9,15,13,75,26,28,99,12,6,94,8,0.55 ,0.35 ,164,9,18,60,0.37 ,-,9
2025/2026,A2,Regular_Season_GroupA,1st,2,-,4241,15/3/2026 ,17:00,-,-,O,Valsabbina Millenium Brescia,Millenium Brescia,2,3,6,8,10,16,16,21,17,25,8,7,16,10,21,14,25,16,8,5,16,13,21,18,24,26,6,8,16,9,21,14,25,17,2,5,7,10,9,12,13,15,81,37,42,104,10,4,87,8,0.44 ,0.32 ,164,12,9,60,0.37 ,-,17
2025/2026,A2,Regular_Season_GroupA,1st,3,-,4244,15/3/2026 ,17:00,-,-,C,Olio Pantaleo Volley Fasano,Il Podio Fasano,1,3,8,3,16,9,21,12,25,14,6,8,10,16,12,21,15,25,6,8,8,16,11,21,13,25,6,8,9,16,13,21,17,25,-,-,-,-,-,-,-,-,45,20,3,70,11,2,72,13,0.40 ,0.13 ,116,12,6,37,0.32 ,-,6
2025/2026,A2,Regular_Season_GroupA,1st,4,-,4244,15/3/2026 ,17:00,-,-,O,Narconon Volley Melendugno,Narconon Volley Melendugno,3,1,3,8,9,16,12,21,14,25,8,6,16,10,21,12,25,15,8,6,16,8,21,11,25,13,8,6,16,9,21,13,25,17,-,-,-,-,-,-,-,-,66,34,33,88,16,6,59,3,0.63 ,0.20 ,126,8,6,54,0.43 ,-,6
2025/2026,A2,Regular_Season_GroupA,1st,5,-,4245,15/3/2026 ,17:00,-,-,C,Itas Trentino,Trentino Volley,0,3,6,8,16,14,21,20,24,26,8,6,16,15,18,21,20,25,8,4,16,12,18,21,23,25,-,-,-,-,-,-,-,-,-,-,-,-,-,-,-,-,54,23,17,68,6,3,71,6,0.56 ,0.39 ,115,11,14,48,0.42 ,-,3
2025/2026,A2,Regular_Season_GroupA,1st,7,-,4245,15/3/2026 ,17:00,-,-,O,Cda Volley Talmassons Fvg,Volley Talmassons,3,0,8,6,14,16,20,21,26,24,6,8,15,16,21,18,25,20,4,8,12,16,21,18,25,23,-,-,-,-,-,-,-,-,-,-,-,-,-,-,-,-,58,27,30,75,4,5,62,13,0.60 ,0.37 ,93,8,3,39,0.42 ,-,14
2025/2026,A2,Regular_Season_GroupA,1st,8,-,4247,20/3/2026 ,19:00,-,-,C,Gruppo Formula 3 Messina,Akademia Messina,1,3,8,7,13,16,21,20,25,23,5,8,14,16,18,21,20,25,7,8,14,16,18,21,23,25,2,8,6,16,14,21,18,25,-,-,-,-,-,-,-,-,67,18,28,87,13,3,91,8,0.49 ,0.14 ,164,14,4,59,0.36 ,-,5
2025/2026,A2,Regular_Season_GroupA,1st,9,-,4247,20/3/2026 ,19:00,-,-,O,Olio Pantaleo Volley Fasano,Il Podio Fasano,3,1,7,8,16,13,20,21,23,25,8,5,16,14,21,18,25,20,8,7,16,14,21,18,25,23,8,2,16,6,21,14,25,18,-,-,-,-,-,-,-,-,65,27,38,97,6,3,74,5,0.58 ,0.11 ,155,11,5,58,0.37 ,-,4
2025/2026,A2,Regular_Season_GroupA,2nd,1,-,4249,21/3/2026 ,17:30,-,-,C,Narconon Volley Melendugno,Narconon Volley Melendugno,1,3,8,6,16,13,21,16,25,22,6,8,10,16,18,21,21,25,4,8,12,16,13,21,15,25,3,8,10,16,12,21,13,25,-,-,-,-,-,-,-,-,55,18,12,75,6,1,84,15,0.52 ,0.25 ,141,8,14,42,0.30 ,-,12
2025/2026,A2,Regular_Season_GroupA,2nd,2,-,4249,21/3/2026 ,17:30,-,-,O,Futura Giovani Busto Arsizio,Futura Giovani Busto Arsizio,3,1,6,8,13,16,16,21,22,25,8,6,16,10,21,18,25,21,8,4,16,12,21,13,25,15,8,3,16,10,21,12,25,13,-,-,-,-,-,-,-,-,81,41,48,94,10,6,69,1,0.49 ,0.23 ,160,10,12,61,0.38 ,-,14
2025/2026,A2,Regular_Season_GroupA,2nd,3,-,4246,22/3/2026 ,17:00,-,-,C,SMI Roma Volley,Roma Volley Club,0,3,8,3,16,11,21,19,25,27,5,8,10,16,13,21,14,25,3,8,13,16,19,21,23,25,-,-,-,-,-,-,-,-,-,-,-,-,-,-,-,-,40,13,3,63,8,2,69,11,0.54 ,0.38 ,100,4,14,29,0.29 ,-,9
2025/2026,A2,Regular_Season_GroupA,2nd,4,-,4246,22/3/2026 ,17:00,-,-,O,Cda Volley Talmassons Fvg,Volley Talmassons,3,0,3,8,11,16,19,21,27,25,8,5,16,10,21,13,25,14,8,3,16,13,21,19,25,23,-,-,-,-,-,-,-,-,-,-,-,-,-,-,-,-,64,29,32,75,6,5,55,4,0.53 ,0.31 ,111,13,9,45,0.41 ,-,14
2025/2026,A2,Regular_Season_GroupA,2nd,5,-,4248,22/3/2026 ,17:00,-,-,C,C.B.L. Costa Volpino,Pallavolo C.B.L Costa Volpino,0,3,8,7,16,14,19,21,20,25,4,8,16,14,21,18,23,25,5,8,12,16,19,21,21,25,-,-,-,-,-,-,-,-,-,-,-,-,-,-,-,-,48,16,19,66,7,2,62,5,0.53 ,0.31 ,99,9,8,37,0.37 ,-,9
2025/2026,A2,Regular_Season_GroupA,2nd,7,-,4248,22/3/2026 ,17:00,-,-,O,Valsabbina Millenium Brescia,Millenium Brescia,3,0,7,8,14,16,21,19,25,20,8,4,14,16,18,21,25,23,8,5,16,12,21,19,25,21,-,-,-,-,-,-,-,-,-,-,-,-,-,-,-,-,58,22,27,73,11,4,59,6,0.54 ,0.39 ,99,5,9,46,0.46 ,-,8
2025/2026,A2,Regular_Season_GroupA,2nd,8,-,4250,22/3/2026 ,17:00,-,-,C,Nuvolì Altafratte Padova,Alta Fratte Volley Padova,3,1,8,6,16,14,21,19,25,23,8,7,14,16,21,20,23,25,8,1,16,7,21,13,25,19,6,8,16,14,21,16,25,19,-,-,-,-,-,-,-,-,78,33,42,97,11,1,80,8,0.60 ,0.26 ,156,8,9,64,0.41 ,-,13
2025/2026,A2,Regular_Season_GroupA,2nd,9,-,4250,22/3/2026 ,17:00,-,-,O,Itas Trentino,Trentino Volley,1,3,6,8,14,16,19,21,23,25,7,8,16,14,20,21,25,23,1,8,7,16,13,21,19,25,8,6,14,16,16,21,19,25,-,-,-,-,-,-,-,-,66,23,33,87,7,4,86,4,0.62 ,0.24 ,155,10,12,53,0.34 ,-,9
2025/2026,A2,Play_Off,Quarter,1 ,-,4305,31/1/2026 ,18:30,-,-,C,èpiù Casalmaggiore,Casalmaggiore,3,1,8,3,16,9,21,15,25,17,8,6,16,12,21,13,25,17,8,7,11,16,15,21,17,25,8,6,16,7,21,15,25,22,-,-,-,-,-,-,-,-,65,29,35,91,10,5,72,2,0.79 ,0.40 ,116,11,7,43,0.37 ,-,17
2025/2026,A2,Play_Off,Quarter,2 ,-,4305,31/1/2026 ,18:30,-,-,O,Volley Modena,Modena,1,3,3,8,9,16,15,21,17,25,6,8,12,16,13,21,17,25,7,8,16,11,21,15,25,17,6,8,7,16,15,21,22,25,-,-,-,-,-,-,-,-,59,22,10,82,10,1,81,6,0.64 ,0.10 ,145,16,17,51,0.35 ,-,7
2025/2026,A2,Coppa_Italia,Quarter,-,-,4301,1/2/2026 ,17:00,-,-,C,Marsala Volley,Marsala Volley,3,2,7,8,13,16,21,20,25,23,4,8,8,16,13,21,16,25,8,2,16,5,21,8,25,10,7,8,14,16,18,21,23,25,4,5,8,10,8,12,21,19,75,33,36,109,11,7,87,6,0.60 ,0.28 ,137,12,10,59,0.43 ,-,9
2025/2026,A2,Coppa_Italia,Semifinal,-,-,4301,1/2/2026 ,17:00,-,-,O,Panbiscò Leonessa Altamura,Leonessa Volley Altamura,2,3,8,7,16,13,20,21,23,25,8,4,16,8,21,13,25,16,2,8,5,16,8,21,10,25,8,7,16,14,21,18,25,23,5,4,10,8,12,8,19,21,73,27,20,102,15,3,98,14,0.44 ,0.09 ,139,15,9,60,0.43 ,-,10
2025/2026,A1,Regular_Season,1st,1,-,4302,1/2/2026 ,17:00,-,-,C,Clai Imola Volley,Imola Csi,3,0,8,6,16,13,21,15,25,16,3,8,16,14,21,18,25,22,8,5,16,12,21,16,25,16,-,-,-,-,-,-,-,-,-,-,-,-,-,-,-,-,56,27,33,73,8,1,52,5,0.67 ,0.44 ,87,6,4,41,0.47 ,-,14
2025/2026,A1,Regular_Season,1st,2,-,4302,1/2/2026 ,17:00,-,-,O,Clerici Auto Concorezzo,Concorezzo,0,3,6,8,13,16,15,21,16,25,8,3,14,16,18,21,22,25,5,8,12,16,16,21,16,25,-,-,-,-,-,-,-,-,-,-,-,-,-,-,-,-,40,15,3,56,4,1,65,4,0.74 ,0.52 ,103,15,14,35,0.34 ,-,4
2025/2026,A1,Regular_Season,1st,3,-,4303,1/2/2026 ,17:00,-,-,C,Trasporti Bressan Offanengo,Volley Offanengo,3,1,6,8,16,14,21,17,25,18,8,7,14,16,18,21,23,25,3,8,12,16,17,21,28,26,8,3,16,9,21,15,25,20,-,-,-,-,-,-,-,-,84,35,35,100,17,5,83,11,0.61 ,0.24 ,149,13,8,64,0.43 ,-,15
2025/2026,A1,Regular_Season,1st,4,-,4303,1/2/2026 ,17:00,-,-,O,Club Italia,Club Italia,1,3,8,6,14,16,17,21,18,25,7,8,16,14,21,18,25,23,8,3,16,12,21,17,26,28,3,8,9,16,15,21,20,25,-,-,-,-,-,-,-,-,58,24,21,90,7,5,83,7,0.59 ,0.33 ,130,8,15,45,0.35 ,-,8
2025/2026,A1,Regular_Season,1st,5,-,4310,7/2/2026 ,18:30,-,-,C,èpiù Casalmaggiore,Casalmaggiore,0,3,5,8,11,16,17,21,18,25,8,7,11,16,13,21,16,25,5,8,10,16,15,21,21,25,-,-,-,-,-,-,-,-,-,-,-,-,-,-,-,-,43,13,4,57,12,4,63,11,0.68 ,0.40 ,88,10,6,34,0.39 ,-,5
2025/2026,A1,Regular_Season,1st,6,-,4310,7/2/2026 ,18:30,-,-,O,Clai Imola Volley,Imola Csi,3,0,8,5,16,11,21,17,25,18,7,8,16,11,21,13,25,16,8,5,16,10,21,15,25,21,-,-,-,-,-,-,-,-,-,-,-,-,-,-,-,-,51,25,30,73,10,7,45,4,0.80 ,0.27 ,81,2,5,38,0.47 ,-,6
2025/2026,A1,Regular_Season,1st,7,-,4308,8/2/2026 ,16:00,-,-,C,Tenaglia Abruzzo Altino Volley,Tenaglia Altino Volley,3,2,8,4,16,10,21,16,25,19,8,6,16,13,21,17,25,17,5,8,9,16,16,21,19,25,8,7,16,15,19,21,22,25,5,4,10,9,12,11,16,14,71,27,25,103,7,7,88,8,0.61 ,0.32 ,166,20,11,57,0.34 ,-,7
2025/2026,A1,Regular_Season,1st,8,-,4308,8/2/2026 ,16:00,-,-,O,Club Italia,Club Italia,2,3,4,8,10,16,16,21,19,25,6,8,13,16,17,21,17,25,8,5,16,9,21,16,25,19,7,8,15,16,21,19,25,22,4,5,9,10,11,12,14,16,71,25,22,101,13,4,96,15,0.57 ,0.23 ,166,14,7,56,0.34 ,-,11
2025/2026,A1,Regular_Season,1st,9,-,4306,8/2/2026 ,17:00,-,-,C,Trasporti Bressan Offanengo,Volley Offanengo,3,1,8,6,15,16,21,20,25,23,7,8,16,13,21,15,25,22,3,8,6,16,9,21,15,25,8,5,16,10,21,15,25,17,-,-,-,-,-,-,-,-,63,23,26,89,11,2,73,5,0.66 ,0.33 ,136,15,6,52,0.38 ,-,9
2025/2026,A1,Regular_Season,1st,10,-,4306,8/2/2026 ,17:00,-,-,O,Marsala Volley,Marsala Volley,1,3,6,8,16,15,20,21,23,25,8,7,13,16,15,21,22,25,8,3,16,6,21,9,25,15,5,8,10,16,15,21,17,25,-,-,-,-,-,-,-,-,56,18,15,88,15,5,78,5,0.58 ,0.38 ,146,12,9,45,0.31 ,-,6
2025/2026,A1,Regular_Season,1st,11,-,4307,8/2/2026 ,17:00,300,-,C,Volley Modena,Modena,3,2,4,8,10,16,11,21,16,25,5,8,9,16,11,21,13,25,8,3,16,13,21,19,25,23,8,5,16,10,21,15,25,22,5,3,10,7,12,10,16,14,72,23,34,95,8,6,101,10,0.58 ,0.41 ,161,11,9,62,0.39 ,-,4
2025/2026,A1,Regular_Season,1st,12,-,4307,8/2/2026 ,17:00,300,-,O,Clerici Auto Concorezzo,Concorezzo,2,3,8,4,16,10,21,11,25,16,8,5,16,9,21,11,25,13,3,8,13,16,19,21,23,25,5,8,10,16,15,21,22,25,3,5,7,10,10,12,14,16,87,30,56,109,8,2,87,7,0.60 ,0.44 ,180,12,4,76,0.42 ,-,9
2025/2026,A1,Regular_Season,1st,13,-,4311,14/2/2026 ,15:00,-,-,C,Marsala Volley,Marsala Volley,3,1,6,8,11,16,18,21,25,27,6,8,16,15,21,19,25,19,7,8,16,15,21,19,25,22,8,6,16,8,21,11,25,17,-,-,-,-,-,-,-,-,74,35,41,98,6,6,75,6,0.61 ,0.33 ,159,11,10,57,0.36 ,-,11
2025/2026,A1,Regular_Season,2nd,1,-,4311,14/2/2026 ,15:00,-,-,O,Tenaglia Abruzzo Altino Volley,Tenaglia Altino Volley,1,3,8,6,16,11,21,18,27,25,8,6,15,16,19,21,19,25,8,7,15,16,19,21,22,25,6,8,8,16,11,21,17,25,-,-,-,-,-,-,-,-,66,23,24,85,10,6,92,8,0.54 ,0.20 ,151,13,11,50,0.33 ,-,10
2025/2026,A1,Regular_Season,2nd,2,-,4312,15/2/2026 ,17:00,-,-,C,Clerici Auto Concorezzo,Concorezzo,2,3,4,8,9,16,10,21,12,25,8,7,16,15,20,21,26,24,8,5,16,13,21,17,25,21,4,8,11,16,18,21,19,25,5,4,9,10,12,11,13,15,68,25,19,97,14,5,93,15,0.63 ,0.44 ,158,12,8,52,0.33 ,-,11
2025/2026,A1,Regular_Season,2nd,3,-,4312,15/2/2026 ,17:00,-,-,O,Trasporti Bressan Offanengo,Volley Offanengo,3,2,8,4,16,9,21,10,25,12,7,8,15,16,21,20,24,26,5,8,13,16,17,21,21,25,8,4,16,11,21,18,25,19,4,5,10,9,11,12,15,13,77,35,31,107,14,6,83,10,0.63 ,0.43 ,155,11,11,63,0.41 ,-,8
2025/2026,A1,Regular_Season,2nd,4,-,4313,15/2/2026 ,17:00,-,-,C,Clai Imola Volley,Imola Csi,2,3,8,5,16,13,20,21,23,25,4,8,14,16,17,21,22,25,8,5,16,13,21,19,25,22,8,5,16,14,21,18,25,19,1,5,6,10,7,12,10,15,76,27,26,105,14,5,95,3,0.67 ,0.42 ,146,23,10,63,0.43 ,-,8
2025/2026,A1,Regular_Season,2nd,5,-,4313,15/2/2026 ,17:00,-,-,O,Club Italia,Club Italia,3,2,5,8,13,16,21,20,25,23,8,4,16,14,21,17,25,22,5,8,13,16,19,21,22,25,5,8,14,16,18,21,19,25,5,1,10,6,12,7,15,10,69,23,24,106,11,3,91,8,0.64 ,0.47 ,130,18,8,56,0.43 ,-,10
2025/2026,A1,Regular_Season,2nd,6,-,4315,15/2/2026 ,17:00,-,-,C,Panbiscò Leonessa Altamura,Leonessa Volley Altamura,3,2,6,8,16,10,21,15,25,22,6,8,13,16,20,21,25,23,5,8,8,16,15,21,19,25,5,8,10,16,19,21,20,25,5,3,10,6,12,8,15,11,80,37,25,104,11,9,94,12,0.43 ,0.35 ,161,13,19,64,0.40 ,-,7
2025/2026,A1,Regular_Season,2nd,7,-,4315,15/2/2026 ,17:00,-,-,O,èpiù Casalmaggiore,Casalmaggiore,2,3,8,6,10,16,15,21,22,25,8,6,16,13,21,20,23,25,8,5,16,8,21,15,25,19,8,5,16,10,21,19,25,20,3,5,6,10,8,12,11,15,81,39,42,106,12,6,93,11,0.40 ,0.35 ,152,9,7,56,0.37 ,-,19
2025/2026,A1,Regular_Season,2nd,8,-,4320,21/2/2026 ,18:30,-,-,C,èpiù Casalmaggiore,Casalmaggiore,3,1,7,8,16,13,21,17,25,21,7,8,16,13,21,17,25,19,3,8,11,16,13,21,20,25,8,2,16,8,21,13,25,16,-,-,-,-,-,-,-,-,65,29,35,94,11,4,70,5,0.76 ,0.33 ,117,4,10,48,0.41 ,-,13
2025/2026,A1,Regular_Season,2nd,9,-,4320,21/2/2026 ,18:30,-,-,O,Trasporti Bressan Offanengo,Volley Offanengo,1,3,8,7,13,16,17,21,21,25,8,7,13,16,17,21,19,25,8,3,16,11,21,13,25,20,2,8,8,16,13,21,16,25,-,-,-,-,-,-,-,-,66,27,16,82,12,3,83,10,0.71 ,0.17 ,127,15,13,53,0.42 ,-,10
2025/2026,A1,Regular_Season,2nd,10,-,4318,22/2/2026 ,16:00,-,-,C,Panbiscò Leonessa Altamura,Leonessa Volley Altamura,3,1,8,7,14,16,19,21,22,25,8,5,16,12,21,18,25,20,8,5,16,8,21,11,25,13,8,6,16,12,21,16,25,18,-,-,-,-,-,-,-,-,79,35,46,96,10,5,68,3,0.43 ,0.28 ,141,7,13,66,0.47 ,-,8
2025/2026,A1,Regular_Season,2nd,11,-,4318,22/2/2026 ,16:00,-,-,O,Club Italia,Club Italia,1,3,7,8,16,14,21,19,25,22,5,8,12,16,18,21,20,25,5,8,8,16,11,21,13,25,6,8,12,16,16,21,18,25,-,-,-,-,-,-,-,-,56,17,18,77,9,2,86,13,0.35 ,0.27 ,135,8,8,42,0.31 ,-,12
2025/2026,A1,Regular_Season,2nd,12,-,4316,22/2/2026 ,17:00,-,-,C,Marsala Volley,Marsala Volley,3,0,8,7,16,14,20,21,25,23,8,1,16,5,21,13,25,15,6,8,16,14,21,20,28,26,-,-,-,-,-,-,-,-,-,-,-,-,-,-,-,-,61,23,37,75,6,3,61,8,0.49 ,0.21 ,124,8,2,49,0.40 ,-,9
2025/2026,A1,Regular_Season,2nd,13,-,4316,22/2/2026 ,17:00,-,-,O,Volley Modena,Modena,0,3,7,8,14,16,21,20,23,25,1,8,5,16,13,21,15,25,8,6,14,16,20,21,26,28,-,-,-,-,-,-,-,-,-,-,-,-,-,-,-,-,45,16,15,64,3,5,69,9,0.39 ,0.19 ,119,9,9,37,0.31 ,-,3
2025/2026,A1,Play_Off,Quarter,1 ,-,4317,22/2/2026 ,17:00,-,-,C,Clerici Auto Concorezzo,Concorezzo,2,3,8,6,16,10,21,15,25,18,8,7,16,10,21,15,25,19,7,8,14,16,20,21,24,26,5,8,6,16,12,21,13,25,5,4,10,7,12,10,16,18,73,36,18,104,7,5,90,14,0.64 ,0.58 ,176,11,23,58,0.33 ,-,10
2025/2026,A1,Play_Off,Quarter,2 ,-,4317,22/2/2026 ,17:00,-,-,O,Tenaglia Abruzzo Altino Volley,Tenaglia Altino Volley,3,2,6,8,10,16,15,21,18,25,7,8,10,16,15,21,19,25,8,7,16,14,21,20,26,24,8,5,16,6,21,12,25,13,4,5,7,10,10,12,18,16,86,39,36,105,15,9,97,13,0.56 ,0.42 ,164,12,10,54,0.33 ,-,23
2025/2026,A1,Play_Off,Semifinal,1 ,-,4321,1/3/2026 ,16:00,-,-,C,Clai Imola Volley,Imola Csi,1,3,6,8,11,16,13,21,24,26,3,8,9,16,15,21,17,25,6,8,12,16,18,21,26,24,5,8,7,16,8,21,13,25,-,-,-,-,-,-,-,-,56,25,13,81,9,5,87,13,0.51 ,0.33 ,118,18,3,39,0.33 ,-,12
2025/2026,A1,Play_Off,Semifinal,2 ,-,4321,1/3/2026 ,16:00,-,-,O,Marsala Volley,Marsala Volley,3,1,8,6,16,11,21,13,26,24,8,3,16,9,21,15,25,17,8,6,16,12,21,18,24,26,8,5,16,7,21,8,25,13,-,-,-,-,-,-,-,-,73,35,32,99,12,12,72,6,0.81 ,0.54 ,121,11,12,58,0.48 ,-,3
2025/2026,A1,Play_Off,Semifinal,3 ,-,4322,1/3/2026 ,17:00,-,-,C,Panbiscò Leonessa Altamura,Leonessa Volley Altamura,3,0,6,8,16,13,21,16,25,18,8,7,16,12,21,19,25,20,8,7,16,12,21,16,25,21,-,-,-,-,-,-,-,-,-,-,-,-,-,-,-,-,62,27,35,74,5,2,56,6,0.41 ,0.36 ,120,9,7,49,0.41 ,-,11
2025/2026,A1,Play_Off,Semifinal,4 ,-,4322,1/3/2026 ,17:00,-,-,O,Clerici Auto Concorezzo,Concorezzo,0,3,8,6,13,16,16,21,18,25,7,8,12,16,19,21,20,25,7,8,12,16,16,21,21,25,-,-,-,-,-,-,-,-,-,-,-,-,-,-,-,-,44,15,18,60,4,5,69,3,0.51 ,0.39 ,113,8,11,32,0.28 ,-,7
2025/2026,A1,Play_Off,Final,1 ,-,4325,1/3/2026 ,17:00,-,-,C,Tenaglia Abruzzo Altino Volley,Tenaglia Altino Volley,2,3,7,8,13,16,15,21,17,25,2,8,13,16,16,21,17,25,6,8,16,13,21,18,25,22,8,4,16,10,21,13,25,15,4,5,8,10,12,11,13,15,77,29,22,96,11,4,92,15,0.38 ,0.17 ,158,11,17,63,0.40 ,-,10
2025/2026,A1,Play_Off,Final,2 ,-,4325,1/3/2026 ,17:00,-,-,O,èpiù Casalmaggiore,Casalmaggiore,3,2,8,7,16,13,21,15,25,17,8,2,16,13,21,16,25,17,8,6,13,16,18,21,22,25,4,8,10,16,13,21,15,25,5,4,10,8,11,12,15,13,74,30,35,102,10,9,84,12,0.45 ,0.23 ,146,7,10,48,0.33 ,-,17
2025/2026,A1,Play_Off,Final,3 ,-,4323,1/3/2026 ,18:00,400,-,C,Volley Modena,Modena,0,3,7,8,15,16,18,21,22,25,7,8,14,16,16,21,18,25,7,8,10,16,18,21,20,25,-,-,-,-,-,-,-,-,-,-,-,-,-,-,-,-,42,9,6,61,11,2,68,5,0.54 ,0.43 ,107,13,7,38,0.36 ,-,2
2025/2026,A1,Play_Off,Final,4 ,-,4323,1/3/2026 ,18:00,400,-,O,Club Italia,Club Italia,3,0,8,7,16,15,21,18,25,22,8,7,16,14,21,16,25,18,8,7,16,10,21,18,25,20,-,-,-,-,-,-,-,-,-,-,-,-,-,-,-,-,49,20,26,74,6,3,50,7,0.52 ,0.38 ,89,8,2,39,0.44 ,-,7
2025/2026,A1,Coppa_Italia,Quarter,-,-,4326,7/3/2026 ,17:00,-,-,C,Panbiscò Leonessa Altamura,Leonessa Volley Altamura,3,2,8,2,16,12,21,17,25,20,8,6,10,16,13,21,16,25,8,5,16,13,21,17,25,20,6,8,14,16,20,21,23,25,5,3,10,5,12,8,15,10,76,22,32,104,12,3,89,7,0.33 ,0.21 ,188,15,10,66,0.35 ,-,7
2025/2026,A1,Supercoppa,Final,-,-,4326,7/3/2026 ,17:00,-,-,O,Marsala Volley,Marsala Volley,2,3,2,8,12,16,17,21,20,25,6,8,16,10,21,13,25,16,5,8,13,16,17,21,20,25,8,6,16,14,21,20,25,23,3,5,5,10,8,12,10,15,70,22,31,100,11,6,92,5,0.41 ,0.27 ,177,15,7,54,0.31 ,-,10
2025/2026,A2,Pool_Promozione,1st,1,-,4327,8/3/2026 ,17:00,-,-,C,Clerici Auto Concorezzo,Concorezzo,3,0,7,8,12,16,21,20,25,23,8,6,16,9,21,11,25,17,6,8,16,15,21,20,25,22,-,-,-,-,-,-,-,-,-,-,-,-,-,-,-,-,60,21,33,71,8,4,59,5,0.71 ,0.56 ,116,7,7,56,0.48 ,-,.
2025/2026,A2,Pool_Promozione,1st,2,-,4327,8/3/2026 ,17:00,-,-,O,Clai Imola Volley,Imola Csi,0,3,8,7,16,12,20,21,23,25,6,8,9,16,11,21,17,25,8,6,15,16,20,21,22,25,-,-,-,-,-,-,-,-,-,-,-,-,-,-,-,-,44,14,23,62,3,3,63,10,0.57 ,0.35 ,104,8,.,34,0.33 ,-,7
2025/2026,A2,Pool_Promozione,1st,3,-,4328,8/3/2026 ,17:00,-,-,C,Trasporti Bressan Offanengo,Volley Offanengo,3,1,7,8,13,16,17,21,26,24,8,7,14,16,21,20,24,26,8,5,16,10,21,14,25,16,7,8,16,15,21,18,25,22,-,-,-,-,-,-,-,-,83,37,53,98,12,9,80,6,0.64 ,0.48 ,152,7,5,67,0.44 ,-,7
2025/2026,A2,Pool_Promozione,1st,4,-,4328,8/3/2026 ,17:00,-,-,O,Club Italia,Club Italia,1,3,8,7,16,13,21,17,24,26,7,8,16,14,20,21,26,24,5,8,10,16,14,21,16,25,8,7,15,16,18,21,22,25,-,-,-,-,-,-,-,-,67,24,28,89,9,3,86,17,0.53 ,0.31 ,135,6,7,59,0.44 ,-,5
2025/2026,A2,Pool_Promozione,1st,5,-,4330,8/3/2026 ,17:00,180,-,C,Volley Modena,Modena,2,3,8,6,16,13,21,16,25,23,4,8,8,16,12,21,16,25,3,8,16,15,19,21,25,23,6,8,9,16,11,21,11,25,4,5,8,10,9,12,11,15,56,22,4,89,11,3,97,12,0.52 ,0.33 ,155,15,14,49,0.32 ,-,4
2025/2026,A2,Pool_Promozione,2nd,1,-,4330,8/3/2026 ,17:00,180,-,O,èpiù Casalmaggiore,Casalmaggiore,3,2,6,8,13,16,16,21,23,25,8,4,16,8,21,12,25,16,8,3,15,16,21,19,23,25,8,6,16,9,21,11,25,11,5,4,10,8,12,9,15,11,82,42,46,110,13,7,78,7,0.53 ,0.28 ,148,12,4,61,0.41 ,-,14
2025/2026,A2,Pool_Promozione,2nd,2,-,4333,15/3/2026 ,16:00,-,-,C,Tenaglia Abruzzo Altino Volley,Tenaglia Altino Volley,1,3,2,8,15,16,21,18,25,22,4,8,11,16,15,21,20,25,8,5,15,16,17,21,22,25,6,8,15,16,16,21,21,25,-,-,-,-,-,-,-,-,66,22,21,89,9,2,83,10,0.59 ,0.31 ,152,13,13,56,0.37 ,-,8
2025/2026,A2,Pool_Promozione,2nd,3,-,4333,15/3/2026 ,16:00,-,-,O,Club Italia,Club Italia,3,1,8,2,16,15,18,21,22,25,8,4,16,11,21,15,25,20,5,8,16,15,21,17,25,22,8,6,16,15,21,16,25,21,-,-,-,-,-,-,-,-,75,29,39,96,13,4,80,6,0.65 ,0.19 ,146,9,8,58,0.40 ,-,13
2025/2026,A2,Pool_Promozione,2nd,4,-,4331,15/3/2026 ,17:00,-,-,C,Marsala Volley,Marsala Volley,1,3,5,8,13,16,19,21,21,25,7,8,15,16,21,20,26,24,5,8,12,16,14,21,17,25,6,8,13,16,16,21,22,25,-,-,-,-,-,-,-,-,60,16,23,83,7,4,88,8,0.67 ,0.25 ,126,10,12,49,0.39 ,-,7
2025/2026,A2,Pool_Promozione,2nd,5,-,4331,15/3/2026 ,17:00,-,-,O,Trasporti Bressan Offanengo,Volley Offanengo,3,1,8,5,16,13,21,19,25,21,8,7,16,15,20,21,24,26,8,5,16,12,21,14,25,17,8,6,16,13,21,16,25,22,-,-,-,-,-,-,-,-,80,36,47,98,10,6,76,7,0.68 ,0.29 ,114,10,6,62,0.54 ,-,12
2025/2026,A2,Regular_Season_GroupB,1st,1,-,4332,15/3/2026 ,17:00,-,-,C,Clerici Auto Concorezzo,Concorezzo,2,3,8,5,16,13,21,15,25,16,8,6,16,14,21,19,25,20,6,8,9,16,11,21,17,25,7,8,13,16,21,20,26,28,5,4,9,10,10,12,13,15,85,33,46,106,11,7,95,11,0.63 ,0.48 ,169,9,8,70,0.41 ,-,8
2025/2026,A2,Regular_Season_GroupB,1st,2,-,4332,15/3/2026 ,17:00,-,-,O,Volley Modena,Modena,3,2,5,8,13,16,15,21,16,25,6,8,14,16,19,21,20,25,8,6,16,9,21,11,25,17,8,7,16,13,20,21,28,26,4,5,10,9,12,10,15,13,84,31,39,104,9,4,95,17,0.49 ,0.40 ,164,11,8,72,0.44 ,-,8
2025/2026,A2,Regular_Season_GroupB,1st,3,-,4335,15/3/2026 ,17:00,-,-,C,Clai Imola Volley,Imola Csi,3,0,8,3,16,8,21,9,25,14,7,8,16,15,21,18,25,22,7,8,16,13,21,16,25,20,-,-,-,-,-,-,-,-,-,-,-,-,-,-,-,-,57,26,32,73,10,5,52,6,0.54 ,0.31 ,100,5,4,41,0.41 ,-,11
2025/2026,A2,Regular_Season_GroupB,1st,4,-,4335,15/3/2026 ,17:00,-,-,O,èpiù Casalmaggiore,Casalmaggiore,0,3,3,8,8,16,9,21,14,25,8,7,15,16,18,21,22,25,8,7,13,16,16,21,20,25,-,-,-,-,-,-,-,-,-,-,-,-,-,-,-,-,39,13,2,58,6,3,63,9,0.43 ,0.33 ,95,11,11,32,0.34 ,-,4
2025/2026,A2,Regular_Season_GroupB,1st,5,-,4337,21/3/2026 ,18:00,-,-,C,Trasporti Bressan Offanengo,Volley Offanengo,3,1,8,3,16,8,21,10,25,17,8,7,15,16,19,21,21,25,4,8,16,15,21,19,25,23,8,6,16,14,21,20,25,23,-,-,-,-,-,-,-,-,74,23,39,94,12,.,83,5,0.59 ,0.36 ,162,8,10,69,0.43 ,-,5
2025/2026,A2,Regular_Season_GroupB,1st,6,-,4337,21/3/2026 ,18:00,-,-,O,Clerici Auto Concorezzo,Concorezzo,1,3,3,8,8,16,10,21,17,25,7,8,16,15,21,19,25,21,8,4,15,16,19,21,23,25,6,8,14,16,20,21,23,25,-,-,-,-,-,-,-,-,68,22,44,89,6,3,82,.,0.67 ,0.40 ,147,13,5,55,0.37 ,-,10
2025/2026,A2,Regular_Season_GroupB,1st,7,-,4340,21/3/2026 ,18:30,-,-,C,èpiù Casalmaggiore,Casalmaggiore,3,0,8,4,16,10,21,14,25,16,4,8,12,16,19,21,30,28,8,5,16,12,21,17,25,18,-,-,-,-,-,-,-,-,-,-,-,-,-,-,-,-,56,25,40,78,5,4,53,4,0.79 ,0.26 ,105,2,5,43,0.41 ,-,9
2025/2026,A2,Regular_Season_GroupB,1st,8,-,4340,21/3/2026 ,18:30,-,-,O,Panbiscò Leonessa Altamura,Leonessa Volley Altamura,0,3,4,8,10,16,14,21,16,25,8,4,16,12,21,19,28,30,5,8,12,16,17,21,18,25,-,-,-,-,-,-,-,-,-,-,-,-,-,-,-,-,52,14,5,64,11,2,73,14,0.58 ,0.19 ,117,13,9,45,0.38 ,-,5
2025/2026,A2,Regular_Season_GroupB,1st,9,-,4336,22/3/2026 ,12:30,-,-,C,Tenaglia Abruzzo Altino Volley,Tenaglia Altino Volley,3,0,8,5,16,10,21,14,25,17,8,5,16,9,21,15,25,16,8,5,16,10,20,21,27,25,-,-,-,-,-,-,-,-,-,-,-,-,-,-,-,-,57,32,25,74,5,4,51,4,0.63 ,0.49 ,118,15,8,44,0.37 ,-,9
2025/2026,A2,Regular_Season_GroupB,2nd,1,-,4336,22/3/2026 ,12:30,-,-,O,Marsala Volley,Marsala Volley,0,3,5,8,10,16,14,21,17,25,5,8,9,16,15,21,16,25,5,8,10,16,21,20,25,27,-,-,-,-,-,-,-,-,-,-,-,-,-,-,-,-,38,17,7,60,9,1,69,4,0.65 ,0.22 ,126,9,9,29,0.23 ,-,8
2025/2026,A2,Regular_Season_GroupB,2nd,2,-,4338,22/3/2026 ,17:00,-,-,C,Clai Imola Volley,Imola Csi,3,1,6,8,12,16,14,21,17,25,8,7,16,15,21,16,25,21,8,1,16,8,21,9,25,13,7,8,16,14,21,16,25,23,-,-,-,-,-,-,-,-,71,30,37,91,11,5,72,4,0.64 ,0.38 ,122,14,5,52,0.43 ,-,14
2025/2026,A2,Regular_Season_GroupB,2nd,3,-,4338,22/3/2026 ,17:00,-,-,O,Club Italia,Club Italia,1,3,8,6,16,12,21,14,25,17,7,8,15,16,16,21,21,25,1,8,8,16,9,21,13,25,8,7,14,16,16,21,23,25,-,-,-,-,-,-,-,-,57,21,11,83,11,3,80,11,0.65 ,0.48 ,123,10,14,49,0.40 ,-,5
2025/2026,A2,Regular_Season_GroupB,2nd,4,-,4342,28/3/2026 ,18:00,-,-,C,Tenaglia Abruzzo Altino Volley,Tenaglia Altino Volley,3,0,8,5,16,10,21,14,25,18,7,8,16,13,21,15,25,17,8,5,16,14,21,16,25,19,-,-,-,-,-,-,-,-,-,-,-,-,-,-,-,-,49,20,31,75,9,1,45,3,0.69 ,0.27 ,88,2,4,40,0.45 ,-,8
2025/2026,A2,Regular_Season_GroupB,2nd,5,-,4342,28/3/2026 ,18:00,-,-,O,Clerici Auto Concorezzo,Concorezzo,0,3,5,8,10,16,14,21,18,25,8,7,13,16,15,21,17,25,5,8,14,16,16,21,19,25,-,-,-,-,-,-,-,-,-,-,-,-,-,-,-,-,40,5,3,55,10,2,66,3,0.65 ,0.32 ,105,16,8,34,0.32 ,-,4
2025/2026,A2,Regular_Season_GroupB,2nd,6,-,4343,29/3/2026 ,16:00,-,-,C,Panbiscò Leonessa Altamura,Leonessa Volley Altamura,1,3,3,8,10,16,12,21,15,25,3,8,8,16,17,21,22,25,8,6,16,13,21,15,25,19,6,8,10,16,14,21,15,25,-,-,-,-,-,-,-,-,52,12,14,78,6,2,84,5,0.38 ,0.25 ,144,13,14,45,0.31 ,-,5
2025/2026,A2,Regular_Season_GroupB,2nd,7,-,4343,29/3/2026 ,16:00,-,-,O,Club Italia,Club Italia,3,1,8,3,16,10,21,12,25,15,8,3,16,8,21,17,25,22,6,8,13,16,15,21,19,25,8,6,16,10,21,14,25,15,-,-,-,-,-,-,-,-,74,27,41,93,9,4,72,4,0.49 ,0.33 ,129,15,5,56,0.43 ,-,14
2025/2026,A2,Regular_Season_GroupB,2nd,8,-,4341,29/3/2026 ,17:00,-,-,C,Volley Modena,Modena,1,3,8,3,16,11,21,15,25,22,3,8,12,16,15,21,16,25,4,8,9,16,11,21,13,25,5,8,10,16,14,21,20,25,-,-,-,-,-,-,-,-,59,18,8,75,7,2,89,11,0.51 ,0.16 ,152,20,13,50,0.33 ,-,7
2025/2026,A2,Regular_Season_GroupB,2nd,9,-,4341,29/3/2026 ,17:00,-,-,O,Marsala Volley,Marsala Volley,3,1,3,8,11,16,15,21,22,25,8,3,16,12,21,15,25,16,8,4,16,9,21,11,25,13,8,5,16,10,21,14,25,20,-,-,-,-,-,-,-,-,69,29,46,96,7,5,68,2,0.56 ,0.16 ,126,7,7,51,0.40 ,-,13
2025/2026,A2,Play_Off,Quarter,1 ,-,4345,29/3/2026 ,17:00,-,-,C,Trasporti Bressan Offanengo,Volley Offanengo,2,3,8,4,16,10,19,21,22,25,8,4,16,7,21,10,25,14,7,8,14,16,19,21,20,25,7,8,16,10,20,21,28,26,5,4,7,10,9,12,9,15,82,30,40,105,12,4,99,5,0.67 ,0.36 ,175,15,10,68,0.39 ,-,10
2025/2026,A2,Play_Off,Quarter,2 ,-,4345,29/3/2026 ,17:00,-,-,O,èpiù Casalmaggiore,Casalmaggiore,3,2,4,8,10,16,21,19,25,22,4,8,7,16,10,21,14,25,8,7,16,14,21,19,25,20,8,7,10,16,21,20,26,28,4,5,10,7,12,9,15,9,77,29,40,104,5,1,93,6,0.69 ,0.42 ,169,16,10,66,0.39 ,-,10
2025/2026,A2,Play_Off,Semifinal,1 ,-,4346,4/4/2026 ,17:00,-,-,C,Marsala Volley,Marsala Volley,3,1,8,3,16,12,21,14,25,16,8,7,13,16,20,21,23,25,8,3,16,8,21,9,25,13,8,5,16,13,21,20,25,23,-,-,-,-,-,-,-,-,76,36,38,97,8,4,66,7,0.41 ,0.15 ,181,10,13,64,0.35 ,-,8
2025/2026,A2,Play_Off,Semifinal,2 ,-,4346,4/4/2026 ,17:00,-,-,O,Clai Imola Volley,Imola Csi,1,3,3,8,12,16,14,21,16,25,7,8,16,13,21,20,25,23,3,8,8,16,9,21,13,25,5,8,13,16,20,21,23,25,-,-,-,-,-,-,-,-,57,17,20,78,12,6,89,7,0.33 ,0.08 ,161,9,8,38,0.24 ,-,13
2025/2026,A2,Play_Off,Final,1 ,-,4348,4/4/2026 ,17:00,150,-,C,Volley Modena,Modena,1,3,8,7,16,9,21,14,25,20,4,8,12,16,15,21,17,25,8,3,16,14,20,21,29,31,8,6,14,16,18,21,19,25,-,-,-,-,-,-,-,-,73,25,27,91,8,6,93,16,0.46 ,0.26 ,147,10,12,60,0.41 ,-,7
2025/2026,A2,Play_Off,Final,2 ,-,4348,4/4/2026 ,17:00,150,-,O,Club Italia,Club Italia,3,1,7,8,9,16,14,21,20,25,8,4,16,12,21,15,25,17,3,8,14,16,21,20,31,29,6,8,16,14,21,18,25,19,-,-,-,-,-,-,-,-,80,31,45,100,7,6,83,12,0.58 ,0.29 ,145,9,7,62,0.43 ,-,12
2025/2026,A2,Play_Off,Final,3 ,-,4350,4/4/2026 ,17:00,-,-,C,èpiù Casalmaggiore,Casalmaggiore,3,0,7,8,15,16,20,21,26,24,8,5,16,15,21,18,25,19,7,8,16,12,21,18,29,27,-,-,-,-,-,-,-,-,-,-,-,-,-,-,-,-,62,28,34,78,11,3,62,2,0.69 ,0.31 ,118,6,9,51,0.43 ,-,8
2025/2026,A2,Coppa_Italia,Quarter,-,-,4350,4/4/2026 ,17:00,-,-,O,Tenaglia Abruzzo Altino Volley,Tenaglia Altino Volley,0,3,8,7,16,15,21,20,24,26,5,8,15,16,18,21,19,25,8,7,12,16,18,21,27,29,-,-,-,-,-,-,-,-,-,-,-,-,-,-,-,-,49,20,15,71,9,1,67,7,0.61 ,0.06 ,117,9,9,39,0.33 ,-,9
2025/2026,A2,Coppa_Italia,Semifinal,-,-,4347,5/4/2026 ,17:00,-,-,C,Clerici Auto Concorezzo,Concorezzo,0,3,7,8,13,16,15,21,19,25,8,5,12,16,17,21,22,25,3,8,11,16,16,21,20,25,-,-,-,-,-,-,-,-,-,-,-,-,-,-,-,-,41,9,1,64,14,2,63,8,0.65 ,0.43 ,94,11,7,37,0.39 ,-,2
2025/2026,A2,Pool_Promozione,1st,1,-,4347,5/4/2026 ,17:00,-,-,O,Panbiscò Leonessa Altamura,Leonessa Volley Altamura,3,0,8,7,16,13,21,15,25,19,5,8,16,12,21,17,25,22,8,3,16,11,21,16,25,20,-,-,-,-,-,-,-,-,-,-,-,-,-,-,-,-,49,14,23,71,8,2,50,6,0.64 ,0.38 ,93,10,2,40,0.43 ,-,7
2025/2026,A2,Pool_Promozione,1st,2,-,3201,6/10/2025 ,16:00,-,-,C,Clerici Auto Concorezzo,Concorezzo,1,3,5,8,10,16,16,21,23,25,8,1,16,10,21,16,25,19,7,8,10,16,13,21,15,25,5,8,16,14,19,21,19,25,-,-,-,-,-,-,-,-,58,26,14,83,9,3,79,8,0.56 ,0.33 ,159,10,17,42,0.26 ,-,13
2025/2026,A2,Pool_Promozione,1st,3,-,3201,6/10/2025 ,16:00,-,-,O,Narconon Volley Melendugno,Narconon Volley Melendugno,3,1,8,5,16,10,21,16,25,23,1,8,10,16,16,21,19,25,8,7,16,10,21,13,25,15,8,5,14,16,21,19,25,19,-,-,-,-,-,-,-,-,71,33,27,92,13,5,74,7,0.64 ,0.38 ,160,11,13,49,0.31 ,-,17
2025/2026,A2,Pool_Promozione,1st,4,-,3203,6/10/2025 ,20:30,-,-,C,Gruppo Formula 3 Messina,Akademia Messina,3,1,8,5,16,8,21,11,25,22,8,7,15,16,21,20,25,21,8,3,16,15,16,21,18,25,8,7,16,13,21,19,25,20,-,-,-,-,-,-,-,-,67,28,23,92,13,5,78,10,0.53 ,0.40 ,136,12,9,52,0.38 ,-,10
2025/2026,A2,Pool_Promozione,1st,5,-,3203,6/10/2025 ,20:30,-,-,O,Club Italia,Club Italia,1,3,5,8,8,16,11,21,22,25,7,8,16,15,20,21,21,25,3,8,15,16,21,16,25,18,7,8,13,16,19,21,20,25,-,-,-,-,-,-,-,-,63,30,20,89,11,7,79,10,0.48 ,0.32 ,137,12,10,47,0.34 ,-,9
2025/2026,A2,Pool_Promozione,2nd,1,-,3204,6/10/2025 ,20:30,-,-,C,Itas Trentino,Trentino Volley,3,0,7,8,16,12,21,14,25,17,8,2,16,12,21,14,25,15,8,5,16,8,21,11,25,11,-,-,-,-,-,-,-,-,-,-,-,-,-,-,-,-,56,32,39,74,8,5,37,2,0.54 ,0.41 ,83,4,3,42,0.51 ,-,9
2025/2026,A2,Pool_Promozione,2nd,2,-,3204,6/10/2025 ,20:30,-,-,O,èpiù Casalmaggiore,Casalmaggiore,0,3,8,7,12,16,14,21,17,25,2,8,12,16,14,21,15,25,5,8,8,16,11,21,11,25,-,-,-,-,-,-,-,-,-,-,-,-,-,-,-,-,31,7,.,44,7,2,66,7,0.48 ,0.26 ,87,8,9,26,0.30 ,-,3
2025/2026,A2,Pool_Promozione,2nd,3,-,3205,6/10/2025 ,20:30,-,-,C,C.B.L. Costa Volpino,Pallavolo C.B.L Costa Volpino,3,0,8,2,16,12,21,17,27,25,8,6,16,12,20,21,25,23,8,6,16,12,21,15,25,16,-,-,-,-,-,-,-,-,-,-,-,-,-,-,-,-,63,33,41,76,4,7,59,4,0.61 ,0.29 ,121,6,8,48,0.40 ,-,8
2025/2026,A2,Pool_Promozione,2nd,4,-,3205,6/10/2025 ,20:30,-,-,O,Marsala Volley,Marsala Volley,0,3,2,8,12,16,17,21,25,27,6,8,12,16,21,20,23,25,6,8,12,16,15,21,16,25,-,-,-,-,-,-,-,-,-,-,-,-,-,-,-,-,54,24,22,65,6,4,72,8,0.63 ,0.35 ,123,8,10,43,0.35 ,-,7
2025/2026,A2,Pool_Promozione,2nd,5,-,3206,11/10/2025 ,16:00,-,-,C,èpiù Casalmaggiore,Casalmaggiore,1,3,3,8,6,16,11,21,14,25,6,8,10,16,13,21,19,25,7,8,14,16,21,18,25,23,7,8,11,16,15,21,16,25,-,-,-,-,-,-,-,-,51,17,11,75,11,5,82,11,0.67 ,0.32 ,135,8,10,39,0.29 ,-,7
2025/2026,A2,Regular_Season_GroupB,1st,1,-,3206,11/10/2025 ,16:00,-,-,O,Narconon Volley Melendugno,Narconon Volley Melendugno,3,1,8,3,16,6,21,11,25,14,8,6,16,10,21,13,25,19,8,7,16,14,18,21,23,25,8,7,16,11,21,15,25,16,-,-,-,-,-,-,-,-,78,40,38,97,15,6,64,10,0.75 ,0.23 ,137,8,7,62,0.45 ,-,10
2025/2026,A2,Regular_Season_GroupB,1st,2,-,3209,12/10/2025 ,16:00,-,-,C,Gruppo Formula 3 Messina,Akademia Messina,1,3,8,7,16,13,21,14,25,16,8,4,16,14,20,21,24,26,4,8,11,16,12,21,17,25,7,8,16,14,19,21,21,25,-,-,-,-,-,-,-,-,66,28,27,88,9,9,84,9,0.52 ,0.36 ,152,11,10,43,0.28 ,-,14
2025/2026,A2,Regular_Season_GroupB,1st,3,-,3209,12/10/2025 ,16:00,-,-,O,Clerici Auto Concorezzo,Concorezzo,3,1,7,8,13,16,14,21,16,25,4,8,14,16,21,20,26,24,8,4,16,11,21,12,25,17,8,7,14,16,21,19,25,21,-,-,-,-,-,-,-,-,69,31,23,91,7,5,79,12,0.70 ,0.46 ,158,13,14,54,0.34 ,-,10
2025/2026,A2,Regular_Season_GroupB,1st,4,-,3208,12/10/2025 ,17:00,-,-,C,Itas Trentino,Trentino Volley,3,0,8,7,15,16,21,20,25,21,8,6,14,16,21,20,26,24,6,8,16,11,21,17,25,19,-,-,-,-,-,-,-,-,-,-,-,-,-,-,-,-,51,25,24,75,8,6,54,6,0.63 ,0.43 ,101,8,5,35,0.35 ,-,10
2025/2026,A2,Regular_Season_GroupB,1st,5,-,3208,12/10/2025 ,17:00,-,-,O,Club Italia,Club Italia,0,3,7,8,16,15,20,21,21,25,6,8,16,14,20,21,24,26,8,6,11,16,17,21,19,25,-,-,-,-,-,-,-,-,-,-,-,-,-,-,-,-,46,17,-2,65,11,2,66,14,0.59 ,0.33 ,110,11,10,39,0.35 ,-,5
2025/2026,A2,Regular_Season_GroupB,1st,6,-,3210,12/10/2025 ,17:00,-,-,C,SMI Roma Volley,Roma Volley Club,0,3,6,8,16,15,21,19,22,25,8,5,14,16,20,21,27,29,8,7,13,16,14,21,19,25,-,-,-,-,-,-,-,-,-,-,-,-,-,-,-,-,44,19,16,69,5,2,65,6,0.68 ,0.42 ,105,9,8,35,0.33 ,-,7
2025/2026,A2,Regular_Season_GroupB,1st,7,-,3210,12/10/2025 ,17:00,-,-,O,C.B.L. Costa Volpino,Pallavolo C.B.L Costa Volpino,3,0,8,6,15,16,19,21,25,22,5,8,16,14,21,20,29,27,7,8,16,13,21,14,25,19,-,-,-,-,-,-,-,-,-,-,-,-,-,-,-,-,62,26,30,78,13,2,64,3,0.56 ,0.28 ,123,9,7,52,0.42 ,-,8
2025/2026,A2,Regular_Season_GroupB,1st,8,-,3215,18/10/2025 ,21:00,-,-,C,èpiù Casalmaggiore,Casalmaggiore,3,1,8,3,16,13,21,16,25,19,8,3,16,14,21,20,27,25,8,6,16,15,20,21,26,28,8,2,16,11,21,13,25,16,-,-,-,-,-,-,-,-,76,29,43,102,13,4,74,6,0.80 ,0.31 ,143,7,7,61,0.43 ,-,11
2025/2026,A2,Regular_Season_GroupB,1st,9,-,3215,18/10/2025 ,21:00,-,-,O,SMI Roma Volley,Roma Volley Club,1,3,3,8,13,16,16,21,19,25,3,8,14,16,20,21,25,27,6,8,15,16,21,20,28,26,2,8,11,16,13,21,16,25,-,-,-,-,-,-,-,-,68,21,25,89,15,2,89,5,0.67 ,0.09 ,154,12,11,59,0.38 ,-,7
2025/2026,A2,Regular_Season_GroupB,2nd,1,-,3211,19/10/2025 ,16:30,-,-,C,Narconon Volley Melendugno,Narconon Volley Melendugno,3,1,5,8,14,16,21,20,25,23,7,8,13,16,15,21,16,25,8,5,16,11,21,16,25,21,8,5,16,12,21,14,25,16,-,-,-,-,-,-,-,-,67,28,29,90,10,10,75,8,0.47 ,0.21 ,141,6,10,47,0.33 ,-,10
2025/2026,A2,Regular_Season_GroupB,2nd,2,-,3211,19/10/2025 ,16:30,-,-,O,Club Italia,Club Italia,1,3,8,5,16,14,20,21,23,25,8,7,16,13,21,15,25,16,5,8,11,16,16,21,21,25,5,8,12,16,14,21,16,25,-,-,-,-,-,-,-,-,63,27,12,86,11,3,80,16,0.36 ,0.10 ,144,12,10,50,0.35 ,-,10
2025/2026,A2,Regular_Season_GroupB,2nd,3,-,3213,19/10/2025 ,17:00,-,-,C,C.B.L. Costa Volpino,Pallavolo C.B.L Costa Volpino,3,0,8,3,16,10,21,11,25,15,8,5,16,15,21,20,25,21,6,8,16,12,21,14,25,16,-,-,-,-,-,-,-,-,-,-,-,-,-,-,-,-,60,30,34,74,10,.,45,3,0.69 ,0.44 ,117,8,5,55,0.47 ,-,5
2025/2026,A2,Regular_Season_GroupB,2nd,4,-,3213,19/10/2025 ,17:00,-,-,O,Clerici Auto Concorezzo,Concorezzo,0,3,3,8,10,16,11,21,15,25,5,8,15,16,20,21,21,25,8,6,12,16,14,21,16,25,-,-,-,-,-,-,-,-,-,-,-,-,-,-,-,-,34,12,10,53,8,3,64,3,0.69 ,0.36 ,112,7,6,27,0.24 ,-,4
2025/2026,A2,Regular_Season_GroupB,2nd,5,-,3214,19/10/2025 ,17:00,-,-,C,Itas Trentino,Trentino Volley,3,0,8,4,16,9,21,12,25,14,8,5,16,12,21,16,25,18,7,8,14,16,20,21,25,23,-,-,-,-,-,-,-,-,-,-,-,-,-,-,-,-,48,27,24,74,3,8,46,8,0.54 ,0.39 ,94,10,3,33,0.35 ,-,7
2025/2026,A2,Regular_Season_GroupB,2nd,6,-,3214,19/10/2025 ,17:00,-,-,O,Marsala Volley,Marsala Volley,0,3,4,8,9,16,12,21,14,25,5,8,12,16,16,21,18,25,8,7,16,14,21,20,23,25,-,-,-,-,-,-,-,-,-,-,-,-,-,-,-,-,39,13,1,56,10,5,71,10,0.48 ,0.24 ,103,11,7,31,0.30 ,-,3
2025/2026,A2,Regular_Season_GroupB,2nd,7,-,3218,25/10/2025 ,16:00,-,-,C,èpiù Casalmaggiore,Casalmaggiore,1,3,6,8,13,16,18,21,20,25,8,6,14,16,20,21,21,25,8,4,16,8,21,11,25,11,3,8,10,16,16,21,18,25,-,-,-,-,-,-,-,-,61,28,22,85,9,8,68,11,0.59 ,0.19 ,111,10,9,40,0.36 ,-,13
2025/2026,A2,Regular_Season_GroupB,2nd,8,-,3218,25/10/2025 ,16:00,-,-,O,Club Italia,Club Italia,3,1,8,6,16,13,21,18,25,20,6,8,16,14,21,20,25,21,4,8,8,16,11,21,11,25,8,3,16,10,21,16,25,18,-,-,-,-,-,-,-,-,67,25,20,85,17,10,76,11,0.58 ,0.09 ,108,6,13,48,0.44 ,-,9
2025/2026,A2,Regular_Season_GroupB,2nd,9,-,3220,26/10/2025 ,15:30,-,-,C,SMI Roma Volley,Roma Volley Club,3,1,8,6,16,10,21,12,25,14,8,7,16,14,19,21,22,25,8,7,16,15,20,21,25,23,8,4,16,10,21,18,25,21,-,-,-,-,-,-,-,-,60,22,31,94,10,4,68,8,0.63 ,0.46 ,109,4,7,48,0.44 ,-,8
2025/2026,A2,Play_Off,Quarter,1 ,-,3220,26/10/2025 ,15:30,-,-,O,Gruppo Formula 3 Messina,Akademia Messina,1,3,6,8,10,16,12,21,14,25,7,8,14,16,21,19,25,22,7,8,15,16,21,20,23,25,4,8,10,16,18,21,21,25,-,-,-,-,-,-,-,-,65,19,19,83,15,6,84,6,0.51 ,0.38 ,128,17,8,52,0.41 ,-,7
2025/2026,A2,Play_Off,Quarter,2 ,-,3216,26/10/2025 ,17:00,-,-,C,Marsala Volley,Marsala Volley,3,1,5,8,12,16,21,19,25,23,5,8,11,16,17,21,22,25,7,8,14,16,19,21,27,25,8,3,16,12,21,14,25,20,-,-,-,-,-,-,-,-,65,23,19,98,17,3,82,8,0.50 ,0.32 ,138,8,12,54,0.39 ,-,8
2025/2026,A1,Play_Off_Challenge ,GroupB,1,-,3216,26/10/2025 ,17:00,-,-,O,Narconon Volley Melendugno,Narconon Volley Melendugno,1,3,8,5,16,12,19,21,23,25,8,5,16,11,21,17,25,22,8,7,16,14,21,19,25,27,3,8,12,16,14,21,20,25,-,-,-,-,-,-,-,-,61,27,14,94,12,5,81,11,0.46 ,0.33 ,128,11,8,44,0.34 ,-,12
2025/2026,A1,Play_Off_Challenge ,GroupB,2,-,3219,26/10/2025 ,17:00,-,-,C,Clerici Auto Concorezzo,Concorezzo,0,3,4,8,10,16,20,21,22,25,4,8,11,16,18,21,20,25,7,8,14,16,18,21,21,25,-,-,-,-,-,-,-,-,-,-,-,-,-,-,-,-,51,16,28,65,7,2,66,3,0.82 ,0.58 ,126,4,9,44,0.35 ,-,5
2025/2026,A1,Play_Off_Challenge ,GroupB,3,-,3219,26/10/2025 ,17:00,-,-,O,Itas Trentino,Trentino Volley,3,0,8,4,16,10,21,20,25,22,8,4,16,11,21,18,25,20,8,7,16,14,21,18,25,21,-,-,-,-,-,-,-,-,-,-,-,-,-,-,-,-,61,21,40,73,7,2,58,5,0.55 ,0.40 ,125,4,5,50,0.40 ,-,9
2025/2026,A1,Play_Off_Challenge ,GroupB,4,-,3225,1/11/2025 ,15:00,-,-,C,èpiù Casalmaggiore,Casalmaggiore,0,3,8,6,16,12,21,17,25,27,6,8,15,16,19,21,22,25,6,8,12,16,12,21,14,25,-,-,-,-,-,-,-,-,-,-,-,-,-,-,-,-,43,15,8,62,5,4,65,11,0.54 ,0.06 ,118,9,10,34,0.29 ,-,5
2025/2026,A1,Play_Off_Challenge ,GroupB,5,-,3225,1/11/2025 ,15:00,-,-,O,Marsala Volley,Marsala Volley,3,0,6,8,12,16,17,21,27,25,8,6,16,15,21,19,25,22,8,6,16,12,21,12,25,14,-,-,-,-,-,-,-,-,-,-,-,-,-,-,-,-,63,30,32,76,11,5,57,9,0.51 ,0.04 ,114,6,5,48,0.42 ,-,10
2025/2026,A1,Play_Off_Challenge ,GroupB,6,-,3224,1/11/2025 ,15:30,-,-,C,Gruppo Formula 3 Messina,Akademia Messina,1,3,6,8,11,16,15,21,18,25,5,8,14,16,19,21,24,26,4,8,14,16,21,20,25,23,8,5,16,15,16,21,20,25,-,-,-,-,-,-,-,-,67,20,25,88,14,6,90,.,0.71 ,0.37 ,152,15,13,53,0.35 ,-,8
2025/2026,A1,Regular_Season,1st,1,-,3224,1/11/2025 ,15:30,-,-,O,C.B.L. Costa Volpino,Pallavolo C.B.L Costa Volpino,3,1,8,6,16,11,21,15,25,18,8,5,16,14,21,19,26,24,8,4,16,14,20,21,23,25,5,8,15,16,21,16,25,20,-,-,-,-,-,-,-,-,64,23,33,98,8,.,74,8,0.62 ,0.30 ,121,7,8,51,0.42 ,-,13
2025/2026,A1,Regular_Season,1st,2,-,3221,2/11/2025 ,17:00,-,-,C,Narconon Volley Melendugno,Narconon Volley Melendugno,1,3,5,8,8,16,13,21,19,25,8,6,16,12,21,15,25,16,2,8,9,16,15,21,19,25,5,8,10,16,13,21,17,25,-,-,-,-,-,-,-,-,59,21,12,81,17,6,77,8,0.56 ,0.30 ,124,9,13,48,0.39 ,-,5
2025/2026,A1,Regular_Season,1st,3,-,3221,2/11/2025 ,17:00,-,-,O,SMI Roma Volley,Roma Volley Club,3,1,8,5,16,8,21,13,25,19,6,8,12,16,15,21,16,25,8,2,16,9,21,15,25,19,8,5,16,10,21,13,25,17,-,-,-,-,-,-,-,-,65,28,33,90,13,6,64,9,0.55 ,0.30 ,102,5,5,46,0.45 ,-,13
2025/2026,A1,Regular_Season,1st,4,-,3223,2/11/2025 ,17:00,-,-,C,Clerici Auto Concorezzo,Concorezzo,2,3,7,8,15,16,21,20,25,22,6,8,11,16,21,18,25,23,3,8,8,16,14,21,21,25,3,8,15,16,17,21,20,25,5,4,7,10,8,12,12,15,83,24,42,103,13,1,100,11,0.63 ,0.45 ,183,9,8,79,0.43 ,-,3
2025/2026,A1,Regular_Season,1st,5,-,3223,2/11/2025 ,17:00,-,-,O,Club Italia,Club Italia,3,2,8,7,16,15,20,21,22,25,8,6,16,11,18,21,23,25,8,3,16,8,21,14,25,21,8,3,16,15,21,17,25,20,4,5,10,7,12,8,15,12,85,35,48,109,9,3,90,17,0.49 ,0.39 ,157,8,3,74,0.47 ,-,8
2025/2026,A1,Regular_Season,1st,6,-,3230,5/11/2025 ,18:30,-,-,C,Marsala Volley,Marsala Volley,2,3,5,8,16,15,19,21,19,25,8,4,16,10,21,12,25,17,7,8,12,16,17,21,29,27,6,8,12,16,20,21,21,25,5,4,9,10,9,12,15,17,72,33,18,108,15,4,99,9,0.51 ,0.29 ,181,8,20,62,0.34 ,-,6
2025/2026,A1,Regular_Season,1st,7,-,3230,5/11/2025 ,18:30,-,-,O,Gruppo Formula 3 Messina,Akademia Messina,3,2,8,5,15,16,21,19,25,19,4,8,10,16,12,21,17,25,8,7,16,12,21,17,27,29,8,6,16,12,21,20,25,21,4,5,10,9,12,9,17,15,82,42,35,111,12,5,93,14,0.27 ,0.15 ,160,14,6,57,0.36 ,-,20
2025/2026,A1,Regular_Season,1st,8,-,3227,5/11/2025 ,20:30,-,-,C,SMI Roma Volley,Roma Volley Club,3,0,7,8,14,16,21,20,25,23,8,6,16,12,21,15,25,17,8,5,16,13,21,18,25,21,-,-,-,-,-,-,-,-,-,-,-,-,-,-,-,-,49,27,26,74,5,4,50,5,0.52 ,0.24 ,119,6,7,39,0.33 ,-,6
2025/2026,A1,Regular_Season,1st,9,-,3227,5/11/2025 ,20:30,-,-,O,Club Italia,Club Italia,0,3,8,7,16,14,20,21,23,25,6,8,12,16,15,21,17,25,5,8,13,16,18,21,21,25,-,-,-,-,-,-,-,-,-,-,-,-,-,-,-,-,46,16,7,62,12,2,69,13,0.41 ,0.23 ,107,8,6,37,0.35 ,-,7
2025/2026,A1,Regular_Season,1st,10,-,3228,5/11/2025 ,20:30,-,-,C,Clerici Auto Concorezzo,Concorezzo,3,0,8,5,15,16,21,17,30,28,8,5,16,7,21,9,25,14,8,7,16,15,21,17,25,19,-,-,-,-,-,-,-,-,-,-,-,-,-,-,-,-,73,35,50,78,7,6,58,6,0.72 ,0.55 ,102,7,3,57,0.56 ,-,10
2025/2026,A1,Regular_Season,1st,11,-,3228,5/11/2025 ,20:30,-,-,O,èpiù Casalmaggiore,Casalmaggiore,0,3,5,8,16,15,17,21,28,30,5,8,7,16,9,21,14,25,7,8,15,16,17,21,19,25,-,-,-,-,-,-,-,-,-,-,-,-,-,-,-,-,45,13,17,61,3,3,71,12,0.51 ,0.38 ,98,3,10,39,0.40 ,-,3
2025/2026,A1,Regular_Season,1st,12,-,3229,5/11/2025 ,20:30,-,-,C,C.B.L. Costa Volpino,Pallavolo C.B.L Costa Volpino,2,3,8,7,13,16,18,21,25,23,2,8,9,16,15,21,17,25,8,4,16,13,21,15,26,28,8,6,16,13,21,19,25,21,3,5,6,10,12,11,13,15,78,29,35,105,8,3,102,6,0.71 ,0.49 ,178,12,17,64,0.36 ,-,11
2025/2026,A1,Regular_Season,1st,13,-,3229,5/11/2025 ,20:30,-,-,O,Itas Trentino,Trentino Volley,3,2,7,8,16,13,21,18,23,25,8,2,16,9,21,15,25,17,4,8,13,16,15,21,28,26,6,8,13,16,19,21,21,25,5,3,10,6,11,12,15,13,88,36,43,112,10,4,97,8,0.78 ,0.42 ,181,15,12,67,0.37 ,-,17
2025/2026,A1,Regular_Season,2nd,1,-,3233,9/11/2025 ,15:30,-,-,C,Marsala Volley,Marsala Volley,3,1,8,7,15,16,19,21,25,22,6,8,13,16,17,21,19,25,8,6,16,9,21,15,25,17,8,5,16,12,21,17,28,26,-,-,-,-,-,-,-,-,74,25,45,96,6,4,82,10,0.48 ,0.27 ,156,8,5,66,0.42 ,-,4
2025/2026,A1,Regular_Season,2nd,2,-,3233,9/11/2025 ,15:30,-,-,O,Club Italia,Club Italia,1,3,7,8,16,15,21,19,22,25,8,6,16,13,21,17,25,19,6,8,9,16,15,21,17,25,5,8,12,16,17,21,26,28,-,-,-,-,-,-,-,-,72,23,36,91,9,3,90,11,0.48 ,0.27 ,152,11,4,64,0.42 ,-,5
2025/2026,A1,Regular_Season,2nd,3,-,3231,9/11/2025 ,17:00,-,-,C,Narconon Volley Melendugno,Narconon Volley Melendugno,3,0,5,8,13,16,21,20,25,23,8,5,14,16,19,21,25,23,8,5,16,13,21,14,25,15,-,-,-,-,-,-,-,-,-,-,-,-,-,-,-,-,57,22,37,74,8,8,55,2,0.67 ,0.27 ,99,6,4,37,0.37 ,-,12
2025/2026,A1,Regular_Season,2nd,4,-,3231,9/11/2025 ,17:00,-,-,O,C.B.L. Costa Volpino,Pallavolo C.B.L Costa Volpino,0,3,8,5,16,13,20,21,23,25,5,8,16,14,21,19,23,25,5,8,13,16,14,21,15,25,-,-,-,-,-,-,-,-,-,-,-,-,-,-,-,-,44,13,3,62,7,2,66,11,0.48 ,0.30 ,109,11,12,38,0.35 ,-,4
2025/2026,A1,Regular_Season,2nd,5,-,3234,9/11/2025 ,17:00,-,-,C,Clerici Auto Concorezzo,Concorezzo,0,3,5,8,11,16,15,21,16,25,4,8,14,16,16,21,20,25,3,8,10,16,15,21,16,25,-,-,-,-,-,-,-,-,-,-,-,-,-,-,-,-,31,9,-6,53,8,1,62,9,0.58 ,0.42 ,100,9,11,27,0.27 ,-,3
2025/2026,A1,Regular_Season,2nd,6,-,3234,9/11/2025 ,17:00,-,-,O,SMI Roma Volley,Roma Volley Club,3,0,8,5,16,11,21,15,25,16,8,4,16,14,21,16,25,20,8,3,16,10,21,15,25,16,-,-,-,-,-,-,-,-,-,-,-,-,-,-,-,-,53,28,25,74,12,5,45,5,0.67 ,0.56 ,90,8,3,37,0.41 ,-,11
2025/2026,A1,Regular_Season,2nd,7,-,3235,9/11/2025 ,17:00,-,-,C,Itas Trentino,Trentino Volley,1,3,8,7,16,13,21,15,25,18,8,5,16,14,20,21,24,26,3,8,16,15,20,21,22,25,6,8,15,16,18,21,23,25,-,-,-,-,-,-,-,-,63,27,17,95,10,6,80,9,0.50 ,0.33 ,140,12,15,47,0.34 ,-,10
2025/2026,A1,Regular_Season,2nd,8,-,3235,9/11/2025 ,17:00,-,-,O,Gruppo Formula 3 Messina,Akademia Messina,3,1,7,8,13,16,15,21,18,25,5,8,14,16,21,20,26,24,8,3,15,16,21,20,25,22,8,6,16,15,21,18,25,23,-,-,-,-,-,-,-,-,68,26,25,93,13,6,85,8,0.58 ,0.32 ,141,12,10,47,0.33 ,-,15
2025/2026,A1,Regular_Season,2nd,9,-,3236,15/11/2025 ,20:30,-,-,C,Itas Trentino,Trentino Volley,2,3,4,8,16,14,20,21,23,25,8,7,16,15,21,19,25,19,4,8,10,16,16,21,18,25,4,8,14,16,21,20,30,28,5,1,5,10,7,12,11,15,83,39,34,107,8,3,99,12,0.45 ,0.24 ,206,16,13,65,0.32 ,-,15
2025/2026,A1,Regular_Season,2nd,10,-,3236,15/11/2025 ,20:30,-,-,O,Narconon Volley Melendugno,Narconon Volley Melendugno,3,2,8,4,14,16,21,20,25,23,7,8,15,16,19,21,19,25,8,4,16,10,21,16,25,18,8,4,16,14,20,21,28,30,1,5,10,5,12,7,15,11,85,37,43,112,13,8,99,6,0.64 ,0.40 ,199,8,15,64,0.32 ,-,13
2025/2026,A1,Regular_Season,2nd,11,-,3238,16/11/2025 ,17:00,-,-,C,C.B.L. Costa Volpino,Pallavolo C.B.L Costa Volpino,3,2,8,3,16,7,21,11,25,15,4,8,9,16,15,21,18,25,8,7,16,13,20,21,28,30,8,7,16,15,19,21,26,24,5,3,8,10,12,10,15,12,88,37,54,112,7,5,97,8,0.65 ,0.39 ,159,16,3,74,0.47 ,-,9
2025/2026,A1,Regular_Season,2nd,12,-,3238,16/11/2025 ,17:00,-,-,O,Club Italia,Club Italia,2,3,3,8,7,16,11,21,15,25,8,4,16,9,21,15,25,18,7,8,13,16,21,20,30,28,7,8,15,16,21,19,24,26,3,5,10,8,10,12,12,15,83,28,45,106,9,6,105,7,0.73 ,0.47 ,161,13,9,74,0.46 ,-,3
2025/2026,A1,Regular_Season,2nd,13,-,3239,16/11/2025 ,17:00,-,-,C,Marsala Volley,Marsala Volley,1,3,8,5,16,13,21,20,29,27,6,8,16,15,20,21,22,25,7,8,11,16,19,21,22,25,5,8,10,16,16,21,18,25,-,-,-,-,-,-,-,-,67,20,29,92,7,3,91,14,0.47 ,0.27 ,153,8,8,61,0.40 ,-,3
2025/2026,A2,Pool_Salvezza,1st,1,-,3239,16/11/2025 ,17:00,-,-,O,SMI Roma Volley,Roma Volley Club,3,1,5,8,13,16,20,21,27,29,8,6,15,16,21,20,25,22,8,7,16,11,21,19,25,22,8,5,16,10,21,16,25,18,-,-,-,-,-,-,-,-,80,28,41,101,10,7,85,13,0.45 ,0.19 ,147,13,3,65,0.44 ,-,8
2025/2026,A2,Pool_Salvezza,1st,3,-,3240,17/11/2025 ,17:00,-,-,C,Gruppo Formula 3 Messina,Akademia Messina,3,1,7,8,16,12,18,21,21,25,8,7,16,15,21,19,25,23,6,8,16,15,21,17,25,18,8,5,16,14,21,17,25,22,-,-,-,-,-,-,-,-,79,38,31,95,14,5,79,9,0.67 ,0.35 ,141,11,14,63,0.45 ,-,11
2025/2026,A2,Pool_Salvezza,1st,4,-,3240,17/11/2025 ,17:00,-,-,O,èpiù Casalmaggiore,Casalmaggiore,1,3,8,7,12,16,21,18,25,21,7,8,15,16,19,21,23,25,8,6,15,16,17,21,18,25,5,8,14,16,17,21,22,25,-,-,-,-,-,-,-,-,63,27,28,89,10,7,81,7,0.67 ,0.36 ,121,7,11,42,0.35 ,-,14
2025/2026,A2,Pool_Salvezza,1st,5,-,3245,22/11/2025 ,16:00,-,-,C,èpiù Casalmaggiore,Casalmaggiore,0,3,8,6,11,16,12,21,15,25,7,8,10,16,13,21,16,25,5,8,15,16,18,21,20,25,-,-,-,-,-,-,-,-,-,-,-,-,-,-,-,-,36,14,1,53,9,2,68,11,0.56 ,0.26 ,94,5,10,29,0.31 ,-,5
2025/2026,A2,Pool_Salvezza,2nd,1,-,3245,22/11/2025 ,16:00,-,-,O,C.B.L. Costa Volpino,Pallavolo C.B.L Costa Volpino,3,0,6,8,16,11,21,12,25,15,8,7,16,10,21,13,25,16,8,5,16,15,21,18,25,20,-,-,-,-,-,-,-,-,-,-,-,-,-,-,-,-,58,32,36,73,5,8,44,4,0.55 ,0.11 ,92,8,5,40,0.43 ,-,10
2025/2026,A2,Pool_Salvezza,2nd,3,-,3243,23/11/2025 ,15:00,-,-,C,Clerici Auto Concorezzo,Concorezzo,3,2,8,6,16,12,21,16,25,20,8,6,16,13,21,15,25,20,5,8,13,16,18,21,20,25,4,8,12,16,15,21,16,25,5,2,10,4,12,8,16,14,80,30,38,98,11,5,93,2,0.76 ,0.57 ,201,14,15,59,0.29 ,-,16
2025/2026,A2,Pool_Salvezza,2nd,4,-,3243,23/11/2025 ,15:00,-,-,O,Marsala Volley,Marsala Volley,2,3,6,8,12,16,16,21,20,25,6,8,13,16,15,21,20,25,8,5,16,13,21,18,25,20,8,4,16,12,21,15,25,16,2,5,4,10,8,12,14,16,75,30,32,101,8,.,87,10,0.63 ,0.49 ,177,9,16,60,0.34 ,-,15
2025/2026,A2,Pool_Salvezza,2nd,5,-,3241,23/11/2025 ,17:00,-,-,C,Narconon Volley Melendugno,Narconon Volley Melendugno,3,1,4,8,16,13,21,16,25,18,8,3,16,8,21,17,25,23,7,8,12,16,19,21,24,26,8,3,16,7,21,14,25,15,-,-,-,-,-,-,-,-,73,39,36,98,15,6,67,9,0.58 ,0.45 ,118,7,6,53,0.45 ,-,14
2025/2026,A2,Regular_Season_GroupB,1st,1,-,3241,23/11/2025 ,17:00,-,-,O,Gruppo Formula 3 Messina,Akademia Messina,1,3,8,4,13,16,16,21,18,25,3,8,8,16,17,21,23,25,8,7,16,12,21,19,26,24,3,8,7,16,14,21,15,25,-,-,-,-,-,-,-,-,58,24,12,83,16,6,83,8,0.40 ,0.23 ,126,8,14,46,0.37 ,-,6
2025/2026,A2,Regular_Season_GroupB,1st,2,-,3244,23/11/2025 ,17:00,-,-,C,SMI Roma Volley,Roma Volley Club,3,1,6,8,12,16,21,20,24,26,9,8,16,12,21,18,25,20,8,7,16,9,21,18,25,20,8,7,16,13,21,20,25,22,-,-,-,-,-,-,-,-,74,32,44,97,6,5,76,7,0.57 ,0.33 ,154,6,11,62,0.40 ,-,7
2025/2026,A2,Regular_Season_GroupB,1st,3,-,3244,23/11/2025 ,17:00,-,-,O,Itas Trentino,Trentino Volley,1,3,8,6,16,12,20,21,26,24,8,9,12,16,18,21,20,25,7,8,9,16,18,21,20,25,7,8,13,16,20,21,22,25,-,-,-,-,-,-,-,-,74,24,36,88,12,5,91,11,0.54 ,0.27 ,160,8,7,58,0.36 ,-,11
2025/2026,A2,Regular_Season_GroupB,1st,4,-,3249,29/11/2025 ,18:30,-,-,C,èpiù Casalmaggiore,Casalmaggiore,0,3,7,8,11,16,14,21,18,25,8,5,16,14,21,20,21,25,7,8,16,15,21,20,21,25,-,-,-,-,-,-,-,-,-,-,-,-,-,-,-,-,50,21,13,62,6,1,68,6,0.65 ,0.22 ,121,10,15,42,0.35 ,-,7
2025/2026,A2,Regular_Season_GroupB,1st,5,-,3249,29/11/2025 ,18:30,-,-,O,Itas Trentino,Trentino Volley,3,0,8,7,16,11,21,14,25,18,5,8,14,16,20,21,25,21,8,7,15,16,20,21,25,21,-,-,-,-,-,-,-,-,-,-,-,-,-,-,-,-,57,32,38,73,5,5,56,3,0.68 ,0.07 ,111,4,7,37,0.33 ,-,15
2025/2026,A2,Regular_Season_GroupB,1st,6,-,3248,30/11/2025 ,16:00,-,-,C,Gruppo Formula 3 Messina,Akademia Messina,3,0,8,5,16,11,21,17,25,21,7,8,16,12,21,14,25,19,4,8,15,16,20,21,25,22,-,-,-,-,-,-,-,-,-,-,-,-,-,-,-,-,66,30,36,73,11,6,60,7,0.45 ,0.20 ,105,6,6,52,0.50 ,-,8
2025/2026,A2,Regular_Season_GroupB,1st,7,-,3248,30/11/2025 ,16:00,-,-,O,Club Italia,Club Italia,0,3,5,8,11,16,17,21,21,25,8,7,12,16,14,21,19,25,8,4,16,15,21,20,22,25,-,-,-,-,-,-,-,-,-,-,-,-,-,-,-,-,43,17,17,64,4,5,62,9,0.60 ,0.31 ,103,5,8,32,0.31 ,-,6
2025/2026,A2,Regular_Season_GroupB,1st,8,-,3246,30/11/2025 ,17:00,-,-,C,Narconon Volley Melendugno,Narconon Volley Melendugno,3,1,8,3,15,16,19,21,20,25,8,6,16,10,21,14,25,16,8,5,15,16,21,18,25,22,7,8,16,14,21,19,25,22,-,-,-,-,-,-,-,-,77,37,33,95,13,9,76,11,0.68 ,0.53 ,144,12,8,57,0.40 ,-,11
2025/2026,A2,Regular_Season_GroupB,1st,9,-,3246,30/11/2025 ,17:00,-,-,O,Clerici Auto Concorezzo,Concorezzo,1,3,3,8,16,15,21,19,25,20,6,8,10,16,14,21,16,25,5,8,16,15,18,21,22,25,8,7,14,16,19,21,22,25,-,-,-,-,-,-,-,-,59,27,20,84,8,6,82,12,0.57 ,0.40 ,153,8,11,45,0.29 ,-,8
2025/2026,A2,Regular_Season_GroupB,2nd,1,-,3250,30/11/2025 ,17:00,-,-,C,Marsala Volley,Marsala Volley,0,3,8,7,13,16,17,21,20,25,5,8,11,16,15,21,22,25,8,7,8,16,10,21,16,25,-,-,-,-,-,-,-,-,-,-,-,-,-,-,-,-,43,14,19,59,6,8,68,3,0.54 ,0.40 ,113,9,6,31,0.27 ,-,4
2025/2026,A2,Regular_Season_GroupB,2nd,2,-,3250,30/11/2025 ,17:00,-,-,O,C.B.L. Costa Volpino,Pallavolo C.B.L Costa Volpino,3,0,7,8,16,13,21,17,25,20,8,5,16,11,21,15,25,22,7,8,16,8,21,10,25,16,-,-,-,-,-,-,-,-,-,-,-,-,-,-,-,-,55,27,30,73,5,2,53,8,0.34 ,0.21 ,115,8,4,47,0.41 ,-,6
2025/2026,A2,Regular_Season_GroupB,2nd,3,-,3254,7/12/2025 ,15:30,-,-,C,Clerici Auto Concorezzo,Concorezzo,2,3,7,8,13,16,18,21,20,25,5,8,13,16,19,21,22,25,4,8,14,16,21,20,25,22,8,5,16,11,21,15,25,22,4,5,8,10,9,12,11,15,69,18,25,103,17,1,92,8,0.70 ,0.43 ,183,13,6,60,0.33 ,-,8
2025/2026,A2,Regular_Season_GroupB,2nd,4,-,3254,7/12/2025 ,15:30,-,-,O,Gruppo Formula 3 Messina,Akademia Messina,3,2,8,7,16,13,21,18,25,20,8,5,16,13,21,19,25,22,8,4,16,14,20,21,22,25,5,8,11,16,15,21,22,25,5,4,10,8,12,9,15,11,78,28,29,109,17,5,86,9,0.52 ,0.28 ,176,15,8,67,0.38 ,-,6
2025/2026,A2,Regular_Season_GroupB,2nd,5,-,3251,7/12/2025 ,17:00,-,-,C,Narconon Volley Melendugno,Narconon Volley Melendugno,3,0,8,6,16,11,21,14,25,18,8,3,16,8,21,11,25,19,8,7,11,16,18,21,25,23,-,-,-,-,-,-,-,-,-,-,-,-,-,-,-,-,51,25,22,66,9,6,53,4,0.60 ,0.45 ,103,10,6,38,0.37 ,-,7
2025/2026,A2,Regular_Season_GroupB,2nd,6,-,3251,7/12/2025 ,17:00,-,-,O,èpiù Casalmaggiore,Casalmaggiore,0,3,6,8,11,16,14,21,18,25,3,8,8,16,11,21,19,25,7,8,16,11,21,18,23,25,-,-,-,-,-,-,-,-,-,-,-,-,-,-,-,-,34,16,3,58,5,2,57,11,0.53 ,0.40 ,92,8,7,26,0.28 ,-,6
2025/2026,A2,Regular_Season_GroupB,2nd,7,-,3253,7/12/2025 ,17:00,-,-,C,Itas Trentino,Trentino Volley,3,0,8,6,16,15,21,17,25,20,8,4,16,13,21,15,25,18,8,6,16,10,21,10,25,12,-,-,-,-,-,-,-,-,-,-,-,-,-,-,-,-,56,29,36,74,10,5,46,4,0.61 ,0.37 ,116,3,3,42,0.36 ,-,9
2025/2026,A2,Regular_Season_GroupB,2nd,8,-,3253,7/12/2025 ,17:00,-,-,O,Club Italia,Club Italia,0,3,6,8,15,16,17,21,20,25,4,8,13,16,15,21,18,25,6,8,10,16,10,21,12,25,-,-,-,-,-,-,-,-,-,-,-,-,-,-,-,-,37,13,5,51,5,3,64,8,0.53 ,0.30 ,112,10,9,31,0.28 ,-,3
2025/2026,A2,Regular_Season_GroupB,2nd,9,-,3255,7/12/2025 ,17:00,-,-,C,C.B.L. Costa Volpino,Pallavolo C.B.L Costa Volpino,3,1,8,4,16,12,21,15,25,20,8,6,16,12,21,16,25,22,3,8,10,16,15,21,16,25,8,5,16,12,21,14,25,16,-,-,-,-,-,-,-,-,68,30,39,90,8,4,69,2,0.68 ,0.42 ,129,12,7,53,0.41 ,-,11
2025/2026,A1,Regular_Season,1st,2,-,3255,7/12/2025 ,17:00,-,-,O,SMI Roma Volley,Roma Volley Club,1,3,4,8,12,16,15,21,20,25,6,8,12,16,16,21,22,25,8,3,16,10,21,15,25,16,5,8,12,16,14,21,16,25,-,-,-,-,-,-,-,-,57,18,16,83,14,2,82,10,0.70 ,0.34 ,131,6,11,48,0.37 ,-,7
2025/2026,A1,Regular_Season,1st,1,-,3259,10/12/2025 ,17:00,-,-,C,Marsala Volley,Marsala Volley,0,3,7,8,16,18,20,21,21,25,6,8,13,16,15,21,17,25,5,8,9,16,12,21,12,25,-,-,-,-,-,-,-,-,-,-,-,-,-,-,-,-,36,8,-3,51,7,1,67,9,0.43 ,0.27 ,103,8,15,31,0.30 ,-,4
2025/2026,A1,Regular_Season,1st,3,-,3259,10/12/2025 ,17:00,-,-,O,Itas Trentino,Trentino Volley,3,0,8,7,18,16,21,20,25,21,8,6,16,13,21,15,25,17,8,5,16,9,21,12,25,12,-,-,-,-,-,-,-,-,-,-,-,-,-,-,-,-,57,28,40,74,7,3,44,4,0.45 ,0.25 ,93,2,4,39,0.42 ,-,15
2025/2026,A1,Regular_Season,1st,4,-,3256,10/12/2025 ,20:30,-,-,C,Narconon Volley Melendugno,Narconon Volley Melendugno,2,3,8,6,16,13,21,18,25,22,6,8,16,11,21,20,23,25,8,6,16,11,21,15,25,16,6,8,16,14,20,21,22,25,2,5,9,10,10,12,13,15,80,29,34,108,17,6,90,9,0.64 ,0.44 ,162,12,8,63,0.39 ,-,11
2025/2026,A1,Regular_Season,1st,5,-,3256,10/12/2025 ,20:30,-,-,O,Club Italia,Club Italia,3,2,6,8,13,16,18,21,22,25,8,6,11,16,20,21,25,23,6,8,11,16,15,21,16,25,8,6,14,16,21,20,25,22,5,2,10,9,12,10,15,13,72,30,23,103,13,4,91,12,0.52 ,0.37 ,155,13,11,60,0.39 ,-,8
2025/2026,A1,Regular_Season,1st,6,-,3258,10/12/2025 ,20:30,-,-,C,Clerici Auto Concorezzo,Concorezzo,0,3,4,8,10,16,13,21,17,25,8,7,14,16,17,21,19,25,7,8,16,15,21,20,26,28,-,-,-,-,-,-,-,-,-,-,-,-,-,-,-,-,49,12,15,64,13,3,69,8,0.68 ,0.48 ,108,8,5,42,0.39 ,-,4
2025/2026,A1,Regular_Season,1st,7,-,3258,10/12/2025 ,20:30,-,-,O,C.B.L. Costa Volpino,Pallavolo C.B.L Costa Volpino,3,0,8,4,16,10,21,13,25,17,7,8,16,14,21,17,25,19,8,7,15,16,20,21,28,26,-,-,-,-,-,-,-,-,-,-,-,-,-,-,-,-,57,24,35,76,7,2,51,5,0.61 ,0.29 ,102,6,4,50,0.49 ,-,5
2025/2026,A1,Regular_Season,1st,8,-,3260,10/12/2025 ,20:30,-,-,C,SMI Roma Volley,Roma Volley Club,3,0,8,6,16,12,21,12,25,21,8,6,16,13,21,18,25,20,8,2,16,13,21,16,25,20,-,-,-,-,-,-,-,-,-,-,-,-,-,-,-,-,59,28,35,73,5,1,55,5,0.51 ,0.36 ,113,5,9,48,0.42 ,-,10
2025/2026,A1,Regular_Season,1st,9,-,3260,10/12/2025 ,20:30,-,-,O,èpiù Casalmaggiore,Casalmaggiore,0,3,6,8,12,16,12,21,21,25,6,8,13,16,18,21,20,25,2,8,13,16,16,21,20,25,-,-,-,-,-,-,-,-,-,-,-,-,-,-,-,-,51,18,19,63,8,3,68,9,0.44 ,0.29 ,99,5,10,39,0.39 ,-,9
2025/2026,A1,Regular_Season,1st,10,-,3263,13/12/2025 ,18:30,-,-,C,èpiù Casalmaggiore,Casalmaggiore,3,1,4,8,4,16,8,21,14,25,8,5,16,11,21,13,25,14,6,8,11,16,16,21,25,23,7,8,16,14,19,21,26,24,-,-,-,-,-,-,-,-,62,32,18,89,12,5,75,13,0.67 ,0.25 ,122,11,8,49,0.40 ,-,8
2025/2026,A1,Regular_Season,1st,11,-,3263,13/12/2025 ,18:30,-,-,O,Club Italia,Club Italia,1,3,8,4,16,4,21,8,25,14,5,8,11,16,13,21,14,25,8,6,16,11,21,16,23,25,8,7,14,16,21,19,24,26,-,-,-,-,-,-,-,-,58,27,16,87,12,7,77,9,0.66 ,0.01 ,124,13,8,43,0.35 ,-,8
2025/2026,A1,Regular_Season,1st,12,-,3264,13/12/2025 ,18:30,-,-,C,Itas Trentino,Trentino Volley,3,1,5,8,16,14,21,16,25,18,8,6,16,10,21,14,25,16,8,7,12,16,21,20,25,27,8,5,16,9,21,11,25,14,-,-,-,-,-,-,-,-,75,42,46,99,8,9,63,4,0.51 ,0.35 ,145,10,7,50,0.34 ,-,16
2025/2026,A1,Regular_Season,1st,13,-,3264,13/12/2025 ,18:30,-,-,O,Clerici Auto Concorezzo,Concorezzo,1,3,8,5,14,16,16,21,18,25,6,8,10,16,14,21,16,25,7,8,16,12,20,21,27,25,5,8,9,16,11,21,14,25,-,-,-,-,-,-,-,-,51,18,-1,76,13,2,91,13,0.60 ,0.33 ,152,10,16,42,0.28 ,-,7
2025/2026,A1,Regular_Season,2nd,1,-,3265,14/12/2025 ,15:30,-,-,C,Gruppo Formula 3 Messina,Akademia Messina,1,3,8,3,16,11,21,18,25,18,6,8,14,16,17,21,21,25,5,8,16,14,21,20,24,26,8,4,16,10,21,18,28,30,-,-,-,-,-,-,-,-,79,36,39,99,12,9,89,13,0.63 ,0.36 ,148,9,6,61,0.41 ,-,9
2025/2026,A1,Regular_Season,2nd,2,-,3265,14/12/2025 ,15:30,-,-,O,SMI Roma Volley,Roma Volley Club,3,1,3,8,11,16,18,21,18,25,8,6,16,14,21,17,25,21,8,5,14,16,20,21,26,24,4,8,10,16,18,21,30,28,-,-,-,-,-,-,-,-,73,31,33,98,9,8,87,12,0.62 ,0.21 ,139,10,9,59,0.42 ,-,6
2025/2026,A1,Regular_Season,2nd,3,-,3261,14/12/2025 ,17:00,-,-,C,Narconon Volley Melendugno,Narconon Volley Melendugno,3,1,8,5,16,11,21,18,25,20,5,8,8,16,19,21,21,25,8,6,16,9,21,12,25,15,8,7,16,13,21,18,25,21,-,-,-,-,-,-,-,-,74,36,38,95,17,16,72,9,0.60 ,0.33 ,129,6,4,47,0.36 ,-,11
2025/2026,A1,Regular_Season,2nd,4,-,3261,14/12/2025 ,17:00,-,-,O,Marsala Volley,Marsala Volley,1,3,5,8,11,16,18,21,20,25,8,5,16,8,21,19,25,21,6,8,9,16,12,21,15,25,7,8,13,16,18,21,21,25,-,-,-,-,-,-,-,-,55,27,8,81,9,4,78,17,0.40 ,0.27 ,133,10,11,47,0.35 ,-,4
2025/2026,A1,Regular_Season,2nd,5,-,3269,20/12/2025 ,16:30,-,-,C,C.B.L. Costa Volpino,Pallavolo C.B.L Costa Volpino,3,1,4,8,11,16,18,21,20,25,8,2,16,8,21,12,25,15,8,3,16,11,21,13,25,16,8,1,16,10,21,13,25,14,-,-,-,-,-,-,-,-,64,30,40,93,7,7,57,4,0.61 ,0.49 ,126,6,7,52,0.41 ,-,5
2025/2026,A1,Regular_Season,2nd,6,-,3269,20/12/2025 ,16:30,-,-,O,Gruppo Formula 3 Messina,Akademia Messina,1,3,8,4,16,11,21,18,25,20,2,8,8,16,12,21,15,25,3,8,11,16,13,21,16,25,1,8,10,16,13,21,14,25,-,-,-,-,-,-,-,-,53,14,13,71,14,3,86,8,0.57 ,0.40 ,136,13,5,44,0.32 ,-,6
2025/2026,A1,Regular_Season,2nd,7,-,3270,21/12/2025 ,16:00,-,-,C,Marsala Volley,Marsala Volley,1,3,8,7,16,14,18,21,22,25,8,2,16,8,21,12,25,18,5,8,13,16,19,21,23,25,7,8,15,16,21,19,23,25,-,-,-,-,-,-,-,-,69,28,33,94,5,4,83,7,0.47 ,0.36 ,176,13,11,56,0.32 ,-,9
2025/2026,A1,Regular_Season,2nd,8,-,3270,21/12/2025 ,16:00,-,-,O,èpiù Casalmaggiore,Casalmaggiore,3,1,7,8,14,16,21,18,25,22,2,8,8,16,12,21,18,25,8,5,16,13,21,19,25,23,8,7,16,15,19,21,25,23,-,-,-,-,-,-,-,-,67,25,26,92,9,2,89,11,0.40 ,0.22 ,169,12,9,54,0.32 ,-,11
2025/2026,A1,Regular_Season,2nd,9,-,3266,21/12/2025 ,17:00,-,-,C,SMI Roma Volley,Roma Volley Club,2,3,7,8,15,16,19,21,21,25,8,7,16,14,20,21,25,22,3,8,16,24,14,21,16,25,8,6,16,9,21,14,25,20,5,4,7,10,8,12,9,15,77,26,21,96,13,3,98,11,0.58 ,0.44 ,187,15,17,67,0.36 ,-,7
2025/2026,A1,Regular_Season,2nd,10,-,3266,21/12/2025 ,17:00,-,-,O,Narconon Volley Melendugno,Narconon Volley Melendugno,3,2,8,7,16,15,21,19,25,21,7,8,14,16,21,20,22,25,8,3,24,16,21,14,25,16,6,8,9,16,14,21,20,25,4,5,10,7,12,8,15,9,75,32,46,107,9,9,83,5,0.57 ,0.36 ,163,8,7,50,0.31 ,-,16
2025/2026,A1,Regular_Season,2nd,11,-,3268,21/12/2025 ,17:00,-,-,C,Clerici Auto Concorezzo,Concorezzo,2,3,8,7,16,15,21,16,25,20,4,8,16,13,21,19,25,22,6,8,9,16,13,21,18,25,4,8,7,16,13,21,13,25,2,5,4,10,7,12,8,15,73,28,23,90,8,5,101,17,0.56 ,0.40 ,151,13,12,63,0.42 ,-,5
2025/2026,A1,Regular_Season,2nd,12,-,3268,21/12/2025 ,17:00,-,-,O,Club Italia,Club Italia,3,2,7,8,15,16,16,21,20,25,8,4,13,16,19,21,22,25,8,6,16,9,21,13,25,18,8,4,16,7,21,13,25,13,5,2,10,4,12,7,15,8,86,40,56,106,5,6,82,10,0.62 ,0.39 ,133,10,5,68,0.51 ,-,12
2025/2026,A1,Regular_Season,2nd,13,-,3272,26/12/2025 ,16:00,-,-,C,SMI Roma Volley,Roma Volley Club,3,1,8,5,16,15,21,17,25,19,8,7,14,16,17,21,20,25,6,8,11,16,21,20,25,21,8,5,15,16,21,17,25,21,-,-,-,-,-,-,-,-,73,37,37,93,14,8,76,7,0.64 ,0.32 ,140,6,9,55,0.39 ,-,10
2025/2026,A1,Play_Off,Quarter,1 ,-,3272,26/12/2025 ,16:00,-,-,O,Club Italia,Club Italia,1,3,5,8,15,16,17,21,19,25,7,8,16,14,21,17,25,20,8,6,16,11,20,21,21,25,5,8,16,15,17,21,21,25,-,-,-,-,-,-,-,-,64,29,28,87,11,3,79,9,0.42 ,0.27 ,144,6,10,52,0.36 ,-,9
2025/2026,A1,Play_Off,Quarter,2 ,-,3274,26/12/2025 ,18:00,-,-,C,Itas Trentino,Trentino Volley,1,3,8,6,15,16,21,18,29,27,5,8,11,16,18,21,21,25,7,8,11,16,17,21,21,25,8,7,13,16,16,21,18,25,-,-,-,-,-,-,-,-,60,20,25,90,11,2,89,2,0.74 ,0.40 ,155,14,8,48,0.31 ,-,10
2025/2026,A1,Play_Off,Semifinal,1 ,-,3274,26/12/2025 ,18:00,-,-,O,C.B.L. Costa Volpino,Pallavolo C.B.L Costa Volpino,3,1,6,8,16,15,18,21,27,29,8,5,16,11,21,18,25,21,8,7,16,11,21,17,25,21,7,8,16,13,21,16,25,18,-,-,-,-,-,-,-,-,75,27,34,101,12,1,79,5,0.52 ,0.28 ,160,14,10,66,0.41 ,-,8
2025/2026,A1,Play_Off,Semifinal,2 ,-,3273,26/12/2025 ,18:30,-,-,C,èpiù Casalmaggiore,Casalmaggiore,2,3,8,4,14,16,18,21,24,26,8,7,16,11,21,15,25,22,8,6,16,12,21,15,25,27,8,6,16,14,21,19,28,26,2,5,7,10,11,12,15,17,94,39,39,117,9,9,107,11,0.70 ,0.33 ,199,20,15,73,0.37 ,-,12
2025/2026,A1,Play_Off,Semifinal,3 ,-,3273,26/12/2025 ,18:30,-,-,O,Clerici Auto Concorezzo,Concorezzo,3,2,4,8,16,14,21,18,26,24,7,8,11,16,15,21,22,25,6,8,12,16,15,21,27,25,6,8,14,16,19,21,26,28,5,2,10,7,12,11,17,15,84,35,35,118,11,9,108,13,0.60 ,0.05 ,186,13,12,60,0.32 ,-,15
2025/2026,A1,Play_Off,Final,1 ,-,3275,28/12/2025 ,17:00,-,-,C,Gruppo Formula 3 Messina,Akademia Messina,0,3,4,8,8,16,13,21,15,25,6,8,10,16,13,21,15,25,7,8,13,16,18,21,20,25,-,-,-,-,-,-,-,-,-,-,-,-,-,-,-,-,37,8,5,51,7,.,65,7,0.65 ,0.26 ,119,10,8,32,0.27 ,-,5
2025/2026,A1,Play_Off,Final,2 ,-,3275,28/12/2025 ,17:00,-,-,O,Marsala Volley,Marsala Volley,3,0,8,4,16,8,21,13,25,15,8,6,16,10,21,13,25,15,8,7,16,13,21,18,25,20,-,-,-,-,-,-,-,-,-,-,-,-,-,-,-,-,54,26,34,74,9,4,44,2,0.68 ,0.34 ,114,4,5,42,0.37 ,-,8
2025/2026,A1,Play_Off,Final,3 ,-,3276,4/1/2026 ,15:30,-,-,C,C.B.L. Costa Volpino,Pallavolo C.B.L Costa Volpino,3,2,8,7,16,15,20,21,23,25,5,8,11,16,21,17,25,21,8,7,12,16,16,21,21,25,8,3,16,8,21,13,25,13,5,4,10,6,12,6,15,10,86,41,41,109,12,5,83,11,0.69 ,0.43 ,158,8,14,69,0.44 ,-,12
2025/2026,A1,Play_Off,Final,4 ,-,3276,4/1/2026 ,15:30,-,-,O,Narconon Volley Melendugno,Narconon Volley Melendugno,2,3,7,8,15,16,21,20,25,23,8,5,16,11,17,21,21,25,7,8,16,12,21,16,25,21,3,8,8,16,13,21,13,25,4,5,6,10,6,12,10,15,71,30,34,93,10,8,97,6,0.77 ,0.45 ,147,9,12,50,0.34 ,-,13
2025/2026,A1,Coppa_Italia,Quarter,-,-,3280,4/1/2026 ,16:00,-,-,C,Gruppo Formula 3 Messina,Akademia Messina,1,3,6,8,15,16,21,18,25,20,6,8,12,16,15,21,23,25,3,8,9,16,14,21,17,25,6,8,10,16,15,21,18,25,-,-,-,-,-,-,-,-,65,27,15,84,8,2,88,8,0.55 ,0.01 ,167,20,14,56,0.34 ,-,7
2025/2026,A1,Coppa_Italia,Semifinal,-,-,3280,4/1/2026 ,16:00,-,-,O,Itas Trentino,Trentino Volley,3,1,8,6,16,15,18,21,20,25,8,6,16,12,21,15,25,23,8,3,16,9,21,14,25,17,8,6,16,10,21,15,25,18,-,-,-,-,-,-,-,-,66,33,40,94,6,1,76,2,0.39 ,0.03 ,156,11,7,51,0.33 ,-,14
2025/2026,A1,Coppa_Italia,Final,-,-,3278,4/1/2026 ,17:00,-,-,C,Marsala Volley,Marsala Volley,1,3,8,4,16,11,21,12,25,17,4,8,9,16,15,21,17,25,8,7,14,16,16,21,17,25,4,8,9,16,16,21,19,25,-,-,-,-,-,-,-,-,55,22,25,64,6,6,70,8,0.76 ,0.57 ,84,10,6,45,0.54 ,-,4
2025/2026,A1,Supercoppa,Final,-,-,3278,4/1/2026 ,17:00,-,-,O,Club Italia,Club Italia,3,1,4,8,11,16,12,21,17,25,8,4,16,9,21,15,25,17,7,8,16,14,21,16,25,17,8,4,16,9,21,16,25,19,-,-,-,-,-,-,-,-,58,28,37,76,5,4,58,7,0.72 ,0.40 ,80,5,4,47,0.59 ,-,7
2025/2026,A1,Play_Off,Quarter,1 ,-,3279,4/1/2026 ,17:00,-,-,C,SMI Roma Volley,Roma Volley Club,1,3,5,8,12,16,21,20,23,25,8,6,16,14,21,18,25,20,5,8,11,16,15,21,17,25,7,8,11,16,18,21,20,25,-,-,-,-,-,-,-,-,50,19,11,87,8,4,79,13,0.46 ,0.29 ,147,12,6,38,0.26 ,-,8
2025/2026,A1,Play_Off,Quarter,2 ,-,3279,4/1/2026 ,17:00,-,-,O,Clerici Auto Concorezzo,Concorezzo,3,1,8,5,16,12,20,21,25,23,6,8,14,16,18,21,20,25,8,5,16,11,21,15,25,17,8,7,16,11,21,18,25,20,-,-,-,-,-,-,-,-,74,29,26,94,15,9,79,8,0.53 ,0.32 ,169,17,8,59,0.35 ,-,6
2025/2026,A1,Coppa_Italia,Quarter,-,-,3285,10/1/2026 ,16:00,-,-,C,èpiù Casalmaggiore,Casalmaggiore,3,0,8,2,16,8,21,13,25,14,8,4,16,10,21,14,25,17,6,8,16,14,21,18,25,19,-,-,-,-,-,-,-,-,-,-,-,-,-,-,-,-,54,27,35,74,6,7,43,2,0.77 ,0.49 ,89,6,5,41,0.46 ,-,6
2025/2026,A1,Coppa_Italia,Semifinal,-,-,3285,10/1/2026 ,16:00,-,-,O,Gruppo Formula 3 Messina,Akademia Messina,0,3,2,8,8,16,13,21,14,25,4,8,10,16,14,21,17,25,8,6,14,16,18,21,19,25,-,-,-,-,-,-,-,-,-,-,-,-,-,-,-,-,37,8,5,51,8,2,68,10,0.56 ,0.13 ,97,8,6,30,0.31 ,-,5
2025/2026,A1,Play_Off_Challenge ,Final,-,-,3281,11/1/2026 ,17:00,-,-,C,Narconon Volley Melendugno,Narconon Volley Melendugno,2,3,8,7,13,16,21,18,25,21,8,4,16,14,20,21,21,25,6,8,16,15,21,18,25,23,8,6,9,16,12,21,13,25,2,5,10,9,12,9,15,17,80,33,30,99,19,6,104,10,0.56 ,0.38 ,174,9,12,62,0.36 ,-,12
2025/2026,A1,Play_Off_Challenge ,GroupA,1,-,3281,11/1/2026 ,17:00,-,-,O,Itas Trentino,Trentino Volley,3,2,7,8,16,13,18,21,21,25,4,8,14,16,21,20,25,21,8,6,15,16,18,21,23,25,6,8,16,9,21,12,25,13,5,2,9,10,9,12,17,15,79,40,43,111,7,5,80,8,0.49 ,0.36 ,170,9,12,62,0.36 ,-,12
2025/2026,A1,Play_Off_Challenge ,GroupA,2,-,3283,11/1/2026 ,17:00,-,-,C,C.B.L. Costa Volpino,Pallavolo C.B.L Costa Volpino,3,2,6,8,12,16,16,21,22,25,8,2,16,9,21,15,25,19,8,7,13,16,15,21,17,25,7,8,16,12,21,18,26,24,4,5,10,7,12,10,16,14,85,35,47,105,7,4,96,9,0.73 ,0.14 ,160,13,9,70,0.44 ,-,11
2025/2026,A1,Play_Off_Challenge ,GroupA,3,-,3283,11/1/2026 ,17:00,-,-,O,Club Italia,Club Italia,2,3,8,6,16,12,21,16,25,22,2,8,9,16,15,21,19,25,7,8,16,13,21,15,25,17,8,7,12,16,18,21,24,26,5,4,7,10,10,12,14,16,87,33,50,108,12,7,98,5,0.84 ,0.18 ,168,9,11,71,0.42 ,-,9
2025/2026,A1,Play_Off_Challenge ,GroupA,4,-,3284,11/1/2026 ,17:00,-,-,C,SMI Roma Volley,Roma Volley Club,3,2,6,8,16,12,19,21,25,27,8,5,16,15,18,21,23,25,8,7,14,16,18,21,25,22,8,5,16,11,21,15,25,20,5,4,10,8,12,9,15,12,80,27,40,113,14,3,89,8,0.55 ,0.33 ,198,12,6,60,0.30 ,-,17
2025/2026,A1,Play_Off_Challenge ,GroupA,5,-,3284,11/1/2026 ,17:00,-,-,O,Marsala Volley,Marsala Volley,2,3,8,6,12,16,21,19,27,25,5,8,15,16,21,18,25,23,7,8,16,14,21,18,22,25,5,8,11,16,15,21,20,25,4,5,8,10,9,12,12,15,79,24,24,106,17,2,98,8,0.48 ,0.20 ,207,13,17,71,0.34 ,-,6
2025/2026,A1,Play_Off_Challenge ,GroupA,6,-,3289,17/1/2026 ,17:00,-,-,C,Itas Trentino,Trentino Volley,3,2,5,8,13,16,16,21,18,25,8,7,12,16,15,21,22,25,8,4,16,9,21,14,25,21,7,8,15,16,21,19,25,21,5,2,10,7,12,9,15,11,76,30,34,104,13,4,90,6,0.61 ,0.36 ,188,12,11,64,0.34 ,-,8
2025/2026,A1,Regular_Season,1st,1,-,3289,17/1/2026 ,17:00,-,-,O,SMI Roma Volley,Roma Volley Club,2,3,8,5,16,13,21,16,25,18,7,8,16,12,21,15,25,22,4,8,9,16,14,21,21,25,8,7,16,15,19,21,21,25,2,5,7,10,9,12,11,15,74,29,33,103,13,2,91,8,0.56 ,0.37 ,162,12,8,62,0.38 ,-,10
2025/2026,A1,Regular_Season,1st,2,-,3288,18/1/2026 ,15:00,-,-,C,Marsala Volley,Marsala Volley,3,1,6,8,16,15,21,18,24,26,8,6,16,11,21,16,25,19,7,8,16,15,20,21,25,23,5,8,13,16,21,19,25,21,-,-,-,-,-,-,-,-,71,33,38,96,10,3,73,3,0.62 ,0.19 ,124,10,10,62,0.50 ,-,6
2025/2026,A1,Regular_Season,1st,3,-,3288,18/1/2026 ,15:00,-,-,O,Clerici Auto Concorezzo,Concorezzo,1,3,8,6,15,16,18,21,26,24,6,8,11,16,16,21,19,25,8,7,15,16,21,20,23,25,8,5,16,13,19,21,21,25,-,-,-,-,-,-,-,-,62,21,23,88,15,1,86,9,0.59 ,0.19 ,118,9,6,50,0.42 ,-,11
2025/2026,A1,Regular_Season,1st,4,-,3286,18/1/2026 ,17:00,-,-,C,Gruppo Formula 3 Messina,Akademia Messina,3,2,6,8,16,14,21,20,25,20,5,8,8,16,12,21,14,25,7,8,14,16,15,21,16,25,2,8,12,16,21,19,29,27,5,1,10,9,11,12,18,16,73,29,16,101,16,4,98,16,0.43 ,0.20 ,146,14,11,57,0.39 ,-,12
2025/2026,A1,Regular_Season,1st,5,-,3286,18/1/2026 ,17:00,-,-,O,Narconon Volley Melendugno,Narconon Volley Melendugno,2,3,8,6,14,16,20,21,20,25,8,5,16,8,21,12,25,14,8,7,16,14,21,15,25,16,8,2,16,12,19,21,27,29,1,5,9,10,12,11,16,18,77,36,30,114,16,11,85,9,0.58 ,0.22 ,143,10,12,55,0.38 ,-,11
2025/2026,A1,Regular_Season,1st,6,-,3290,18/1/2026 ,17:00,-,-,C,C.B.L. Costa Volpino,Pallavolo C.B.L Costa Volpino,0,3,8,5,16,15,17,21,19,25,8,5,16,13,21,20,28,30,8,7,14,16,15,21,19,25,-,-,-,-,-,-,-,-,-,-,-,-,-,-,-,-,45,14,3,67,7,3,69,7,0.68 ,0.52 ,114,13,15,38,0.33 ,-,4
2025/2026,A1,Regular_Season,1st,7,-,3290,18/1/2026 ,17:00,-,-,O,èpiù Casalmaggiore,Casalmaggiore,3,0,5,8,15,16,21,17,25,19,5,8,13,16,20,21,30,28,7,8,16,14,21,15,25,19,-,-,-,-,-,-,-,-,-,-,-,-,-,-,-,-,57,23,27,79,10,3,60,6,0.68 ,0.43 ,98,10,4,39,0.40 ,-,15
2025/2026,A1,Regular_Season,1st,8,-,3304,6/10/2025 ,18:30,-,-,C,Panbiscò Leonessa Altamura,Leonessa Volley Altamura,3,1,7,8,16,15,21,18,25,19,7,8,12,16,16,21,21,25,6,8,16,13,21,19,25,21,8,6,16,12,21,16,25,17,-,-,-,-,-,-,-,-,70,33,29,95,10,2,70,13,0.49 ,0.41 ,152,7,11,62,0.41 ,-,6
2025/2026,A1,Regular_Season,1st,9,-,3304,6/10/2025 ,18:30,-,-,O,Clai Imola Volley,Imola Csi,1,3,8,7,15,16,18,21,19,25,8,7,16,12,21,16,25,21,8,6,13,16,19,21,21,25,6,8,12,16,16,21,17,25,-,-,-,-,-,-,-,-,61,23,28,82,12,5,85,3,0.64 ,0.42 ,156,11,7,45,0.29 ,-,11
2025/2026,A1,Regular_Season,1st,10,-,3303,6/10/2025 ,20:00,-,-,C,Valsabbina Millenium Brescia,Millenium Brescia,3,1,5,8,11,16,19,21,19,25,8,5,16,13,21,16,25,21,8,4,16,7,21,10,25,13,8,4,16,14,21,14,25,17,-,-,-,-,-,-,-,-,71,40,33,93,10,4,65,11,0.42 ,0.12 ,139,9,6,52,0.37 ,-,15
2025/2026,A1,Regular_Season,1st,11,-,3303,6/10/2025 ,20:00,-,-,O,Olio Pantaleo Volley Fasano,Il Podio Fasano,1,3,8,5,16,11,21,19,25,19,5,8,13,16,16,21,21,25,4,8,7,16,10,21,13,25,4,8,14,16,14,21,17,25,-,-,-,-,-,-,-,-,54,20,10,77,12,9,83,6,0.43 ,0.07 ,159,10,15,39,0.25 ,-,6
2025/2026,A1,Regular_Season,1st,12,-,3301,6/10/2025 ,20:30,-,-,C,Trasporti Bressan Offanengo,Volley Offanengo,0,3,4,8,9,16,14,21,16,25,8,6,11,16,17,21,19,25,7,8,12,16,15,21,17,25,-,-,-,-,-,-,-,-,-,-,-,-,-,-,-,-,41,13,5,53,10,2,69,4,0.52 ,0.17 ,114,12,10,36,0.32 ,-,3
2025/2026,A1,Regular_Season,1st,13,-,3301,6/10/2025 ,20:30,-,-,O,Nuvolì Altafratte Padova,Alta Fratte Volley Padova,3,0,8,4,16,9,21,14,25,16,6,8,16,11,21,17,25,19,8,7,16,12,21,15,25,17,-,-,-,-,-,-,-,-,-,-,-,-,-,-,-,-,53,30,35,74,5,4,43,5,0.44 ,0.21 ,88,5,3,39,0.44 ,-,10
2025/2026,A1,Regular_Season,2nd,1,-,3302,6/10/2025 ,20:30,-,-,C,Cda Volley Talmassons Fvg,Volley Talmassons,3,0,8,1,16,8,21,9,25,12,8,3,16,12,21,16,25,19,8,5,16,9,21,12,25,17,-,-,-,-,-,-,-,-,-,-,-,-,-,-,-,-,56,31,34,73,6,8,44,5,0.45 ,0.14 ,81,7,3,40,0.49 ,-,8
2025/2026,A1,Regular_Season,2nd,2,-,3302,6/10/2025 ,20:30,-,-,O,Volley Modena,Modena,0,3,1,8,8,16,9,21,12,25,3,8,12,16,16,21,19,25,5,8,9,16,12,21,17,25,-,-,-,-,-,-,-,-,-,-,-,-,-,-,-,-,35,11,-3,50,6,4,67,12,0.37 ,0.13 ,93,11,8,28,0.30 ,-,3
2025/2026,A1,Regular_Season,2nd,3,-,3305,6/10/2025 ,20:30,-,-,C,Futura Giovani Busto Arsizio,Futura Giovani Busto Arsizio,1,3,8,5,16,15,20,21,25,23,2,8,10,16,19,21,20,25,5,8,12,16,18,21,26,28,4,8,11,16,13,21,18,25,-,-,-,-,-,-,-,-,65,21,23,90,11,4,87,7,0.64 ,0.46 ,153,16,8,50,0.33 ,-,11
2025/2026,A1,Regular_Season,2nd,4,-,3305,6/10/2025 ,20:30,-,-,O,Tenaglia Abruzzo Altino Volley,Tenaglia Altino Volley,3,1,5,8,15,16,21,20,23,25,8,2,16,10,21,19,25,20,8,5,16,12,21,18,28,26,8,4,16,11,21,13,25,18,-,-,-,-,-,-,-,-,71,26,31,100,13,4,79,8,0.58 ,0.28 ,137,8,11,59,0.43 ,-,8
2025/2026,A1,Regular_Season,2nd,5,-,3308,12/10/2025 ,16:00,-,-,C,Cda Volley Talmassons Fvg,Volley Talmassons,3,0,8,4,16,8,21,10,25,11,8,5,16,10,21,18,25,22,8,5,16,11,21,15,25,16,-,-,-,-,-,-,-,-,-,-,-,-,-,-,-,-,57,31,34,73,12,6,39,3,0.64 ,0.46 ,81,5,3,44,0.54 ,-,7
2025/2026,A1,Regular_Season,2nd,6,-,3308,12/10/2025 ,16:00,-,-,O,Panbiscò Leonessa Altamura,Leonessa Volley Altamura,0,3,4,8,8,16,10,21,11,25,5,8,10,16,18,21,22,25,5,8,11,16,15,21,16,25,-,-,-,-,-,-,-,-,-,-,-,-,-,-,-,-,31,9,-2,51,12,2,61,9,0.48 ,0.25 ,80,5,7,26,0.33 ,-,3
2025/2026,A1,Regular_Season,2nd,7,-,3306,12/10/2025 ,17:00,-,-,C,Clai Imola Volley,Imola Csi,3,2,5,8,11,16,17,21,20,25,4,8,10,16,17,21,19,25,6,8,14,16,21,19,25,23,7,8,14,16,19,21,28,26,5,4,10,6,12,7,15,7,74,36,35,107,11,5,88,13,0.42 ,0.27 ,129,11,4,51,0.40 ,-,18
2025/2026,A1,Regular_Season,2nd,8,-,3306,12/10/2025 ,17:00,-,-,O,Trasporti Bressan Offanengo,Volley Offanengo,2,3,8,5,16,11,21,17,25,20,8,4,16,10,21,17,25,19,8,6,16,14,19,21,23,25,8,7,16,14,21,19,26,28,4,5,6,10,7,12,7,15,84,37,26,106,18,11,96,7,0.63 ,0.45 ,158,15,18,69,0.44 ,-,4
2025/2026,A1,Regular_Season,2nd,9,-,3307,12/10/2025 ,17:00,-,-,C,Volley Modena,Modena,0,3,5,8,7,16,8,21,11,25,3,8,9,16,15,21,16,25,6,8,14,16,15,21,18,25,-,-,-,-,-,-,-,-,-,-,-,-,-,-,-,-,30,10,-13,46,11,5,62,9,0.45 ,0.19 ,84,11,12,22,0.26 ,-,3
2025/2026,A1,Regular_Season,2nd,10,-,3307,12/10/2025 ,17:00,-,-,O,Valsabbina Millenium Brescia,Millenium Brescia,3,0,8,5,16,7,21,8,25,11,8,3,16,9,21,15,25,16,8,6,16,14,21,15,25,18,-,-,-,-,-,-,-,-,-,-,-,-,-,-,-,-,52,33,28,74,11,4,34,5,0.50 ,0.32 ,72,4,3,36,0.50 ,-,12
2025/2026,A1,Regular_Season,2nd,11,-,3310,12/10/2025 ,17:00,-,-,C,Nuvolì Altafratte Padova,Alta Fratte Volley Padova,3,0,8,5,16,9,21,15,25,18,8,6,13,16,21,17,25,18,8,7,16,12,21,16,25,20,-,-,-,-,-,-,-,-,-,-,-,-,-,-,-,-,47,24,20,73,9,5,46,7,0.50 ,0.17 ,94,7,3,37,0.39 ,-,5
2025/2026,A1,Regular_Season,2nd,12,-,3310,12/10/2025 ,17:00,-,-,O,Tenaglia Abruzzo Altino Volley,Tenaglia Altino Volley,0,3,5,8,9,16,15,21,18,25,6,8,16,13,17,21,18,25,7,8,12,16,16,21,20,25,-,-,-,-,-,-,-,-,-,-,-,-,-,-,-,-,39,13,-4,58,12,1,64,12,0.58 ,0.22 ,96,14,5,35,0.36 ,-,3
2025/2026,A1,Regular_Season,2nd,13,-,3309,13/10/2025 ,20:30,-,-,C,Futura Giovani Busto Arsizio,Futura Giovani Busto Arsizio,2,3,7,8,14,16,21,17,25,20,6,8,15,16,21,20,25,22,6,8,9,16,12,21,22,25,8,8,13,16,19,21,24,26,1,5,7,10,10,12,11,15,72,29,30,107,11,3,92,8,0.70 ,0.45 ,191,10,12,58,0.30 ,-,11
2025/2026,A1,Regular_Season,1st,1,-,3309,13/10/2025 ,20:30,-,-,O,Olio Pantaleo Volley Fasano,Il Podio Fasano,3,2,8,7,16,14,17,21,20,25,8,6,16,15,20,21,22,25,8,6,16,9,21,12,25,22,8,8,16,13,21,19,26,24,5,1,10,7,12,10,15,11,79,26,29,105,13,4,96,7,0.54 ,0.30 ,190,19,11,63,0.33 ,-,12
2025/2026,A1,Regular_Season,1st,2,-,3311,19/10/2025 ,17:00,-,-,C,Trasporti Bressan Offanengo,Volley Offanengo,2,3,7,8,16,15,21,19,24,26,8,7,12,16,16,21,25,23,8,5,15,16,21,19,25,23,4,8,8,16,13,21,14,25,1,5,3,10,3,12,5,15,64,25,6,94,18,1,94,8,0.52 ,0.21 ,162,15,16,54,0.33 ,-,9
2025/2026,A1,Regular_Season,1st,3,-,3311,19/10/2025 ,17:00,-,-,O,Cda Volley Talmassons Fvg,Volley Talmassons,3,2,8,7,15,16,19,21,26,24,7,8,16,12,21,16,23,25,5,8,16,15,19,21,23,25,8,4,16,8,21,13,25,14,5,1,10,3,12,3,15,5,78,37,32,111,17,6,76,8,0.53 ,0.22 ,138,11,9,57,0.41 ,-,15
2025/2026,A1,Regular_Season,1st,4,-,3313,19/10/2025 ,17:00,-,-,C,Panbiscò Leonessa Altamura,Leonessa Volley Altamura,0,3,5,8,12,16,15,21,21,25,8,7,14,16,18,21,20,25,7,8,13,16,20,21,23,25,-,-,-,-,-,-,-,-,-,-,-,-,-,-,-,-,51,17,18,66,8,.,67,5,0.39 ,0.31 ,124,12,8,42,0.34 ,-,9
2025/2026,A1,Regular_Season,1st,5,-,3313,19/10/2025 ,17:00,-,-,O,Nuvolì Altafratte Padova,Alta Fratte Volley Padova,3,0,8,5,16,12,21,15,25,21,7,8,16,14,21,18,25,20,8,7,16,13,21,20,25,23,-,-,-,-,-,-,-,-,-,-,-,-,-,-,-,-,52,21,26,73,6,2,58,4,0.53 ,0.41 ,112,6,10,42,0.38 ,-,8
2025/2026,A1,Regular_Season,1st,6,-,3314,19/10/2025 ,17:00,-,-,C,Clai Imola Volley,Imola Csi,2,3,7,8,13,16,21,18,25,21,6,8,16,15,20,21,26,24,8,7,14,16,20,21,22,25,5,8,11,16,13,21,16,25,2,5,6,10,10,12,10,15,72,27,30,99,8,10,90,14,0.58 ,0.32 ,125,14,6,54,0.43 ,-,8
2025/2026,A1,Regular_Season,1st,7,-,3314,19/10/2025 ,17:00,-,-,O,Futura Giovani Busto Arsizio,Futura Giovani Busto Arsizio,3,2,8,7,16,13,18,21,21,25,8,6,15,16,21,20,24,26,7,8,16,14,21,20,25,22,8,5,16,11,21,13,25,16,5,2,10,6,12,10,15,10,88,35,41,109,19,11,91,12,0.58 ,0.37 ,132,8,8,71,0.54 ,-,6
2025/2026,A1,Regular_Season,1st,8,-,3315,19/10/2025 ,17:00,-,-,C,Tenaglia Abruzzo Altino Volley,Tenaglia Altino Volley,0,3,5,8,14,16,17,21,21,25,6,8,12,16,20,21,21,25,2,8,11,16,15,21,18,25,-,-,-,-,-,-,-,-,-,-,-,-,-,-,-,-,46,16,8,62,11,4,63,7,0.68 ,0.22 ,99,12,8,39,0.39 ,-,3
2025/2026,A1,Regular_Season,1st,9,-,3315,19/10/2025 ,17:00,-,-,O,Valsabbina Millenium Brescia,Millenium Brescia,3,0,8,5,16,14,21,17,25,21,8,6,16,12,21,20,25,21,8,2,16,11,21,15,25,18,-,-,-,-,-,-,-,-,-,-,-,-,-,-,-,-,50,23,28,73,10,4,51,7,0.59 ,0.12 ,79,2,3,38,0.48 ,-,8
2025/2026,A1,Regular_Season,1st,10,-,3312,20/10/2025 ,18:00,-,-,C,Olio Pantaleo Volley Fasano,Il Podio Fasano,3,0,8,1,16,5,21,13,25,15,8,5,16,12,21,14,25,18,8,5,15,16,21,19,25,23,-,-,-,-,-,-,-,-,-,-,-,-,-,-,-,-,52,29,33,73,7,3,46,5,0.52 ,0.33 ,94,6,1,39,0.41 ,-,10
2025/2026,A1,Regular_Season,1st,11,-,3312,20/10/2025 ,18:00,-,-,O,Volley Modena,Modena,0,3,1,8,5,16,13,21,15,25,5,8,12,16,14,21,18,25,5,8,16,15,19,21,23,25,-,-,-,-,-,-,-,-,-,-,-,-,-,-,-,-,42,14,.,58,12,2,66,9,0.42 ,0.14 ,111,11,10,39,0.35 ,-,1
2025/2026,A1,Regular_Season,1st,12,-,3319,26/10/2025 ,16:00,-,-,C,Nuvolì Altafratte Padova,Alta Fratte Volley Padova,3,2,8,4,16,10,21,18,26,28,6,8,15,16,17,21,19,25,8,3,16,13,21,17,25,20,7,8,16,14,21,17,25,19,5,4,10,7,12,10,15,11,86,34,38,110,11,4,97,5,0.66 ,0.24 ,178,23,9,71,0.40 ,-,11
2025/2026,A1,Regular_Season,1st,13,-,3319,26/10/2025 ,16:00,-,-,O,Olio Pantaleo Volley Fasano,Il Podio Fasano,2,3,4,8,10,16,18,21,28,26,8,6,16,15,21,17,25,19,3,8,13,16,17,21,20,25,8,7,14,16,17,21,19,25,4,5,7,10,10,12,11,15,67,25,26,103,6,4,99,7,0.66 ,0.15 ,163,17,11,54,0.33 ,-,9
2025/2026,A1,Regular_Season,2nd,1,-,3316,26/10/2025 ,17:00,-,-,C,Futura Giovani Busto Arsizio,Futura Giovani Busto Arsizio,2,3,8,7,16,13,20,21,22,25,8,3,16,8,21,12,25,17,5,8,11,16,16,21,20,25,8,7,16,10,21,17,25,19,2,5,7,10,9,12,9,15,70,28,39,102,9,2,83,5,0.67 ,0.36 ,163,7,10,61,0.37 ,-,7
2025/2026,A1,Regular_Season,2nd,2,-,3316,26/10/2025 ,17:00,-,-,O,Trasporti Bressan Offanengo,Volley Offanengo,3,2,7,8,13,16,21,20,25,22,3,8,8,16,12,21,17,25,8,5,16,11,21,16,25,20,7,8,10,16,17,21,19,25,5,2,10,7,12,9,15,9,80,29,36,100,17,2,93,9,0.59 ,0.28 ,175,11,7,68,0.39 ,-,10
2025/2026,A1,Regular_Season,2nd,3,-,3317,26/10/2025 ,17:00,500,-,C,Volley Modena,Modena,1,3,3,8,11,16,15,21,18,25,7,8,16,15,21,18,25,20,8,7,15,16,18,21,23,25,8,5,14,16,17,21,19,25,-,-,-,-,-,-,-,-,57,20,8,85,10,2,82,7,0.66 ,0.40 ,139,17,15,47,0.34 ,-,8
2025/2026,A1,Regular_Season,2nd,4,-,3317,26/10/2025 ,17:00,500,-,O,Tenaglia Abruzzo Altino Volley,Tenaglia Altino Volley,3,1,8,3,16,11,21,15,25,18,8,7,15,16,18,21,20,25,7,8,16,15,21,18,25,23,5,8,16,14,21,17,25,19,-,-,-,-,-,-,-,-,65,24,31,94,12,6,75,3,0.64 ,0.35 ,126,11,8,44,0.35 ,-,15
2025/2026,A1,Regular_Season,2nd,5,-,3318,26/10/2025 ,17:00,-,-,C,Cda Volley Talmassons Fvg,Volley Talmassons,2,3,7,8,16,12,21,18,25,21,5,8,11,16,20,21,22,25,7,8,16,13,21,17,25,21,7,8,8,16,16,21,18,25,5,3,10,9,12,10,19,21,87,29,29,110,14,3,105,10,0.67 ,0.32 ,186,22,12,75,0.40 ,-,9
2025/2026,A1,Regular_Season,2nd,6,-,3318,26/10/2025 ,17:00,-,-,O,Clai Imola Volley,Imola Csi,3,2,8,7,12,16,18,21,21,25,8,5,16,11,21,20,25,22,8,7,13,16,17,21,21,25,8,7,16,8,21,16,25,18,3,5,9,10,10,12,21,19,70,30,40,110,5,4,96,5,0.64 ,0.25 ,168,11,9,54,0.32 ,-,12
2025/2026,A1,Regular_Season,2nd,7,-,3320,26/10/2025 ,17:00,-,-,C,Valsabbina Millenium Brescia,Millenium Brescia,3,0,8,4,16,9,21,11,25,14,8,4,16,9,21,16,25,18,5,8,15,16,21,17,25,19,-,-,-,-,-,-,-,-,-,-,-,-,-,-,-,-,56,26,34,71,14,6,45,3,0.80 ,0.64 ,92,2,3,41,0.45 ,-,9
2025/2026,A1,Regular_Season,2nd,8,-,3320,26/10/2025 ,17:00,-,-,O,Panbiscò Leonessa Altamura,Leonessa Volley Altamura,0,3,4,8,9,16,11,21,14,25,4,8,9,16,16,21,18,25,8,5,16,15,17,21,19,25,-,-,-,-,-,-,-,-,-,-,-,-,-,-,-,-,35,11,.,53,8,2,57,10,0.40 ,0.25 ,91,8,9,30,0.33 ,-,3
2025/2026,A1,Regular_Season,2nd,9,-,3323,1/11/2025 ,18:00,-,-,C,Cda Volley Talmassons Fvg,Volley Talmassons,3,0,7,8,16,15,21,19,25,20,6,8,16,15,21,17,25,19,8,7,16,14,21,19,25,22,-,-,-,-,-,-,-,-,-,-,-,-,-,-,-,-,59,24,30,74,12,2,55,8,0.51 ,0.11 ,106,7,2,47,0.44 ,-,10
2025/2026,A1,Regular_Season,2nd,10,-,3323,1/11/2025 ,18:00,-,-,O,Futura Giovani Busto Arsizio,Futura Giovani Busto Arsizio,0,3,8,7,15,16,19,21,20,25,8,6,15,16,17,21,19,25,7,8,14,16,19,21,22,25,-,-,-,-,-,-,-,-,-,-,-,-,-,-,-,-,40,15,10,62,7,6,62,5,0.65 ,0.24 ,107,8,10,32,0.30 ,-,2
2025/2026,A1,Regular_Season,2nd,11,-,3321,2/11/2025 ,17:00,-,-,C,Trasporti Bressan Offanengo,Volley Offanengo,0,3,8,7,15,16,18,21,20,25,3,8,7,16,10,21,14,25,4,8,9,16,15,21,20,25,-,-,-,-,-,-,-,-,-,-,-,-,-,-,-,-,35,8,-5,56,13,3,63,8,0.51 ,0.19 ,93,11,8,30,0.32 ,-,2
2025/2026,A1,Regular_Season,2nd,12,-,3321,2/11/2025 ,17:00,-,-,O,Valsabbina Millenium Brescia,Millenium Brescia,3,0,7,8,16,15,21,18,25,20,8,3,16,7,21,10,25,14,8,4,16,9,21,15,25,20,-,-,-,-,-,-,-,-,-,-,-,-,-,-,-,-,50,21,21,74,11,4,43,9,0.60 ,0.33 ,73,7,2,38,0.52 ,-,8
2025/2026,A1,Regular_Season,2nd,13,-,3322,2/11/2025 ,17:00,-,-,C,Panbiscò Leonessa Altamura,Leonessa Volley Altamura,2,3,2,8,7,16,15,21,16,25,7,8,14,16,21,19,23,25,3,8,10,16,21,20,25,23,5,8,13,16,21,18,25,19,4,5,7,10,9,12,16,18,79,36,37,104,10,5,96,13,0.47 ,0.38 ,166,12,7,63,0.38 ,-,11
2025/2026,A1,Play_Off,Quarter,1 ,-,3322,2/11/2025 ,17:00,-,-,O,Volley Modena,Modena,3,2,8,2,16,7,21,15,25,16,8,7,16,14,19,21,25,23,8,3,16,10,20,21,23,25,8,5,16,13,18,21,19,25,5,4,10,7,12,9,18,16,81,35,37,110,14,8,94,8,0.52 ,0.33 ,184,11,11,66,0.36 ,-,7
2025/2026,A1,Play_Off,Quarter,2 ,-,3324,2/11/2025 ,17:00,-,-,C,Olio Pantaleo Volley Fasano,Il Podio Fasano,1,3,7,8,16,13,21,20,23,25,8,6,16,12,21,17,25,20,6,8,13,16,15,21,16,25,3,8,6,16,11,21,13,25,-,-,-,-,-,-,-,-,48,16,18,69,7,.,77,4,0.57 ,0.52 ,135,12,7,45,0.33 ,-,3
2025/2026,A1,Play_Off,Semifinal,1 ,-,3324,2/11/2025 ,17:00,-,-,O,Tenaglia Abruzzo Altino Volley,Tenaglia Altino Volley,3,1,8,7,13,16,20,21,25,23,6,8,12,16,17,21,20,25,8,6,16,13,21,15,25,16,8,3,16,6,21,11,25,13,-,-,-,-,-,-,-,-,70,30,45,87,10,3,62,2,0.76 ,0.63 ,132,10,3,60,0.45 ,-,7
2025/2026,A1,Play_Off,Semifinal,2 ,-,3325,2/11/2025 ,17:00,-,-,C,Clai Imola Volley,Imola Csi,1,3,7,8,14,16,20,21,22,25,1,8,12,16,18,21,20,25,5,8,16,15,21,19,25,21,5,8,16,14,21,20,27,29,-,-,-,-,-,-,-,-,69,25,9,95,7,4,83,8,0.55 ,0.30 ,172,13,14,55,0.32 ,-,10
2025/2026,A1,Play_Off,Semifinal,3 ,-,3325,2/11/2025 ,17:00,-,-,O,Nuvolì Altafratte Padova,Alta Fratte Volley Padova,3,1,8,7,16,14,21,20,25,22,8,1,16,12,21,18,25,20,8,5,15,16,19,21,21,25,8,5,14,16,20,21,29,27,-,-,-,-,-,-,-,-,79,29,11,98,13,3,86,16,0.44 ,0.26 ,166,10,10,62,0.37 ,-,14
2025/2026,A1,Play_Off,Semifinal,4 ,-,3330,5/11/2025 ,18:30,-,-,C,Tenaglia Abruzzo Altino Volley,Tenaglia Altino Volley,3,0,8,7,16,13,21,16,25,21,8,6,16,14,21,17,25,20,8,6,16,12,21,15,25,18,-,-,-,-,-,-,-,-,-,-,-,-,-,-,-,-,57,25,37,74,9,3,51,4,0.65 ,0.37 ,97,6,1,49,0.51 ,-,5
2025/2026,A1,Coppa_Italia,Quarter,-,-,3330,5/11/2025 ,18:30,-,-,O,Clai Imola Volley,Imola Csi,0,3,7,8,13,16,16,21,21,25,6,8,14,16,17,21,20,25,6,8,12,16,15,21,18,25,-,-,-,-,-,-,-,-,-,-,-,-,-,-,-,-,42,9,16,59,8,3,65,5,0.69 ,0.17 ,102,8,5,38,0.37 ,-,1
2025/2026,A1,Coppa_Italia,Semifinal,-,-,3327,5/11/2025 ,20:00,-,-,C,Valsabbina Millenium Brescia,Millenium Brescia,1,3,8,7,15,16,21,19,26,28,5,8,12,16,16,21,18,25,8,5,16,12,21,17,25,20,8,7,16,11,19,21,21,25,-,-,-,-,-,-,-,-,63,27,18,91,8,3,83,12,0.53 ,0.41 ,143,10,15,47,0.33 ,-,13
2025/2026,A1,Coppa_Italia,Final,-,-,3327,5/11/2025 ,20:00,-,-,O,Cda Volley Talmassons Fvg,Volley Talmassons,3,1,7,8,16,15,19,21,28,26,8,5,16,12,21,16,25,18,5,8,12,16,17,21,20,25,7,8,11,16,21,19,25,21,-,-,-,-,-,-,-,-,77,32,32,97,14,4,83,7,0.53 ,0.25 ,166,11,13,58,0.35 ,-,15
2025/2026,A2,Pool_Promozione,1st,1,-,3326,5/11/2025 ,20:30,200,-,C,Volley Modena,Modena,1,3,8,2,16,11,21,17,25,22,8,7,11,16,12,21,17,25,7,8,15,16,19,21,22,25,6,8,16,14,16,21,22,25,-,-,-,-,-,-,-,-,65,24,17,87,15,7,87,14,0.47 ,0.34 ,130,11,8,51,0.39 ,-,7
2025/2026,A2,Pool_Promozione,1st,2,-,3326,5/11/2025 ,20:30,200,-,O,Trasporti Bressan Offanengo,Volley Offanengo,3,1,2,8,11,16,17,21,22,25,7,8,16,11,21,12,25,17,8,7,16,15,21,19,25,22,8,6,14,16,21,16,25,22,-,-,-,-,-,-,-,-,69,32,35,96,9,11,72,8,0.61 ,0.40 ,117,10,7,50,0.43 ,-,8
2025/2026,A2,Pool_Promozione,1st,3,-,3328,5/11/2025 ,20:30,-,-,C,Panbiscò Leonessa Altamura,Leonessa Volley Altamura,3,2,6,8,16,14,21,19,27,29,8,4,16,11,21,12,25,17,8,6,16,10,21,17,25,20,8,5,16,13,21,19,25,27,3,5,9,10,12,11,15,13,99,40,58,117,13,6,99,8,0.55 ,0.42 ,206,13,7,84,0.41 ,-,9
2025/2026,A2,Pool_Promozione,1st,4,-,3328,5/11/2025 ,20:30,-,-,O,Olio Pantaleo Volley Fasano,Il Podio Fasano,2,3,8,6,14,16,19,21,29,27,4,8,11,16,12,21,17,25,6,8,10,16,17,21,20,25,5,8,13,16,19,21,27,25,5,3,10,9,11,12,13,15,77,25,43,106,7,4,104,9,0.42 ,0.33 ,184,9,9,66,0.36 ,-,7
2025/2026,A2,Pool_Promozione,1st,5,-,3329,6/11/2025 ,20:30,-,-,C,Nuvolì Altafratte Padova,Alta Fratte Volley Padova,3,1,8,6,16,13,21,18,25,21,8,4,16,9,21,13,25,21,4,8,6,16,10,21,12,25,8,5,16,9,21,15,25,22,-,-,-,-,-,-,-,-,71,28,28,86,15,8,82,10,0.67 ,0.22 ,133,12,6,54,0.41 ,-,9
2025/2026,A2,Pool_Promozione,2nd,1,-,3329,6/11/2025 ,20:30,-,-,O,Futura Giovani Busto Arsizio,Futura Giovani Busto Arsizio,1,3,6,8,13,16,18,21,21,25,4,8,9,16,13,21,21,25,8,4,16,6,21,10,25,12,5,8,9,16,15,21,22,25,-,-,-,-,-,-,-,-,61,24,23,90,8,5,71,15,0.52 ,0.23 ,126,6,9,50,0.40 ,-,6
2025/2026,A2,Pool_Promozione,2nd,2,-,3331,9/11/2025 ,17:00,-,-,C,Olio Pantaleo Volley Fasano,Il Podio Fasano,1,3,6,8,11,16,15,21,18,25,4,8,15,16,19,21,22,25,8,4,16,8,21,10,25,11,8,5,16,12,21,18,25,27,-,-,-,-,-,-,-,-,61,27,32,89,8,3,69,5,0.55 ,0.30 ,146,10,6,50,0.34 ,-,8
2025/2026,A2,Pool_Promozione,2nd,3,-,3331,9/11/2025 ,17:00,-,-,O,Trasporti Bressan Offanengo,Volley Offanengo,3,1,8,6,16,11,21,15,25,18,8,4,16,15,21,19,25,22,4,8,8,16,10,21,11,25,5,8,12,16,18,21,27,25,-,-,-,-,-,-,-,-,66,23,21,83,14,4,81,10,0.43 ,0.21 ,151,13,8,56,0.37 ,-,6
2025/2026,A2,Pool_Promozione,2nd,4,-,3332,9/11/2025 ,17:00,-,-,C,Clai Imola Volley,Imola Csi,3,2,8,5,16,14,21,16,25,19,8,7,16,11,18,21,19,25,8,7,16,14,21,18,25,21,7,8,15,16,19,21,20,25,5,4,10,8,11,12,15,13,75,25,42,103,13,6,87,3,0.69 ,0.46 ,145,9,8,62,0.43 ,-,7
2025/2026,A2,Pool_Promozione,2nd,5,-,3332,9/11/2025 ,17:00,-,-,O,Volley Modena,Modena,2,3,5,8,14,16,16,21,19,25,7,8,11,16,21,18,25,19,7,8,14,16,18,21,21,25,8,7,16,15,21,19,25,20,4,5,8,10,12,11,13,15,79,28,35,103,16,3,90,8,0.54 ,0.39 ,145,13,7,68,0.47 ,-,8
2025/2026,A2,Regular_Season_GroupA,1st,2,-,3333,9/11/2025 ,17:00,-,-,C,Nuvolì Altafratte Padova,Alta Fratte Volley Padova,1,3,8,6,16,11,21,19,25,21,2,8,5,16,5,21,7,25,8,6,12,16,16,21,23,25,7,8,16,15,18,21,21,25,-,-,-,-,-,-,-,-,63,17,18,77,14,3,91,13,0.47 ,0.15 ,135,7,11,54,0.40 ,-,6
2025/2026,A2,Regular_Season_GroupA,1st,3,-,3333,9/11/2025 ,17:00,-,-,O,Cda Volley Talmassons Fvg,Volley Talmassons,3,1,6,8,11,16,19,21,21,25,8,2,16,5,21,5,25,7,6,8,16,12,21,16,25,23,8,7,15,16,21,18,25,21,-,-,-,-,-,-,-,-,72,32,48,95,4,5,63,7,0.54 ,0.22 ,116,8,5,56,0.48 ,-,11
2025/2026,A2,Regular_Season_GroupA,1st,4,-,3334,9/11/2025 ,17:00,-,-,C,Tenaglia Abruzzo Altino Volley,Tenaglia Altino Volley,2,3,7,8,14,16,15,21,18,25,8,5,14,16,16,21,18,25,8,7,16,14,21,19,25,20,8,7,16,10,21,19,25,22,3,5,8,10,9,12,11,15,68,21,25,97,16,5,90,8,0.80 ,0.34 ,151,10,9,57,0.38 ,-,6
2025/2026,A2,Regular_Season_GroupA,1st,5,-,3334,9/11/2025 ,17:00,-,-,O,Panbiscò Leonessa Altamura,Leonessa Volley Altamura,3,2,8,7,16,14,21,15,25,18,5,8,16,14,21,16,25,18,7,8,14,16,19,21,20,25,7,8,10,16,19,21,22,25,5,3,10,8,12,9,15,11,81,32,39,105,15,5,81,10,0.51 ,0.09 ,149,11,6,67,0.45 ,-,9
2025/2026,A2,Regular_Season_GroupA,1st,6,-,3335,9/11/2025 ,17:00,-,-,C,Futura Giovani Busto Arsizio,Futura Giovani Busto Arsizio,3,1,8,6,16,10,21,14,25,16,7,8,15,16,16,21,30,32,5,8,11,16,21,20,25,21,8,4,16,13,21,16,25,21,-,-,-,-,-,-,-,-,79,34,46,103,9,7,83,7,0.55 ,0.31 ,167,9,8,65,0.39 ,-,7
2025/2026,A2,Regular_Season_GroupA,1st,7,-,3335,9/11/2025 ,17:00,-,-,O,Valsabbina Millenium Brescia,Millenium Brescia,1,3,6,8,10,16,14,21,16,25,8,7,16,15,21,16,32,30,8,5,16,11,20,21,21,25,4,8,13,16,16,21,21,25,-,-,-,-,-,-,-,-,65,21,28,90,7,4,94,11,0.51 ,0.31 ,167,12,7,53,0.32 ,-,8
2025/2026,A2,Regular_Season_GroupA,1st,8,-,3338,16/11/2025 ,16:00,-,-,C,Cda Volley Talmassons Fvg,Volley Talmassons,3,0,8,5,16,11,21,13,25,16,8,5,16,11,21,16,25,18,7,8,14,16,21,19,25,23,-,-,-,-,-,-,-,-,-,-,-,-,-,-,-,-,58,27,36,74,7,7,48,2,0.60 ,0.29 ,106,9,4,47,0.44 ,-,4
2025/2026,A2,Regular_Season_GroupA,1st,9,-,3338,16/11/2025 ,16:00,-,-,O,Olio Pantaleo Volley Fasano,Il Podio Fasano,0,3,5,8,11,16,13,21,16,25,5,8,11,16,16,21,18,25,8,7,16,14,19,21,23,25,-,-,-,-,-,-,-,-,-,-,-,-,-,-,-,-,40,9,9,58,10,.,67,9,0.54 ,0.18 ,102,7,4,36,0.35 ,-,4
2025/2026,A2,Regular_Season_GroupA,2nd,2,-,3336,16/11/2025 ,17:00,-,-,C,Trasporti Bressan Offanengo,Volley Offanengo,0,3,8,5,15,16,21,20,23,25,8,6,12,16,18,21,22,25,7,8,16,13,21,18,23,25,-,-,-,-,-,-,-,-,-,-,-,-,-,-,-,-,55,19,21,70,14,3,66,4,0.52 ,0.23 ,106,9,7,45,0.42 ,-,7
2025/2026,A2,Regular_Season_GroupA,2nd,3,-,3336,16/11/2025 ,17:00,-,-,O,Tenaglia Abruzzo Altino Volley,Tenaglia Altino Volley,3,0,5,8,16,15,20,21,25,23,6,8,16,12,21,18,25,22,8,7,13,16,18,21,25,23,-,-,-,-,-,-,-,-,-,-,-,-,-,-,-,-,51,21,25,73,7,1,56,6,0.52 ,0.25 ,92,6,7,43,0.47 ,-,7
2025/2026,A2,Regular_Season_GroupA,2nd,4,-,3337,16/11/2025 ,17:00,-,-,C,Volley Modena,Modena,3,2,5,8,12,16,14,21,17,25,8,4,16,11,21,17,25,22,8,3,16,10,21,16,25,21,8,4,12,16,17,21,22,25,5,4,8,10,12,11,15,13,70,23,22,104,7,5,95,4,0.58 ,0.23 ,192,23,14,59,0.31 ,-,6
2025/2026,A2,Regular_Season_GroupA,2nd,5,-,3337,16/11/2025 ,17:00,-,-,O,Nuvolì Altafratte Padova,Alta Fratte Volley Padova,2,3,8,5,16,12,21,14,25,17,4,8,11,16,17,21,22,25,3,8,10,16,16,21,21,25,4,8,16,12,21,17,25,22,4,5,10,8,11,12,13,15,75,27,24,106,11,4,97,14,0.40 ,0.18 ,170,19,6,57,0.34 ,-,14
2025/2026,A2,Regular_Season_GroupA,2nd,6,-,3339,16/11/2025 ,17:00,-,-,C,Panbiscò Leonessa Altamura,Leonessa Volley Altamura,2,3,4,8,11,16,19,21,30,28,3,8,11,16,16,21,18,25,8,7,12,16,17,21,23,25,5,8,13,16,20,21,28,26,5,3,9,10,9,12,11,15,83,37,27,109,8,4,101,22,0.46 ,0.41 ,180,14,12,68,0.38 ,-,11
2025/2026,A2,Regular_Season_GroupA,2nd,7,-,3339,16/11/2025 ,17:00,-,-,O,Futura Giovani Busto Arsizio,Futura Giovani Busto Arsizio,3,2,8,4,16,11,21,19,28,30,8,3,16,11,21,16,25,18,7,8,16,12,21,17,25,23,8,5,16,13,21,20,26,28,3,5,10,9,12,9,15,11,95,41,54,117,16,17,101,6,0.52 ,0.45 ,176,8,11,66,0.38 ,-,12
2025/2026,A2,Regular_Season_GroupA,2nd,8,-,3340,16/11/2025 ,17:00,-,-,C,Valsabbina Millenium Brescia,Millenium Brescia,2,3,8,7,16,14,21,17,25,18,5,8,13,16,21,18,25,22,6,8,11,16,17,21,23,25,2,8,8,16,12,21,18,25,4,5,10,8,12,11,16,18,78,28,36,108,9,1,90,14,0.69 ,0.46 ,172,13,6,67,0.39 ,-,10
2025/2026,A2,Regular_Season_GroupA,2nd,9,-,3340,16/11/2025 ,17:00,-,-,O,Clai Imola Volley,Imola Csi,3,2,7,8,14,16,17,21,18,25,8,5,16,13,18,21,22,25,8,6,16,11,21,17,25,23,8,2,16,8,21,12,25,18,5,4,8,10,11,12,18,16,84,24,43,107,17,9,99,3,0.59 ,0.39 ,185,11,10,69,0.37 ,-,6
2025/2026,A2,Play_Off,Quarter,1 ,-,3341,23/11/2025 ,17:00,-,-,C,Trasporti Bressan Offanengo,Volley Offanengo,0,3,5,8,10,16,17,21,21,25,8,6,16,14,21,19,25,27,6,8,14,16,18,21,20,25,-,-,-,-,-,-,-,-,-,-,-,-,-,-,-,-,53,15,23,68,9,4,67,7,0.51 ,0.24 ,100,11,3,45,0.45 ,-,4
2025/2026,A2,Play_Off,Quarter,2 ,-,3341,23/11/2025 ,17:00,-,-,O,Panbiscò Leonessa Altamura,Leonessa Volley Altamura,3,0,8,5,16,10,21,17,25,21,6,8,14,16,19,21,27,25,8,6,16,14,21,18,25,20,-,-,-,-,-,-,-,-,-,-,-,-,-,-,-,-,55,20,30,74,7,2,59,8,0.54 ,0.34 ,93,6,4,50,0.54 ,-,3
2025/2026,A2,Coppa_Italia,Quarter,-,-,3343,23/11/2025 ,17:00,-,-,C,Cda Volley Talmassons Fvg,Volley Talmassons,3,0,8,6,16,12,21,13,25,17,8,6,16,9,21,12,25,14,7,8,16,13,21,13,25,21,-,-,-,-,-,-,-,-,-,-,-,-,-,-,-,-,61,29,40,73,7,6,52,6,0.63 ,0.35 ,93,6,2,50,0.54 ,-,5
2025/2026,A2,Pool_Salvezza,1st,2,-,3343,23/11/2025 ,17:00,-,-,O,Tenaglia Abruzzo Altino Volley,Tenaglia Altino Volley,0,3,6,8,12,16,13,21,17,25,6,8,9,16,12,21,14,25,8,7,13,16,13,21,21,25,-,-,-,-,-,-,-,-,-,-,-,-,-,-,-,-,37,12,8,54,2,4,66,12,0.52 ,0.20 ,86,10,5,31,0.36 ,-,2
2025/2026,A2,Pool_Salvezza,1st,3,-,3344,23/11/2025 ,17:00,-,-,C,Clai Imola Volley,Imola Csi,3,2,8,4,16,9,21,13,25,18,6,8,13,16,21,20,25,22,6,8,11,16,12,21,17,25,8,6,13,16,17,21,18,25,3,5,10,7,12,7,15,8,80,34,35,99,9,7,88,12,0.49 ,0.22 ,157,14,10,64,0.41 ,-,9
2025/2026,A2,Pool_Salvezza,1st,4,-,3344,23/11/2025 ,17:00,-,-,O,Olio Pantaleo Volley Fasano,Il Podio Fasano,2,3,4,8,9,16,13,21,18,25,8,6,16,13,20,21,22,25,8,6,16,11,21,12,25,17,6,8,16,13,21,17,25,18,5,3,7,10,7,12,8,15,75,31,31,99,11,9,90,16,0.51 ,0.33 ,149,8,9,56,0.38 ,-,10
2025/2026,A2,Pool_Salvezza,1st,5,-,3345,23/11/2025 ,17:00,-,-,C,Nuvolì Altafratte Padova,Alta Fratte Volley Padova,1,3,8,7,16,13,21,16,25,23,7,8,11,16,15,21,18,25,3,8,11,16,14,21,20,25,0,8,4,16,8,21,15,25,-,-,-,-,-,-,-,-,57,22,7,79,10,3,84,14,0.67 ,0.29 ,142,15,11,45,0.32 ,-,9
2025/2026,A2,Pool_Salvezza,2nd,2,-,3345,23/11/2025 ,17:00,-,-,O,Valsabbina Millenium Brescia,Millenium Brescia,3,1,7,8,13,16,16,21,23,25,8,7,16,11,21,15,25,18,8,3,16,11,21,14,25,20,8,0,16,4,21,8,25,15,-,-,-,-,-,-,-,-,71,32,38,97,13,6,69,5,0.64 ,0.25 ,142,6,9,54,0.38 ,-,11
2025/2026,A2,Pool_Salvezza,2nd,3,-,3342,24/11/2025 ,20:30,-,-,C,Futura Giovani Busto Arsizio,Futura Giovani Busto Arsizio,3,0,8,4,16,6,21,13,25,15,8,5,16,9,21,10,25,16,8,7,16,12,21,16,25,21,-,-,-,-,-,-,-,-,-,-,-,-,-,-,-,-,58,28,37,74,12,8,48,6,0.63 ,0.31 ,76,1,2,41,0.54 ,-,9
2025/2026,A2,Pool_Salvezza,2nd,4,-,3342,24/11/2025 ,20:30,-,-,O,Volley Modena,Modena,0,3,4,8,6,16,13,21,15,25,5,8,9,16,10,21,16,25,7,8,12,16,16,21,21,25,-,-,-,-,-,-,-,-,-,-,-,-,-,-,-,-,38,11,2,53,5,6,62,11,0.50 ,0.34 ,87,11,9,30,0.34 ,-,2
2025/2026,A2,Pool_Salvezza,2nd,5,-,3350,29/11/2025 ,18:30,-,-,C,Tenaglia Abruzzo Altino Volley,Tenaglia Altino Volley,1,3,8,7,16,14,20,21,23,25,8,7,16,14,21,19,25,23,7,8,13,16,21,20,24,26,6,8,11,16,19,21,22,25,-,-,-,-,-,-,-,-,68,26,26,95,5,3,85,8,0.54 ,0.27 ,159,11,15,56,0.35 ,-,9
2025/2026,A2,Regular_Season_GroupB,1st,1,-,3350,29/11/2025 ,18:30,-,-,O,Futura Giovani Busto Arsizio,Futura Giovani Busto Arsizio,3,1,7,8,14,16,21,20,25,23,7,8,14,16,19,21,23,25,8,7,16,13,20,21,26,24,8,6,16,11,21,19,25,22,-,-,-,-,-,-,-,-,81,29,40,98,13,2,90,9,0.59 ,0.31 ,144,7,9,63,0.44 ,-,16
2025/2026,A2,Regular_Season_GroupB,1st,2,-,3348,30/11/2025 ,16:00,-,-,C,Olio Pantaleo Volley Fasano,Il Podio Fasano,3,2,6,8,11,16,20,21,28,26,7,8,12,16,15,21,20,25,8,5,16,14,21,16,25,18,4,8,12,16,18,21,21,25,5,0,10,4,12,6,15,8,77,33,36,108,7,1,92,2,0.72 ,0.47 ,179,20,12,64,0.36 ,-,12
2025/2026,A2,Regular_Season_GroupB,1st,3,-,3348,30/11/2025 ,16:00,-,-,O,Valsabbina Millenium Brescia,Millenium Brescia,2,3,8,6,16,11,21,20,26,28,8,7,16,12,21,15,25,20,5,8,14,16,16,21,18,25,8,4,16,12,21,18,25,21,0,5,4,10,6,12,8,15,75,28,29,102,10,1,101,2,0.54 ,0.20 ,175,22,12,62,0.35 ,-,12
2025/2026,A2,Regular_Season_GroupB,1st,4,-,3346,30/11/2025 ,17:00,-,-,C,Nuvolì Altafratte Padova,Alta Fratte Volley Padova,3,1,3,8,7,16,14,21,18,25,6,8,16,14,21,18,25,22,6,8,16,14,19,21,28,26,8,2,16,7,21,13,25,18,-,-,-,-,-,-,-,-,72,29,37,95,7,3,80,10,0.61 ,0.28 ,175,10,8,58,0.33 ,-,11
2025/2026,A2,Regular_Season_GroupB,1st,5,-,3346,30/11/2025 ,17:00,-,-,O,Trasporti Bressan Offanengo,Volley Offanengo,1,3,8,3,16,7,21,14,25,18,8,6,14,16,18,21,22,25,8,6,14,16,21,19,26,28,2,8,7,16,13,21,18,25,-,-,-,-,-,-,-,-,72,25,31,92,12,5,88,7,0.64 ,0.28 ,173,11,11,59,0.34 ,-,8
2025/2026,A2,Regular_Season_GroupB,1st,6,-,3347,30/11/2025 ,17:00,500,-,C,Volley Modena,Modena,1,3,0,0,16,18,17,21,21,25,4,8,9,16,14,21,18,25,8,5,16,12,21,16,25,19,7,8,16,15,19,21,20,25,-,-,-,-,-,-,-,-,56,24,7,86,17,4,77,11,0.58 ,0.38 ,116,11,10,44,0.38 ,-,8
2025/2026,A2,Regular_Season_GroupB,1st,7,-,3347,30/11/2025 ,17:00,500,-,O,Cda Volley Talmassons Fvg,Volley Talmassons,3,1,0,0,18,16,21,17,25,21,8,4,16,9,21,14,25,18,5,8,12,16,16,21,19,25,8,7,15,16,21,19,25,20,-,-,-,-,-,-,-,-,61,28,18,92,15,6,69,9,0.51 ,0.14 ,107,11,8,45,0.42 ,-,10
2025/2026,A2,Regular_Season_GroupB,1st,8,-,3349,30/11/2025 ,17:00,-,-,C,Clai Imola Volley,Imola Csi,3,1,8,4,16,13,21,20,26,24,8,2,16,5,21,11,25,12,2,8,11,16,14,21,15,25,8,6,16,13,21,16,25,21,-,-,-,-,-,-,-,-,62,23,30,89,12,5,70,6,0.61 ,0.49 ,113,10,4,48,0.42 ,-,9
2025/2026,A2,Regular_Season_GroupB,1st,9,-,3349,30/11/2025 ,17:00,-,-,O,Panbiscò Leonessa Altamura,Leonessa Volley Altamura,1,3,4,8,13,16,20,21,24,26,2,8,5,16,11,21,12,25,8,2,16,11,21,14,25,15,6,8,13,16,16,21,21,25,-,-,-,-,-,-,-,-,61,23,16,83,13,5,77,7,0.53 ,0.36 ,120,16,9,51,0.43 ,-,4
2025/2026,A2,Regular_Season_GroupB,2nd,1,-,3353,5/12/2025 ,16:00,-,-,C,Panbiscò Leonessa Altamura,Leonessa Volley Altamura,2,3,7,8,14,16,20,21,30,28,8,5,14,16,20,21,26,24,8,6,16,13,21,17,27,29,8,5,16,15,21,19,24,26,2,5,5,10,6,12,8,15,89,33,35,116,16,3,107,11,0.50 ,0.45 ,189,9,18,72,0.38 ,-,14
2025/2026,A2,Regular_Season_GroupB,2nd,2,-,3353,5/12/2025 ,16:00,-,-,O,Cda Volley Talmassons Fvg,Volley Talmassons,3,2,8,7,16,14,21,20,28,30,5,8,16,14,21,20,24,26,6,8,13,16,17,21,29,27,5,8,15,16,19,21,26,24,5,2,10,5,12,6,15,8,97,41,50,121,14,4,100,8,0.57 ,0.44 ,185,10,15,75,0.41 ,-,18
2025/2026,A2,Regular_Season_GroupB,2nd,3,-,3352,6/12/2025 ,19:00,-,-,C,Valsabbina Millenium Brescia,Millenium Brescia,3,0,7,8,16,15,21,17,25,17,8,5,16,12,21,13,25,15,8,5,16,10,21,12,25,14,-,-,-,-,-,-,-,-,-,-,-,-,-,-,-,-,45,29,26,73,7,6,35,5,0.66 ,0.20 ,81,6,1,31,0.38 ,-,8
2025/2026,A2,Regular_Season_GroupB,2nd,4,-,3352,6/12/2025 ,19:00,-,-,O,Volley Modena,Modena,0,3,8,7,15,16,17,21,17,25,5,8,12,16,13,21,15,25,5,8,10,16,12,21,14,25,-,-,-,-,-,-,-,-,-,-,-,-,-,-,-,-,32,10,-22,48,13,2,66,16,0.55 ,0.18 ,94,16,8,29,0.31 ,-,1
2025/2026,A2,Regular_Season_GroupB,2nd,5,-,3351,7/12/2025 ,17:00,-,-,C,Trasporti Bressan Offanengo,Volley Offanengo,2,3,6,8,12,16,20,21,25,23,4,8,11,16,18,21,21,25,8,6,16,11,21,14,25,19,8,7,16,13,18,21,19,25,3,5,8,10,9,12,16,18,82,37,29,106,13,6,96,10,0.58 ,0.27 ,181,13,17,65,0.36 ,-,11
2025/2026,A2,Regular_Season_GroupB,2nd,6,-,3351,7/12/2025 ,17:00,-,-,O,Clai Imola Volley,Imola Csi,3,2,8,6,16,12,21,20,23,25,8,4,16,11,21,18,25,21,6,8,11,16,14,21,19,25,7,8,13,16,21,18,25,19,5,3,10,8,12,9,18,16,82,35,40,110,14,6,93,7,0.55 ,0.30 ,171,10,11,59,0.35 ,-,17
2025/2026,A2,Regular_Season_GroupB,2nd,7,-,3354,7/12/2025 ,17:00,-,-,C,Olio Pantaleo Volley Fasano,Il Podio Fasano,0,3,8,7,16,14,20,21,22,25,5,8,9,16,15,21,22,25,3,8,9,16,16,21,17,25,-,-,-,-,-,-,-,-,-,-,-,-,-,-,-,-,45,18,20,63,2,3,64,8,0.52 ,0.36 ,109,10,5,31,0.28 ,-,11
2025/2026,A2,Regular_Season_GroupB,2nd,8,-,3354,7/12/2025 ,17:00,-,-,O,Futura Giovani Busto Arsizio,Futura Giovani Busto Arsizio,3,0,7,8,14,16,21,20,25,22,8,5,16,9,21,15,25,22,8,3,16,9,21,16,25,17,-,-,-,-,-,-,-,-,-,-,-,-,-,-,-,-,62,25,32,72,8,8,61,3,0.48 ,0.18 ,111,8,11,49,0.44 ,-,5
2025/2026,A2,Regular_Season_GroupB,2nd,9,-,3355,7/12/2025 ,17:00,-,-,C,Tenaglia Abruzzo Altino Volley,Tenaglia Altino Volley,1,3,7,8,12,16,16,21,18,25,2,8,6,16,10,21,10,25,8,7,16,13,21,16,25,22,3,8,9,16,13,21,16,25,-,-,-,-,-,-,-,-,39,13,-5,70,14,3,82,10,0.51 ,0.33 ,105,11,9,32,0.30 ,-,4
2025/2026,A2,Coppa_Italia,Quarter,-,-,3355,7/12/2025 ,17:00,-,-,O,Nuvolì Altafratte Padova,Alta Fratte Volley Padova,3,1,8,7,16,12,21,16,25,18,8,2,16,6,21,10,25,10,7,8,13,16,16,21,22,25,8,3,16,9,21,13,25,16,-,-,-,-,-,-,-,-,67,38,33,95,13,9,56,3,0.63 ,0.23 ,115,13,5,49,0.43 ,-,9
2025/2026,A2,Pool_Salvezza,1st,1,-,3357,10/12/2025 ,17:30,-,-,C,Volley Modena,Modena,0,3,8,6,14,16,20,21,25,27,3,8,16,15,18,21,23,25,4,8,10,16,14,21,20,25,-,-,-,-,-,-,-,-,-,-,-,-,-,-,-,-,57,21,23,69,12,2,72,4,0.56 ,0.19 ,130,15,3,53,0.41 ,-,2
2025/2026,A2,Pool_Salvezza,1st,2,-,3357,10/12/2025 ,17:30,-,-,O,Olio Pantaleo Volley Fasano,Il Podio Fasano,3,0,6,8,16,14,21,20,27,25,8,3,15,16,21,18,25,23,8,4,16,10,21,14,25,20,-,-,-,-,-,-,-,-,-,-,-,-,-,-,-,-,50,24,34,76,4,3,57,3,0.67 ,0.33 ,119,7,2,44,0.37 ,-,3
2025/2026,A2,Pool_Salvezza,1st,3,-,3360,10/12/2025 ,20:00,-,-,C,Valsabbina Millenium Brescia,Millenium Brescia,3,0,8,5,16,15,21,19,25,20,2,8,13,16,17,21,26,24,8,5,16,13,21,17,25,18,-,-,-,-,-,-,-,-,-,-,-,-,-,-,-,-,60,26,30,74,9,3,60,9,0.57 ,0.48 ,128,7,5,46,0.36 ,-,11
2025/2026,A2,Pool_Salvezza,1st,4,-,3360,10/12/2025 ,20:00,-,-,O,Tenaglia Abruzzo Altino Volley,Tenaglia Altino Volley,0,3,5,8,15,16,19,21,20,25,8,2,16,13,21,17,24,26,5,8,13,16,17,21,18,25,-,-,-,-,-,-,-,-,-,-,-,-,-,-,-,-,46,20,14,64,4,5,65,6,0.54 ,0.43 ,129,11,11,36,0.28 ,-,5
2025/2026,A2,Pool_Salvezza,2nd,1,-,3356,10/12/2025 ,20:30,-,-,C,Cda Volley Talmassons Fvg,Volley Talmassons,3,1,8,5,16,10,21,12,25,16,8,7,16,14,21,19,25,23,6,8,13,16,19,21,23,25,8,3,16,11,21,16,25,19,-,-,-,-,-,-,-,-,71,31,34,97,8,5,74,11,0.66 ,0.27 ,131,10,8,60,0.46 ,-,6
2025/2026,A2,Pool_Salvezza,2nd,2,-,3356,10/12/2025 ,20:30,-,-,O,Trasporti Bressan Offanengo,Volley Offanengo,1,3,5,8,10,16,12,21,16,25,7,8,14,16,19,21,23,25,8,6,16,13,21,19,25,23,3,8,11,16,16,21,19,25,-,-,-,-,-,-,-,-,63,23,25,84,10,5,89,7,0.62 ,0.13 ,151,15,6,50,0.33 ,-,8
2025/2026,A2,Pool_Salvezza,2nd,3,-,3359,10/12/2025 ,20:30,-,-,C,Futura Giovani Busto Arsizio,Futura Giovani Busto Arsizio,3,1,6,8,16,13,21,16,25,19,8,2,16,14,21,20,27,25,8,5,16,14,17,21,21,25,8,6,16,9,21,12,25,13,-,-,-,-,-,-,-,-,77,38,34,97,8,5,78,17,0.60 ,0.42 ,135,10,8,60,0.44 ,-,12
2025/2026,A2,Pool_Salvezza,2nd,4,-,3359,10/12/2025 ,20:30,-,-,O,Clai Imola Volley,Imola Csi,1,3,8,6,13,16,16,21,19,25,2,8,14,16,20,21,25,27,5,8,14,16,21,17,25,21,6,8,9,16,12,21,13,25,-,-,-,-,-,-,-,-,58,26,19,83,5,11,89,11,0.55 ,0.25 ,144,11,12,39,0.27 ,-,8
2025/2026,A2,Regular_Season_GroupB,1st,1,-,3358,11/12/2025 ,20:30,-,-,C,Nuvolì Altafratte Padova,Alta Fratte Volley Padova,3,0,6,8,16,15,21,18,25,21,8,6,16,13,21,15,25,20,7,8,16,12,21,13,25,16,-,-,-,-,-,-,-,-,-,-,-,-,-,-,-,-,56,26,36,74,8,4,49,3,0.61 ,0.27 ,106,7,2,46,0.43 ,-,6
2025/2026,A2,Regular_Season_GroupB,1st,2,-,3358,11/12/2025 ,20:30,-,-,O,Panbiscò Leonessa Altamura,Leonessa Volley Altamura,0,3,8,6,15,16,18,21,21,25,6,8,13,16,15,21,20,25,8,7,12,16,13,21,16,25,-,-,-,-,-,-,-,-,-,-,-,-,-,-,-,-,40,13,7,58,9,2,66,9,0.52 ,0.18 ,94,9,6,36,0.38 ,-,2
2025/2026,A2,Regular_Season_GroupB,1st,3,-,3361,14/12/2025 ,17:00,-,-,C,Trasporti Bressan Offanengo,Volley Offanengo,3,2,8,6,16,13,21,20,26,28,6,8,16,11,21,17,25,20,8,5,16,14,21,18,25,22,8,5,16,11,19,21,21,25,5,4,10,8,12,11,16,14,86,29,40,113,17,8,96,10,0.58 ,0.36 ,165,11,8,66,0.40 ,-,12
2025/2026,A2,Regular_Season_GroupB,1st,4,-,3361,14/12/2025 ,17:00,-,-,O,Futura Giovani Busto Arsizio,Futura Giovani Busto Arsizio,2,3,6,8,13,16,20,21,28,26,8,6,11,16,17,21,20,25,5,8,14,16,18,21,22,25,5,8,11,16,21,19,25,21,4,5,8,10,11,12,14,16,80,28,31,109,13,3,96,13,0.57 ,0.32 ,164,11,12,69,0.42 ,-,8
2025/2026,A2,Regular_Season_GroupB,1st,5,-,3362,14/12/2025 ,17:00,-,-,C,Tenaglia Abruzzo Altino Volley,Tenaglia Altino Volley,3,1,8,5,14,16,18,21,24,26,7,8,16,13,21,18,25,22,8,6,16,15,21,16,25,21,8,4,16,13,21,19,25,23,-,-,-,-,-,-,-,-,70,28,38,98,12,3,80,8,0.44 ,0.25 ,150,7,4,59,0.39 ,-,8
2025/2026,A2,Regular_Season_GroupB,1st,6,-,3362,14/12/2025 ,17:00,-,-,O,Volley Modena,Modena,1,3,5,8,16,14,21,18,26,24,8,7,13,16,18,21,22,25,6,8,15,16,16,21,21,25,4,8,13,16,19,21,23,25,-,-,-,-,-,-,-,-,69,28,26,89,13,4,86,9,0.52 ,0.28 ,161,13,7,62,0.39 ,-,3
2025/2026,A2,Regular_Season_GroupB,1st,7,-,3363,14/12/2025 ,17:00,-,-,C,Clai Imola Volley,Imola Csi,0,3,6,8,12,16,16,21,22,25,7,8,9,16,12,21,17,25,1,8,8,16,10,21,19,25,-,-,-,-,-,-,-,-,-,-,-,-,-,-,-,-,39,14,7,60,9,4,63,4,0.48 ,0.27 ,79,9,10,28,0.35 ,-,7
2025/2026,A2,Regular_Season_GroupB,1st,8,-,3363,14/12/2025 ,17:00,-,-,O,Cda Volley Talmassons Fvg,Volley Talmassons,3,0,8,6,16,12,21,16,25,22,8,7,16,9,21,12,25,17,8,1,16,8,21,10,25,19,-,-,-,-,-,-,-,-,-,-,-,-,-,-,-,-,56,26,24,73,10,2,51,5,0.57 ,0.49 ,85,9,8,44,0.52 ,-,10
2025/2026,A2,Regular_Season_GroupB,1st,9,-,3364,14/12/2025 ,17:00,-,-,C,Olio Pantaleo Volley Fasano,Il Podio Fasano,3,2,8,4,16,10,21,12,25,15,4,8,10,16,16,21,17,25,8,6,16,13,21,20,25,22,5,8,12,16,16,21,17,25,5,2,10,9,12,10,15,13,73,30,37,99,10,4,88,5,0.59 ,0.30 ,175,15,6,60,0.34 ,-,9
2025/2026,A2,Regular_Season_GroupB,2nd,1,-,3364,14/12/2025 ,17:00,-,-,O,Nuvolì Altafratte Padova,Alta Fratte Volley Padova,2,3,4,8,10,16,12,21,15,25,8,4,16,10,21,16,25,17,6,8,13,16,20,21,22,25,8,5,16,12,21,16,25,17,2,5,9,10,10,12,13,15,75,32,34,100,12,2,89,6,0.54 ,0.16 ,164,14,9,67,0.41 ,-,6
2025/2026,A2,Regular_Season_GroupB,2nd,2,-,3365,14/12/2025 ,17:00,-,-,C,Panbiscò Leonessa Altamura,Leonessa Volley Altamura,2,3,8,6,16,15,21,18,25,23,8,6,14,16,21,20,25,22,7,8,14,16,18,21,20,25,5,8,12,16,19,21,21,25,5,1,7,10,9,12,16,18,75,35,28,108,11,3,95,11,0.56 ,0.43 ,183,16,9,60,0.33 ,-,12
2025/2026,A2,Regular_Season_GroupB,2nd,3,-,3365,14/12/2025 ,17:00,-,-,O,Valsabbina Millenium Brescia,Millenium Brescia,3,2,6,8,15,16,18,21,23,25,6,8,16,14,20,21,22,25,8,7,16,14,21,18,25,20,8,5,16,12,21,19,25,21,1,5,10,7,12,9,18,16,85,30,36,112,17,6,97,7,0.54 ,0.43 ,206,13,12,70,0.34 ,-,9
2025/2026,A2,Regular_Season_GroupB,2nd,4,-,3369,20/12/2025 ,18:30,-,-,C,Tenaglia Abruzzo Altino Volley,Tenaglia Altino Volley,0,3,2,8,12,16,17,21,21,25,4,8,9,16,15,21,22,25,5,8,9,16,16,21,17,25,-,-,-,-,-,-,-,-,-,-,-,-,-,-,-,-,47,16,18,60,6,3,66,3,0.74 ,0.26 ,110,14,6,39,0.35 ,-,5
2025/2026,A2,Regular_Season_GroupB,2nd,5,-,3369,20/12/2025 ,18:30,-,-,O,Olio Pantaleo Volley Fasano,Il Podio Fasano,3,0,8,2,16,12,21,17,25,21,8,4,16,9,21,15,25,22,8,5,16,9,21,16,25,17,-,-,-,-,-,-,-,-,-,-,-,-,-,-,-,-,53,25,34,73,7,3,54,3,0.63 ,0.15 ,96,4,5,44,0.46 ,-,6
2025/2026,A2,Regular_Season_GroupB,2nd,6,-,3366,21/12/2025 ,17:00,-,-,C,Valsabbina Millenium Brescia,Millenium Brescia,3,0,4,8,15,16,21,20,25,21,8,3,16,10,21,16,25,20,5,8,16,15,21,19,25,20,-,-,-,-,-,-,-,-,-,-,-,-,-,-,-,-,50,28,25,73,6,6,54,4,0.78 ,0.50 ,118,11,4,36,0.31 ,-,8
2025/2026,A2,Regular_Season_GroupB,2nd,7,-,3366,21/12/2025 ,17:00,-,-,O,Trasporti Bressan Offanengo,Volley Offanengo,0,3,8,4,16,15,20,21,21,25,3,8,10,16,16,21,20,25,8,5,15,16,19,21,20,25,-,-,-,-,-,-,-,-,-,-,-,-,-,-,-,-,43,16,2,63,9,3,67,10,0.57 ,0.36 ,124,12,10,37,0.30 ,-,3
2025/2026,A2,Regular_Season_GroupB,2nd,8,-,3367,21/12/2025 ,17:00,-,-,C,Volley Modena,Modena,0,3,4,8,15,16,16,21,21,25,4,8,11,16,15,21,19,25,7,8,14,16,19,21,20,25,-,-,-,-,-,-,-,-,-,-,-,-,-,-,-,-,46,10,16,61,11,.,66,4,0.61 ,0.38 ,105,12,3,39,0.37 ,-,7
2025/2026,A2,Regular_Season_GroupB,2nd,9,-,3367,21/12/2025 ,17:00,-,-,O,Panbiscò Leonessa Altamura,Leonessa Volley Altamura,3,0,8,4,16,15,21,16,25,21,8,4,16,11,21,15,25,19,8,7,16,14,21,19,25,20,-,-,-,-,-,-,-,-,-,-,-,-,-,-,-,-,49,17,29,74,8,.,50,3,0.56 ,0.40 ,96,2,7,45,0.47 ,-,4
2025/2026,A2,Pool_Promozione,1st,1,-,3368,21/12/2025 ,17:00,-,-,C,Futura Giovani Busto Arsizio,Futura Giovani Busto Arsizio,0,3,8,6,15,16,16,21,17,25,6,8,12,16,14,21,16,25,5,8,15,16,19,21,22,25,-,-,-,-,-,-,-,-,-,-,-,-,-,-,-,-,38,15,1,56,7,3,63,9,0.48 ,0.30 ,107,7,14,31,0.29 ,-,4
2025/2026,A2,Pool_Promozione,1st,2,-,3368,21/12/2025 ,17:00,-,-,O,Cda Volley Talmassons Fvg,Volley Talmassons,3,0,6,8,16,15,21,16,25,17,8,6,16,12,21,14,25,16,8,5,16,15,21,19,25,22,-,-,-,-,-,-,-,-,-,-,-,-,-,-,-,-,60,35,32,74,11,2,49,8,0.57 ,0.35 ,96,5,4,44,0.46 ,-,14
2025/2026,A2,Pool_Promozione,1st,3,-,3370,21/12/2025 ,17:00,-,-,C,Nuvolì Altafratte Padova,Alta Fratte Volley Padova,3,0,8,7,16,14,21,17,25,21,8,1,16,2,21,5,25,10,8,4,16,8,21,13,25,17,-,-,-,-,-,-,-,-,-,-,-,-,-,-,-,-,55,30,32,74,6,1,40,3,0.55 ,0.15 ,112,9,5,42,0.38 ,-,12
2025/2026,A2,Pool_Promozione,1st,4,-,3370,21/12/2025 ,17:00,-,-,O,Clai Imola Volley,Imola Csi,0,3,7,8,14,16,17,21,21,25,1,8,2,16,5,21,10,25,4,8,8,16,13,21,17,25,-,-,-,-,-,-,-,-,-,-,-,-,-,-,-,-,33,7,-5,49,9,1,68,9,0.56 ,0.22 ,106,8,12,26,0.25 ,-,6
2025/2026,A2,Pool_Promozione,1st,5,-,3371,26/12/2025 ,18:00,-,-,C,Trasporti Bressan Offanengo,Volley Offanengo,3,0,8,3,16,12,21,13,25,15,8,3,16,6,21,10,25,20,8,6,16,14,21,17,25,20,-,-,-,-,-,-,-,-,-,-,-,-,-,-,-,-,54,23,32,73,9,5,48,6,0.54 ,0.31 ,92,2,5,43,0.47 ,-,6
2025/2026,A2,Pool_Promozione,2nd,1,-,3371,26/12/2025 ,18:00,-,-,O,Volley Modena,Modena,0,3,3,8,12,16,13,21,15,25,3,8,6,16,10,21,20,25,6,8,14,16,17,21,20,25,-,-,-,-,-,-,-,-,-,-,-,-,-,-,-,-,43,15,7,57,9,3,64,9,0.52 ,0.30 ,102,12,6,35,0.34 ,-,5
2025/2026,A2,Pool_Promozione,2nd,2,-,3373,26/12/2025 ,20:30,-,-,C,Olio Pantaleo Volley Fasano,Il Podio Fasano,3,1,5,8,14,16,20,21,23,25,8,7,16,10,21,16,25,20,8,4,16,12,21,16,25,20,7,8,16,10,21,11,25,18,-,-,-,-,-,-,-,-,70,28,49,97,8,4,74,2,0.69 ,0.26 ,152,10,1,57,0.38 ,-,9
2025/2026,A2,Pool_Promozione,2nd,3,-,3373,26/12/2025 ,20:30,-,-,O,Panbiscò Leonessa Altamura,Leonessa Volley Altamura,1,3,8,5,16,14,21,20,25,23,7,8,10,16,16,21,20,25,4,8,12,16,16,21,20,25,8,7,10,16,11,21,18,25,-,-,-,-,-,-,-,-,65,18,21,83,9,1,89,7,0.45 ,0.09 ,173,19,9,63,0.36 ,-,1
2025/2026,A2,Pool_Promozione,2nd,4,-,3375,27/12/2025 ,17:00,-,-,C,Clai Imola Volley,Imola Csi,2,3,8,3,16,7,21,11,25,13,8,7,16,12,21,16,25,22,4,8,12,16,16,21,19,25,6,8,16,15,18,21,23,25,2,5,4,10,4,12,5,15,70,32,35,97,12,4,86,4,0.66 ,0.50 ,153,14,5,52,0.34 ,-,14
2025/2026,A2,Pool_Promozione,2nd,5,-,3375,27/12/2025 ,17:00,-,-,O,Tenaglia Abruzzo Altino Volley,Tenaglia Altino Volley,3,2,3,8,7,16,11,21,13,25,7,8,12,16,16,21,22,25,8,4,16,12,21,16,25,19,8,6,15,16,21,18,25,23,5,2,10,4,12,4,15,5,73,28,26,99,13,3,85,5,0.67 ,0.49 ,156,14,15,65,0.42 ,-,5
2025/2026,A2,Regular_Season_GroupB,1st,1,-,3372,27/12/2025 ,18:00,-,-,C,Cda Volley Talmassons Fvg,Volley Talmassons,1,3,8,7,16,13,21,15,25,18,6,8,13,16,17,21,19,25,4,8,11,16,13,21,14,25,6,8,14,16,17,21,21,25,-,-,-,-,-,-,-,-,66,24,19,80,14,3,84,11,0.60 ,0.23 ,142,8,14,48,0.34 ,-,15
2025/2026,A2,Regular_Season_GroupB,1st,2,-,3372,27/12/2025 ,18:00,-,-,O,Valsabbina Millenium Brescia,Millenium Brescia,3,1,7,8,13,16,15,21,18,25,8,6,16,13,21,17,25,19,8,4,16,11,21,13,25,14,8,6,16,14,21,17,25,21,-,-,-,-,-,-,-,-,66,32,34,92,8,11,66,5,0.62 ,0.12 ,132,4,15,41,0.31 ,-,14
2025/2026,A2,Regular_Season_GroupB,1st,3,-,3374,27/12/2025 ,19:00,-,-,C,Futura Giovani Busto Arsizio,Futura Giovani Busto Arsizio,2,3,8,2,16,11,21,16,25,20,7,8,15,16,18,21,21,25,6,8,10,16,15,21,18,25,8,7,16,14,21,19,25,20,2,5,6,10,8,12,10,15,76,24,30,100,18,4,94,7,0.73 ,0.51 ,163,8,13,66,0.40 ,-,6
2025/2026,A2,Regular_Season_GroupB,1st,4,-,3374,27/12/2025 ,19:00,-,-,O,Nuvolì Altafratte Padova,Alta Fratte Volley Padova,3,2,2,8,11,16,16,21,20,25,8,7,16,15,21,18,25,21,8,6,16,10,21,15,25,18,7,8,14,16,19,21,20,25,5,2,10,6,12,8,15,10,76,29,44,104,10,4,82,8,0.65 ,0.27 ,140,8,6,59,0.42 ,-,13
2025/2026,A2,Regular_Season_GroupB,1st,5,-,3376,4/1/2026 ,17:00,-,-,C,Trasporti Bressan Offanengo,Volley Offanengo,0,3,2,8,12,16,16,21,18,25,3,8,10,16,15,21,20,25,7,8,12,16,16,21,20,25,-,-,-,-,-,-,-,-,-,-,-,-,-,-,-,-,50,18,8,59,11,2,69,11,0.61 ,0.42 ,127,12,8,43,0.34 ,-,5
2025/2026,A2,Regular_Season_GroupB,1st,6,-,3376,4/1/2026 ,17:00,-,-,O,Olio Pantaleo Volley Fasano,Il Podio Fasano,3,0,8,2,16,12,21,16,25,18,8,3,16,10,21,15,25,20,8,7,16,12,21,16,25,20,-,-,-,-,-,-,-,-,-,-,-,-,-,-,-,-,50,26,32,74,5,7,48,6,0.60 ,0.44 ,102,2,5,35,0.34 ,-,8
2025/2026,A2,Regular_Season_GroupB,1st,7,-,3377,4/1/2026 ,17:00,500,-,C,Volley Modena,Modena,0,3,8,7,16,15,18,21,23,25,3,8,10,16,15,21,19,25,7,8,11,16,15,21,23,25,-,-,-,-,-,-,-,-,-,-,-,-,-,-,-,-,39,15,3,66,9,3,63,9,0.51 ,0.37 ,96,11,7,34,0.35 ,-,2
2025/2026,A2,Regular_Season_GroupB,1st,8,-,3377,4/1/2026 ,17:00,500,-,O,Clai Imola Volley,Imola Csi,3,0,7,8,15,16,21,18,25,23,8,3,16,10,21,15,25,19,8,7,16,11,21,15,25,23,-,-,-,-,-,-,-,-,-,-,-,-,-,-,-,-,51,21,23,74,11,4,57,4,0.42 ,0.21 ,93,11,2,40,0.43 ,-,7
2025/2026,A2,Regular_Season_GroupB,1st,9,-,3378,4/1/2026 ,17:00,-,-,C,Cda Volley Talmassons Fvg,Volley Talmassons,1,3,5,8,11,16,16,21,23,25,8,6,16,12,21,16,25,16,6,8,13,16,17,21,20,25,7,8,14,16,15,21,19,25,-,-,-,-,-,-,-,-,59,19,11,88,12,4,80,7,0.68 ,0.11 ,136,16,13,47,0.35 ,-,8
2025/2026,A2,Regular_Season_GroupB,2nd,1,-,3378,4/1/2026 ,17:00,-,-,O,Nuvolì Altafratte Padova,Alta Fratte Volley Padova,3,1,8,5,16,11,21,16,25,23,6,8,12,16,16,21,16,25,8,6,16,13,21,17,25,20,8,7,16,14,21,15,25,19,-,-,-,-,-,-,-,-,62,28,23,90,10,4,76,6,0.66 ,0.13 ,132,15,8,45,0.34 ,-,13
2025/2026,A2,Regular_Season_GroupB,2nd,2,-,3379,4/1/2026 ,17:00,-,-,C,Panbiscò Leonessa Altamura,Leonessa Volley Altamura,3,1,4,8,13,16,21,20,25,23,7,8,11,16,18,21,22,25,8,6,14,16,19,21,27,25,6,8,16,11,21,12,25,17,-,-,-,-,-,-,-,-,76,30,44,98,10,2,82,7,0.56 ,0.41 ,153,7,8,68,0.44 ,-,6
2025/2026,A2,Regular_Season_GroupB,2nd,3,-,3379,4/1/2026 ,17:00,-,-,O,Tenaglia Abruzzo Altino Volley,Tenaglia Altino Volley,1,3,8,4,16,13,20,21,23,25,8,7,16,11,21,18,25,22,6,8,16,14,21,19,25,27,8,6,11,16,12,21,17,25,-,-,-,-,-,-,-,-,72,27,37,91,9,2,88,7,0.50 ,0.40 ,146,13,6,62,0.42 ,-,8
2025/2026,A2,Regular_Season_GroupB,2nd,4,-,3380,4/1/2026 ,17:00,-,-,C,Valsabbina Millenium Brescia,Millenium Brescia,3,0,8,7,16,15,21,18,25,20,8,7,16,14,21,16,25,17,8,2,16,15,21,18,25,22,-,-,-,-,-,-,-,-,-,-,-,-,-,-,-,-,53,21,33,73,8,5,52,3,0.81 ,0.40 ,105,6,3,43,0.41 ,-,5
2025/2026,A2,Regular_Season_GroupB,2nd,5,-,3380,4/1/2026 ,17:00,-,-,O,Futura Giovani Busto Arsizio,Futura Giovani Busto Arsizio,0,3,7,8,15,16,18,21,20,25,7,8,14,16,16,21,17,25,2,8,15,16,18,21,22,25,-,-,-,-,-,-,-,-,-,-,-,-,-,-,-,-,44,10,10,61,9,3,65,8,0.68 ,0.46 ,109,12,5,38,0.35 ,-,3
2025/2026,A2,Regular_Season_GroupB,2nd,6,-,3384,10/1/2026 ,17:00,-,-,C,Futura Giovani Busto Arsizio,Futura Giovani Busto Arsizio,1,3,3,8,9,16,14,21,19,25,8,5,14,16,17,21,19,25,7,8,16,12,21,15,25,23,8,7,13,16,19,21,21,25,-,-,-,-,-,-,-,-,62,23,11,85,13,9,89,13,0.63 ,0.40 ,126,13,12,46,0.37 ,-,7
2025/2026,A2,Regular_Season_GroupB,2nd,7,-,3384,10/1/2026 ,17:00,-,-,O,Panbiscò Leonessa Altamura,Leonessa Volley Altamura,3,1,8,3,16,9,21,14,25,19,5,8,16,14,21,17,25,19,8,7,12,16,15,21,23,25,7,8,16,13,21,19,25,21,-,-,-,-,-,-,-,-,71,33,30,97,8,8,72,13,0.49 ,0.24 ,118,13,7,51,0.43 ,-,12
2025/2026,A2,Regular_Season_GroupB,2nd,8,-,3381,10/1/2026 ,18:30,-,-,C,Tenaglia Abruzzo Altino Volley,Tenaglia Altino Volley,3,1,4,8,10,16,13,21,19,25,7,8,16,14,21,18,25,23,4,8,14,16,20,21,25,23,8,6,16,13,21,18,25,21,-,-,-,-,-,-,-,-,66,22,18,93,14,3,87,9,0.62 ,0.30 ,150,16,9,51,0.34 ,-,12
2025/2026,A2,Regular_Season_GroupB,2nd,9,-,3381,10/1/2026 ,18:30,-,-,O,Trasporti Bressan Offanengo,Volley Offanengo,1,3,8,4,16,10,21,13,25,19,8,7,14,16,18,21,23,25,8,4,16,14,21,20,23,25,6,8,13,16,18,21,21,25,-,-,-,-,-,-,-,-,56,23,12,93,6,6,79,6,0.70 ,0.13 ,155,20,12,41,0.26 ,-,9
2025/2026,A2,Play_Off,Quarter,1 ,-,3383,11/1/2026 ,15:00,-,-,C,Olio Pantaleo Volley Fasano,Il Podio Fasano,3,1,8,3,22,16,21,14,25,17,7,8,13,16,16,21,18,25,8,5,16,9,21,19,25,20,8,7,16,14,21,20,25,22,-,-,-,-,-,-,-,-,57,21,35,86,2,4,65,2,0.66 ,0.23 ,118,10,8,47,0.40 ,-,6
2025/2026,A2,Play_Off,Quarter,2 ,-,3383,11/1/2026 ,15:00,-,-,O,Cda Volley Talmassons Fvg,Volley Talmassons,1,3,3,8,16,22,14,21,17,25,8,7,16,13,21,16,25,18,5,8,9,16,19,21,20,25,7,8,14,16,20,21,22,25,-,-,-,-,-,-,-,-,65,19,23,76,11,2,84,7,0.67 ,0.14 ,133,18,6,56,0.42 ,-,7
2025/2026,A2,Play_Off,Semifinal,1 ,-,3382,11/1/2026 ,17:00,-,-,C,Nuvolì Altafratte Padova,Alta Fratte Volley Padova,3,1,8,2,16,13,21,15,25,17,7,8,16,15,21,19,25,22,8,6,13,16,15,21,18,25,6,8,12,16,16,21,25,23,-,-,-,-,-,-,-,-,66,29,33,92,11,8,77,10,0.65 ,0.27 ,131,7,5,51,0.39 ,-,7
2025/2026,A2,Play_Off,Semifinal,2 ,-,3382,11/1/2026 ,17:00,-,-,O,Volley Modena,Modena,1,3,2,8,13,16,15,21,17,25,8,7,15,16,19,21,22,25,6,8,16,13,21,15,25,18,8,6,16,12,21,16,23,25,-,-,-,-,-,-,-,-,63,27,19,88,11,5,81,13,0.51 ,0.12 ,136,13,7,53,0.39 ,-,5
2025/2026,A2,Play_Off,Final,1 ,-,3385,11/1/2026 ,17:00,-,-,C,Clai Imola Volley,Imola Csi,0,3,5,8,13,16,14,21,18,25,6,8,14,16,18,21,19,25,4,8,12,16,14,21,18,25,-,-,-,-,-,-,-,-,-,-,-,-,-,-,-,-,39,15,10,57,8,.,64,3,0.70 ,0.55 ,101,11,7,31,0.31 ,-,8
2025/2026,A2,Play_Off,Final,2 ,-,3385,11/1/2026 ,17:00,-,-,O,Valsabbina Millenium Brescia,Millenium Brescia,3,0,8,5,16,13,21,14,25,18,8,6,16,14,21,18,25,19,8,4,16,12,21,14,25,18,-,-,-,-,-,-,-,-,-,-,-,-,-,-,-,-,56,31,32,73,9,3,49,.,0.57 ,0.39 ,103,7,8,46,0.45 ,-,7
2025/2026,A2,Play_Off,Final,3 ,-,3386,18/1/2026 ,17:00,-,-,C,Panbiscò Leonessa Altamura,Leonessa Volley Altamura,3,2,7,8,13,16,20,21,21,25,5,8,16,15,21,18,25,22,8,6,16,12,21,14,25,18,8,6,15,16,16,21,23,25,5,3,10,3,12,4,15,6,81,35,40,109,6,3,85,11,0.49 ,0.36 ,162,17,7,64,0.40 ,-,14
2025/2026,A2,Coppa_Italia,Quarter,-,-,3386,18/1/2026 ,17:00,-,-,O,Trasporti Bressan Offanengo,Volley Offanengo,2,3,8,7,16,13,21,20,25,21,8,5,15,16,18,21,22,25,6,8,12,16,14,21,18,25,6,8,16,15,21,16,25,23,3,5,3,10,4,12,6,15,68,25,18,96,11,7,103,9,0.62 ,0.49 ,173,16,14,54,0.31 ,-,7
2025/2026,A2,Pool_Salvezza,1st,1,-,3387,18/1/2026 ,17:00,120,-,C,Volley Modena,Modena,1,3,4,8,11,16,19,21,20,25,8,5,16,11,21,15,25,17,8,7,15,16,17,21,23,25,4,8,11,16,16,21,21,25,-,-,-,-,-,-,-,-,64,23,30,89,6,5,82,10,0.59 ,0.32 ,134,11,7,52,0.39 ,-,7
2025/2026,A2,Pool_Salvezza,1st,2,-,3387,18/1/2026 ,17:00,120,-,O,Futura Giovani Busto Arsizio,Futura Giovani Busto Arsizio,3,1,8,4,16,11,21,19,25,20,5,8,11,16,15,21,17,25,7,8,16,15,21,17,25,23,8,4,16,11,21,16,25,21,-,-,-,-,-,-,-,-,70,27,36,91,9,6,83,7,0.48 ,0.24 ,125,11,7,57,0.46 ,-,7
2025/2026,A2,Pool_Salvezza,1st,4,-,3388,18/1/2026 ,17:00,-,-,C,Tenaglia Abruzzo Altino Volley,Tenaglia Altino Volley,0,3,7,8,10,16,14,21,19,25,6,8,15,16,17,21,19,25,7,8,15,16,20,21,23,25,-,-,-,-,-,-,-,-,-,-,-,-,-,-,-,-,43,13,6,63,9,4,65,7,0.49 ,0.20 ,116,11,10,33,0.28 ,-,6
2025/2026,A2,Pool_Salvezza,1st,5,-,3388,18/1/2026 ,17:00,-,-,O,Cda Volley Talmassons Fvg,Volley Talmassons,3,0,8,7,16,10,21,14,25,19,8,6,16,15,21,17,25,19,8,7,16,15,21,20,25,23,-,-,-,-,-,-,-,-,-,-,-,-,-,-,-,-,55,22,24,73,8,3,54,7,0.56 ,0.31 ,111,10,6,42,0.38 ,-,10
2025/2026,A2,Pool_Salvezza,2nd,1,-,3389,18/1/2026 ,17:00,-,-,C,Olio Pantaleo Volley Fasano,Il Podio Fasano,1,3,8,6,16,9,21,16,25,18,8,7,16,13,18,21,22,25,5,8,13,16,18,21,22,25,8,7,14,16,17,21,21,25,-,-,-,-,-,-,-,-,57,19,20,91,11,5,81,8,0.49 ,0.23 ,142,9,9,48,0.34 ,-,4
2025/2026,A2,Pool_Salvezza,2nd,2,-,3389,18/1/2026 ,17:00,-,-,O,Clai Imola Volley,Imola Csi,3,1,6,8,9,16,16,21,18,25,7,8,13,16,21,18,25,22,8,5,16,13,21,18,25,22,7,8,16,14,21,17,25,21,-,-,-,-,-,-,-,-,73,31,29,92,11,7,80,7,0.43 ,0.10 ,150,22,4,57,0.38 ,-,9
2025/2026,A2,Pool_Salvezza,2nd,4,-,3390,18/1/2026 ,17:00,-,-,C,Valsabbina Millenium Brescia,Millenium Brescia,3,0,8,5,16,12,21,13,25,15,7,8,13,16,21,17,25,21,7,8,16,13,21,16,25,17,-,-,-,-,-,-,-,-,-,-,-,-,-,-,-,-,51,27,32,73,7,3,44,3,0.59 ,0.43 ,96,6,3,40,0.42 ,-,8
2025/2026,A2,Pool_Salvezza,2nd,5,-,3390,18/1/2026 ,17:00,-,-,O,Nuvolì Altafratte Padova,Alta Fratte Volley Padova,0,3,5,8,12,16,13,21,15,25,8,7,16,13,17,21,21,25,8,7,13,16,16,21,17,25,-,-,-,-,-,-,-,-,-,-,-,-,-,-,-,-,40,12,6,55,11,2,66,4,0.70 ,0.44 ,108,11,8,35,0.32 ,-,3
2025/2026,A2,Regular_Season_GroupB,1st,1,-,4104,27/3/2026 ,20:30,-,-,C,Narconon Volley Melendugno,Narconon Volley Melendugno,2,3,6,8,13,16,17,21,20,25,8,7,14,16,17,21,19,25,6,8,16,14,21,15,25,19,3,8,14,16,21,19,25,23,5,3,10,7,11,12,12,15,72,30,30,101,11,3,91,11,0.66 ,0.58 ,156,13,7,57,0.37 ,-,12
2025/2026,A2,Regular_Season_GroupB,1st,2,-,4104,27/3/2026 ,20:30,-,-,O,Futura Giovani Busto Arsizio,Futura Giovani Busto Arsizio,3,2,8,6,16,13,21,17,25,20,7,8,16,14,21,17,25,19,8,6,14,16,15,21,19,25,8,3,16,14,19,21,23,25,3,5,7,10,12,11,15,12,79,32,32,107,16,8,90,8,0.49 ,0.28 ,161,11,12,64,0.40 ,-,7
2025/2026,A2,Regular_Season_GroupB,1st,3,-,4102,29/3/2026 ,17:00,-,-,C,SMI Roma Volley,Roma Volley Club,2,3,8,3,16,11,21,16,25,19,8,4,16,12,21,18,25,21,8,7,12,16,16,21,20,25,8,7,14,16,20,21,25,27,5,3,10,8,12,9,14,16,76,28,39,109,11,7,96,7,0.57 ,0.32 ,172,9,10,61,0.35 ,-,8
2025/2026,A2,Regular_Season_GroupB,1st,4,-,4102,29/3/2026 ,17:00,-,-,O,C.B.L. Costa Volpino,Pallavolo C.B.L Costa Volpino,3,2,3,8,11,16,16,21,19,25,4,8,12,16,18,21,21,25,7,8,16,12,21,16,25,20,7,8,16,14,21,20,27,25,3,5,8,10,9,12,16,14,86,32,41,107,11,5,98,8,0.44 ,0.28 ,190,18,8,71,0.37 ,-,10
2025/2026,A2,Regular_Season_GroupB,1st,5,-,4101,29/3/2026 ,18:00,-,-,C,Itas Trentino,Trentino Volley,0,3,6,8,12,16,19,21,23,25,7,8,10,16,18,21,21,25,8,4,16,12,20,21,21,25,-,-,-,-,-,-,-,-,-,-,-,-,-,-,-,-,54,21,23,67,9,3,67,4,0.63 ,0.37 ,114,7,11,47,0.41 ,-,4
2025/2026,A2,Regular_Season_GroupB,1st,6,-,4101,29/3/2026 ,18:00,-,-,O,Valsabbina Millenium Brescia,Millenium Brescia,3,0,8,6,16,12,21,19,25,23,8,7,16,10,21,18,25,21,4,8,12,16,21,20,25,21,-,-,-,-,-,-,-,-,-,-,-,-,-,-,-,-,56,26,36,72,5,2,58,6,0.62 ,0.48 ,106,5,4,43,0.41 ,-,11
2025/2026,A2,Regular_Season_GroupB,1st,7,-,4103,29/3/2026 ,18:00,-,-,C,Olio Pantaleo Volley Fasano,Il Podio Fasano,1,3,7,8,13,16,21,20,25,21,8,7,12,16,21,19,23,25,4,8,9,16,19,21,21,25,8,7,13,16,14,21,17,25,-,-,-,-,-,-,-,-,70,24,36,87,8,2,89,6,0.51 ,0.26 ,139,8,12,51,0.37 ,-,17
2025/2026,A2,Regular_Season_GroupB,1st,8,-,4103,29/3/2026 ,18:00,-,-,O,Nuvolì Altafratte Padova,Alta Fratte Volley Padova,3,1,8,7,16,13,20,21,21,25,7,8,16,12,19,21,25,23,8,4,16,9,21,19,25,21,7,8,16,13,21,14,25,17,-,-,-,-,-,-,-,-,80,35,42,95,6,1,79,5,0.66 ,0.16 ,137,10,17,67,0.49 ,-,12
2025/2026,A2,Regular_Season_GroupB,1st,9,-,4105,1/4/2026 ,20:00,-,-,C,Valsabbina Millenium Brescia,Millenium Brescia,2,3,8,7,16,12,21,15,25,20,6,8,12,16,20,21,27,25,5,8,11,16,17,21,23,25,8,6,14,16,17,21,20,25,3,5,7,10,8,12,11,15,83,31,36,106,13,5,96,11,0.68 ,0.52 ,185,11,12,65,0.35 ,-,13
2025/2026,A2,Regular_Season_GroupB,2nd,1,-,4105,1/4/2026 ,20:00,-,-,O,Itas Trentino,Trentino Volley,3,2,7,8,12,16,15,21,20,25,8,6,16,12,21,20,25,27,8,5,16,11,21,17,25,23,6,8,16,14,21,17,25,20,5,3,10,7,12,8,15,11,82,36,38,109,13,10,93,9,0.58 ,0.33 ,163,9,13,60,0.37 ,-,12
2025/2026,A2,Regular_Season_GroupB,2nd,2,-,4106,1/4/2026 ,20:00,-,-,C,C.B.L. Costa Volpino,Pallavolo C.B.L Costa Volpino,2,3,8,6,16,9,21,12,25,13,7,8,10,16,18,21,20,25,7,8,12,16,16,21,18,25,8,5,16,10,21,11,25,13,5,3,8,10,10,12,12,15,86,33,52,100,5,5,89,6,0.56 ,0.46 ,184,9,14,71,0.39 ,-,10
2025/2026,A2,Regular_Season_GroupB,2nd,3,-,4106,1/4/2026 ,20:00,-,-,O,SMI Roma Volley,Roma Volley Club,3,2,6,8,9,16,12,21,13,25,8,7,16,10,21,18,25,20,8,7,16,12,21,16,25,18,5,8,10,16,11,21,13,25,3,5,10,8,12,10,15,12,74,22,48,91,2,3,95,7,0.71 ,0.51 ,168,7,10,58,0.35 ,-,13
2025/2026,A2,Regular_Season_GroupB,2nd,4,-,4108,1/4/2026 ,20:30,-,-,C,Futura Giovani Busto Arsizio,Futura Giovani Busto Arsizio,3,1,6,8,16,15,21,17,23,25,8,5,16,8,21,10,25,12,4,8,14,16,19,21,25,23,7,8,13,16,20,21,25,23,-,-,-,-,-,-,-,-,69,31,40,97,9,4,66,5,0.52 ,0.32 ,145,6,9,60,0.41 ,-,5
2025/2026,A2,Regular_Season_GroupB,2nd,5,-,4108,1/4/2026 ,20:30,-,-,O,Narconon Volley Melendugno,Narconon Volley Melendugno,1,3,8,6,15,16,17,21,25,23,5,8,8,16,10,21,12,25,8,4,16,14,21,19,23,25,8,7,16,13,21,20,23,25,-,-,-,-,-,-,-,-,67,25,26,84,18,3,88,9,0.61 ,0.30 ,144,9,5,55,0.38 ,-,9
2025/2026,A2,Regular_Season_GroupB,2nd,6,-,4107,2/4/2026 ,20:00,-,-,C,Nuvolì Altafratte Padova,Alta Fratte Volley Padova,3,0,7,8,16,15,20,21,26,24,8,6,16,11,21,17,25,23,7,8,16,14,21,15,25,18,-,-,-,-,-,-,-,-,-,-,-,-,-,-,-,-,51,25,23,74,10,8,57,3,0.74 ,0.28 ,117,8,7,39,0.33 ,-,4
2025/2026,A2,Regular_Season_GroupB,2nd,7,-,4107,2/4/2026 ,20:00,-,-,O,Olio Pantaleo Volley Fasano,Il Podio Fasano,0,3,8,7,15,16,21,20,24,26,6,8,11,16,17,21,23,25,8,7,14,16,15,21,18,25,-,-,-,-,-,-,-,-,-,-,-,-,-,-,-,-,44,17,5,67,10,2,64,13,0.55 ,0.19 ,111,12,4,35,0.32 ,-,7
2025/2026,A2,Regular_Season_GroupB,2nd,8,-,4109,6/4/2026 ,19:00,-,-,C,Valsabbina Millenium Brescia,Millenium Brescia,3,2,8,7,15,16,20,21,23,25,8,6,15,16,18,21,21,25,8,2,16,12,21,16,25,21,8,6,16,9,21,14,25,18,5,4,10,7,12,7,15,10,82,32,44,108,13,3,86,9,0.64 ,0.43 ,154,9,7,65,0.42 ,-,14
2025/2026,A2,Regular_Season_GroupB,2nd,9,-,4109,6/4/2026 ,19:00,-,-,O,C.B.L. Costa Volpino,Pallavolo C.B.L Costa Volpino,2,3,7,8,16,15,21,20,25,23,6,8,16,15,21,18,25,21,2,8,12,16,16,21,21,25,6,8,9,16,14,21,18,25,4,5,7,10,7,12,10,15,77,24,32,100,14,4,95,5,0.72 ,0.51 ,168,12,14,66,0.39 ,-,7
2025/2026,A1,Regular_Season,1st,1,-,4110,6/4/2026 ,20:00,-,-,C,Nuvolì Altafratte Padova,Alta Fratte Volley Padova,3,1,6,8,16,15,21,20,25,23,8,4,16,12,21,15,25,21,6,8,16,14,17,21,23,25,8,4,16,11,21,15,25,18,-,-,-,-,-,-,-,-,72,37,40,97,10,6,73,10,0.53 ,0.29 ,132,8,4,54,0.41 ,-,12
2025/2026,A1,Regular_Season,1st,2,-,4110,6/4/2026 ,20:00,-,-,O,Futura Giovani Busto Arsizio,Futura Giovani Busto Arsizio,1,3,8,6,15,16,20,21,23,25,4,8,12,16,15,21,21,25,8,6,14,16,21,17,25,23,4,8,11,16,15,21,18,25,-,-,-,-,-,-,-,-,67,30,21,88,15,6,87,11,0.62 ,0.23 ,155,9,11,57,0.37 ,-,4
2025/2026,A1,Regular_Season,1st,3,-,4112,11/4/2026 ,17:00,-,-,C,Futura Giovani Busto Arsizio,Futura Giovani Busto Arsizio,2,3,7,8,16,14,21,17,25,21,8,5,16,11,21,17,25,20,8,6,16,15,20,21,28,30,6,8,13,16,18,21,21,25,3,5,9,10,10,12,13,15,91,33,36,113,18,7,99,6,0.66 ,0.46 ,197,17,14,76,0.39 ,-,8
2025/2026,A1,Regular_Season,1st,4,-,4112,11/4/2026 ,17:00,-,-,O,Nuvolì Altafratte Padova,Alta Fratte Volley Padova,3,2,8,7,14,16,17,21,21,25,5,8,11,16,17,21,20,25,6,8,15,16,21,20,30,28,8,6,16,13,21,18,25,21,5,3,10,9,12,10,15,13,75,28,37,110,11,1,95,14,0.60 ,0.35 ,172,5,8,60,0.35 ,-,14
2025/2026,A1,Regular_Season,1st,5,-,4111,12/4/2026 ,17:00,-,-,C,C.B.L. Costa Volpino,Pallavolo C.B.L Costa Volpino,0,3,4,8,11,16,12,21,16,25,8,4,15,16,16,21,21,25,2,8,6,16,12,21,16,25,-,-,-,-,-,-,-,-,-,-,-,-,-,-,-,-,37,9,9,55,5,3,65,4,0.62 ,0.42 ,107,8,11,30,0.28 ,-,4
2025/2026,A1,Regular_Season,1st,6,-,4111,12/4/2026 ,17:00,-,-,O,Valsabbina Millenium Brescia,Millenium Brescia,3,0,8,4,16,11,21,12,25,16,4,8,16,15,21,16,25,21,8,2,16,6,21,12,25,16,-,-,-,-,-,-,-,-,-,-,-,-,-,-,-,-,60,25,36,73,8,3,50,4,0.60 ,0.48 ,102,8,4,48,0.47 ,-,9
2025/2026,A1,Regular_Season,1st,7,-,4113,20/4/2026 ,20:00,-,-,C,Valsabbina Millenium Brescia,Millenium Brescia,1,3,8,7,15,16,19,21,25,27,8,4,16,14,21,20,24,26,8,4,16,9,21,11,25,17,3,8,12,16,14,21,19,25,-,-,-,-,-,-,-,-,76,31,26,94,14,5,85,14,0.52 ,0.12 ,130,12,10,57,0.44 ,-,14
2025/2026,A1,Regular_Season,1st,8,-,4113,20/4/2026 ,20:00,-,-,O,Nuvolì Altafratte Padova,Alta Fratte Volley Padova,3,1,7,8,16,15,21,19,27,25,4,8,14,16,20,21,26,24,4,8,9,16,11,21,17,25,8,3,16,12,21,14,25,19,-,-,-,-,-,-,-,-,67,27,29,94,9,9,80,7,0.60 ,0.14 ,133,6,14,48,0.36 ,-,10
2025/2026,A1,Regular_Season,1st,9,-,4114,24/4/2026 ,20:00,-,-,C,Nuvolì Altafratte Padova,Alta Fratte Volley Padova,1,3,6,8,16,12,21,20,25,23,8,7,16,14,20,21,24,26,3,8,7,16,13,21,16,25,4,8,11,16,16,21,21,25,-,-,-,-,-,-,-,-,61,23,12,85,6,2,89,12,0.53 ,0.17 ,168,14,16,49,0.29 ,-,10
2025/2026,A1,Regular_Season,1st,10,-,4114,24/4/2026 ,20:00,-,-,O,Valsabbina Millenium Brescia,Millenium Brescia,3,1,8,6,12,16,20,21,23,25,7,8,14,16,21,20,26,24,8,3,16,7,21,13,25,16,8,4,16,11,21,16,25,21,-,-,-,-,-,-,-,-,77,36,36,99,10,5,79,8,0.53 ,0.25 ,157,11,10,56,0.36 ,-,16
2025/2026,A1,Regular_Season,1st,11,-,4115,27/4/2026 ,20:00,3.6,-,C,Valsabbina Millenium Brescia,Millenium Brescia,3,0,8,0,16,10,21,13,25,18,8,6,16,10,21,19,25,22,8,2,16,4,21,7,25,11,-,-,-,-,-,-,-,-,-,-,-,-,-,-,-,-,55,24,32,73,6,3,47,4,0.43 ,0.28 ,107,7,6,44,0.41 ,-,8
2025/2026,A1,Regular_Season,1st,12,-,4115,27/4/2026 ,20:00,3.6,-,O,Nuvolì Altafratte Padova,Alta Fratte Volley Padova,0,3,0,8,10,16,13,21,18,25,6,8,10,16,19,21,22,25,2,8,4,16,7,21,11,25,-,-,-,-,-,-,-,-,-,-,-,-,-,-,-,-,38,14,5,53,6,2,67,5,0.61 ,0.34 ,104,14,8,30,0.29 ,-,6
2025/2026,A1,Regular_Season,1st,13,-,5042,17/12/2025 ,20:00,450,-,C,Valsabbina Millenium Brescia,Millenium Brescia,1,3,6,8,12,16,20,21,24,26,8,5,14,16,19,21,23,25,8,3,16,11,21,20,25,23,5,8,11,16,16,21,22,25,-,-,-,-,-,-,-,-,-,-,-,-,-,-,-,-,-,-,-,-,-,-,-,-,-
2025/2026,A1,Regular_Season,2nd,1,-,5042,17/12/2025 ,20:00,450,-,O,Narconon Volley Melendugno,Narconon Volley Melendugno,3,1,8,6,16,12,21,20,26,24,5,8,16,14,21,19,25,23,3,8,11,16,20,21,23,25,8,5,16,11,21,16,25,22,-,-,-,-,-,-,-,-,-,-,-,-,-,-,-,-,-,-,-,-,-,-,-,-,-
2025/2026,A1,Regular_Season,2nd,2,-,5043,17/12/2025 ,20:00,-,-,C,Cda Volley Talmassons Fvg,Volley Talmassons,3,0,6,8,16,13,21,19,25,22,8,7,16,13,21,15,25,20,7,8,16,14,21,18,25,19,-,-,-,-,-,-,-,-,-,-,-,-,-,-,-,-,-,-,-,-,-,-,-,-,-,-,-,-,-,-,-,-,-
2025/2026,A1,Regular_Season,2nd,3,-,5043,17/12/2025 ,20:00,-,-,O,Itas Trentino,Trentino Volley,0,3,8,6,13,16,19,21,22,25,7,8,13,16,15,21,20,25,8,7,14,16,18,21,19,25,-,-,-,-,-,-,-,-,-,-,-,-,-,-,-,-,-,-,-,-,-,-,-,-,-,-,-,-,-,-,-,-,-
2025/2026,A1,Regular_Season,2nd,4,-,5041,17/12/2025 ,20:30,-,-,C,C.B.L. Costa Volpino,Pallavolo C.B.L Costa Volpino,3,0,8,7,16,13,20,21,25,22,6,8,16,14,21,16,25,18,5,8,16,14,21,18,25,21,-,-,-,-,-,-,-,-,-,-,-,-,-,-,-,-,-,-,-,-,-,-,-,-,-,-,-,-,-,-,-,-,-
2025/2026,A1,Regular_Season,2nd,5,-,5041,17/12/2025 ,20:30,-,-,O,Tenaglia Abruzzo Altino Volley,Tenaglia Altino Volley,0,3,7,8,13,16,21,20,22,25,8,6,14,16,16,21,18,25,8,5,14,16,18,21,21,25,-,-,-,-,-,-,-,-,-,-,-,-,-,-,-,-,-,-,-,-,-,-,-,-,-,-,-,-,-,-,-,-,-
2025/2026,A1,Regular_Season,2nd,6,-,5044,7/1/2026 ,20:30,-,-,C,SMI Roma Volley,Roma Volley Club,1,3,8,6,16,14,21,20,29,31,7,8,16,14,21,19,25,23,7,8,13,16,20,21,23,25,5,8,12,16,14,21,21,25,-,-,-,-,-,-,-,-,66,19,27,99,11,2,90,8,58-,38-,169,6,14,57,34-,-,7
2025/2026,A1,Regular_Season,2nd,7,-,5044,7/1/2026 ,20:30,-,-,O,Nuvolì Altafratte Padova,Alta Fratte Volley Padova,3,1,6,8,14,16,20,21,31,29,8,7,14,16,19,21,23,25,8,7,16,13,21,20,25,23,8,5,16,12,21,14,25,21,-,-,-,-,-,-,-,-,84,31,44,103,13,2,88,7,49-,35-,177,13,7,68,38-,-,14
2025/2026,A1,Regular_Season,2nd,8,-,5045,14/1/2026 ,20:30,-,-,C,C.B.L. Costa Volpino,Pallavolo C.B.L Costa Volpino,3,2,3,8,12,16,16,21,21,25,8,7,16,14,21,17,25,19,6,8,16,13,19,21,25,21,8,4,16,11,21,20,22,25,5,2,10,7,12,9,15,9,83,36,40,108,7,4,86,12,60-,35-,178,10,14,66,37-,-,13
2025/2026,A1,Regular_Season,2nd,9,-,5045,14/1/2026 ,20:30,-,-,O,Narconon Volley Melendugno,Narconon Volley Melendugno,2,3,8,3,16,12,21,16,25,21,7,8,14,16,17,21,19,25,8,6,13,16,21,19,21,25,4,8,11,16,20,21,25,22,2,5,7,10,9,12,9,15,80,29,35,98,12,5,101,9,62-,40-,165,11,13,61,37-,-,14
2025/2026,A1,Regular_Season,2nd,10,-,5046,14/1/2026 ,20:30,-,-,C,Cda Volley Talmassons Fvg,Volley Talmassons,3,0,6,8,14,16,18,21,26,24,8,4,16,12,21,17,25,21,8,4,16,9,21,12,25,16,-,-,-,-,-,-,-,-,-,-,-,-,-,-,-,-,57,27,30,74,8,4,54,7,69-,17-,94,6,6,39,41-,-,14
2025/2026,A1,Regular_Season,2nd,11,-,5046,14/1/2026 ,20:30,-,-,O,Nuvolì Altafratte Padova,Alta Fratte Volley Padova,0,3,8,6,16,14,21,18,24,26,4,8,12,16,17,21,21,25,4,8,9,16,12,21,16,25,-,-,-,-,-,-,-,-,-,-,-,-,-,-,-,-,44,15,4,63,9,3,66,7,64-,17-,101,10,14,35,35-,-,6
2025/2026,A1,Regular_Season,2nd,12,-,5047,14/2/2026 ,17:00,1.861,-,C,Cda Volley Talmassons Fvg,Volley Talmassons,1,3,8,7,11,16,13,21,23,25,5,8,16,14,21,19,26,24,8,5,16,14,21,20,26,28,6,8,16,15,21,20,24,26,-,-,-,-,-,-,-,-,73,24,30,97,14,3,91,10,64-,14-,140,12,7,57,41-,-,13
2025/2026,A1,Regular_Season,2nd,13,-,5047,14/2/2026 ,17:00,1.861,-,O,C.B.L. Costa Volpino,Pallavolo C.B.L Costa Volpino,3,1,7,8,16,11,21,13,25,23,8,5,14,16,19,21,24,26,5,8,14,16,20,21,28,26,8,6,15,16,20,21,26,24,-,-,-,-,-,-,-,-,74,28,37,101,10,4,83,5,55-,4-,153,9,13,63,41-,-,7
,,,,,,,,,,,,,,,,,,,,,,,,,,,,,,,,,,,,,,,,,,,,,,,,,,,,,,,,,,,,,,,,,,,,,,,,
,,,,,,,,,,,,,,,,,,,,,,,,,,,,,,,,,,,,,,,,,,,,,,,,,,,,,,,,,,,,,,,,,,,,,,,,
,,,,,,,,,,,,,,,,,,,,,,,,,,,,,,,,,,,,,,,,,,,,,,,,,,,,,,,,,,,,,,,,,,,,,,,,
,,,,,,,,,,,,,,,,,,,,,,,,,,,,,,,,,,,,,,,,,,,,,,,,,,,,,,,,,,,,,,,,,,,,,,,,
,,,,,,,,,,,,,,,,,,,,,,,,,,,,,,,,,,,,,,,,,,,,,,,,,,,,,,,,,,,,,,,,,,,,,,,,
,,,,,,,,,,,,,,,,,,,,,,,,,,,,,,,,,,,,,,,,,,,,,,,,,,,,,,,,,,,,,,,,,,,,,,,,
,,,,,,,,,,,,,,,,,,,,,,,,,,,,,,,,,,,,,,,,,,,,,,,,,,,,,,,,,,,,,,,,,,,,,,,,
,,,,,,,,,,,,,,,,,,,,,,,,,,,,,,,,,,,,,,,,,,,,,,,,,,,,,,,,,,,,,,,,,,,,,,,,
,,,,,,,,,,,,,,,,,,,,,,,,,,,,,,,,,,,,,,,,,,,,,,,,,,,,,,,,,,,,,,,,,,,,,,,,
